Date,vix,vol20,vol60,vix_chg5,mom20,corr60,spread,unrate,target,spy_ret,ief_ret
2010-03-31,17.59000015258789,0.07570375482690832,0.140729607506141,0.0022792545450869284,0.04614299924228771,-0.41918192931180953,2.82,9.9,0,-0.003407145594796046,0.0023520382268107376
2010-04-01,17.469999313354492,0.07739906450840549,0.14124607100183506,-0.05054349589438012,0.05011574426112686,-0.43378694412541396,2.84,9.9,0,0.006837414260007391,-0.002073288431954201
2010-04-05,17.020000457763672,0.06736324260502424,0.14206679679371226,-0.04220596402248977,0.043755478750169274,-0.44779964954632717,2.83,9.9,0,0.008149212289074947,-0.008982411779370092
2010-04-06,16.229999542236328,0.06695803765253171,0.14192817829573504,-0.07731669121966867,0.04603288878054013,-0.4433550328687517,2.84,9.9,1,0.0023576050419844563,0.002945977087243312
2010-04-07,16.6200008392334,0.07270338063751026,0.14244918825523942,-0.02977223272148599,0.03833125869523979,-0.45330483140845934,2.83,9.9,1,-0.005712267128206827,0.006213666775337634
2010-04-08,16.479999542236328,0.07232388112965862,0.142558370415723,-0.0631040705356819,0.037306078871569115,-0.4545942906773401,2.8200000000000003,9.9,1,0.003463935442140853,-0.0011231262876302273
2010-04-09,16.139999389648438,0.07382976622806771,0.14150802936180504,-0.07613050806987554,0.03977710267212364,-0.4312673828630804,2.82,9.9,1,0.0065672569274899395,0.0011243891186067945
2010-04-12,15.579999923706055,0.07351531978771053,0.1406516471560503,-0.08460637457860709,0.04133981176195456,-0.4179490093023655,2.8,9.9,1,0.0015895231625879802,0.002693873595426055
2010-04-13,16.200000762939453,0.07337815944836978,0.14059777315353428,-0.001848353674860359,0.04185192559065154,-0.42799977260121375,2.7699999999999996,9.9,1,0.0007518174646561349,0.0019038307063052873
2010-04-14,15.59000015258789,0.07783579870429058,0.1399593259573958,-0.06197356405747434,0.04534887295930079,-0.419475076304312,2.8099999999999996,9.9,1,0.0113492963859958,-0.0026820187845588705
2010-04-15,15.890000343322754,0.07672173357669286,0.13795846320447985,-0.035800923258612616,0.04004690635569452,-0.4143322706390981,2.82,9.9,1,0.0008251065675366487,0.0016811135226399987
2010-04-16,18.360000610351562,0.09945301548260403,0.1404219133032484,0.13754654923512244,0.02402242915811459,-0.43457011920145006,2.81,9.9,1,-0.015912005822474318,0.006039959406023199
2010-04-19,17.34000015258789,0.09698078812389599,0.13411693132282856,0.11296535542364627,0.033111839354475814,-0.4190409973017142,2.8200000000000003,9.9,1,0.0037696925363932543,-0.0024455035734530783
2010-04-20,15.729999542236328,0.0995935380963634,0.12568478878045491,-0.02901241966471635,0.036795715580249855,-0.43240826421279965,2.7699999999999996,9.9,1,0.00893093405348111,0.00044564410109115826
2010-04-21,16.31999969482422,0.09840639349193893,0.1257039966477822,0.04682485792760893,0.027680814850122193,-0.4330830945059063,2.74,9.9,1,-0.0018199401731631148,0.003231441175465699
2010-04-22,16.469999313354492,0.09571142430869756,0.12513211512567604,0.03650087838264038,0.03577537266266684,-0.429278129535609,2.7299999999999995,9.9,1,0.0029834984342735904,-0.0023318596198692587
2010-04-23,16.6200008392334,0.09624163645294886,0.12536342235102316,-0.09477122621320255,0.044235137830276994,-0.43163493738824604,2.7399999999999998,9.9,1,0.0065278934109693765,-0.0027833303398192566
2010-04-26,17.469999313354492,0.09810272121501912,0.12284316650440763,0.007497068028987197,0.04091610216085928,-0.44558474702957995,2.74,9.9,1,-0.00377607173494221,0.0006698929706190349
2010-04-27,22.809999465942383,0.13237620278325285,0.13106023350407928,0.4500953674344159,0.009887984303451391,-0.5034354327546227,2.6799999999999997,9.9,1,-0.023650677093466688,0.009370701460737818
2010-04-28,21.079999923706055,0.13473877374497528,0.12846838582080677,0.2916666861453092,0.016865327445375167,-0.49878152236610246,2.7699999999999996,9.9,1,0.007596155082345124,-0.005083976215156549
2010-04-29,18.440000534057617,0.13967208232053893,0.1285726689278251,0.11961149379683178,0.032991578344930605,-0.49811113272054336,2.75,9.9,1,0.012397608467590526,0.0016660617517512133
2010-04-30,22.049999237060547,0.15289702611996828,0.13344951523057808,0.32671468854616537,0.008573594755691305,-0.5528790909832118,2.7199999999999998,9.9,1,-0.016962333941060503,0.0060997810982001965
2010-05-03,20.190000534057617,0.15700174161376385,0.11743497140665903,0.155695553955969,0.013388378320533967,-0.5043276100146031,2.72,9.9,1,0.012961969913781735,-0.002620518909657199
2010-05-04,23.84000015258789,0.1787571160857351,0.12867199753034173,0.045155664654153105,-0.012768361263830408,-0.5461047959923252,2.67,9.9,1,-0.023514417379410735,0.006761781468002992
2010-05-05,24.90999984741211,0.1788521844796287,0.12832285534779056,0.18168880159240097,-0.013010906669272626,-0.5646842186525133,2.7,9.9,1,-0.0059565460915556034,0.0038536000936326698
2010-05-06,32.79999923706055,0.21210896748541155,0.14503667066411152,0.7787417726198456,-0.04908624840681386,-0.6206418173480829,2.66,9.9,1,-0.03321357663675217,0.01096878678165436
2010-05-07,40.95000076293945,0.21369866054379083,0.14852674108289468,0.8571429560012283,-0.06934297982121873,-0.5870139242772213,2.62,9.9,1,-0.014875026917867129,-0.0027124739807181664
2010-05-10,28.84000015258789,0.27222190682166375,0.1719828290978726,0.42842988557325556,-0.02989808018131135,-0.6185233394580703,2.6999999999999997,9.9,1,0.044040820864013286,-0.007615856453767722
2010-05-11,28.31999969482422,0.27214791411332406,0.17213938892539937,0.18791944268297378,-0.033380532734319845,-0.6186777901660717,2.71,9.9,1,-0.0028406614805551733,0.0012070804652921652
2010-05-12,25.520000457763672,0.27396107707182776,0.17154860957781407,0.024488182018794102,-0.030860678238101236,-0.6439973841909876,2.67,9.9,1,0.013985755880190354,-0.002518405127227674
2010-05-13,26.68000030517578,0.27654553345340355,0.1736564033007336,-0.1865853376292098,-0.04369668847192121,-0.6496870801682232,2.6799999999999997,9.9,1,-0.012430574036578879,0.0027440329539529795
2010-05-14,31.239999771118164,0.2781048027915238,0.1776696228301486,-0.2371184569209832,-0.04582793836553978,-0.6631402090304095,2.65,9.9,1,-0.01810517759927266,0.006458846559339149
2010-05-17,30.84000015258789,0.27741930901301504,0.17764206169296065,0.0693481272336447,-0.04891061590304657,-0.6605933004976345,2.66,9.9,1,0.0005267781728020005,-0.002176329684067113
2010-05-18,33.54999923706055,0.2767860836095016,0.1799935512985387,0.18467512706902212,-0.07015246031313993,-0.6720583155347811,2.62,9.9,1,-0.013602756554413897,0.00730377753992939
2010-05-19,35.31999969482422,0.2768182702871197,0.17856583832446576,0.38401250240100215,-0.07376066569129969,-0.6622971633515425,2.5599999999999996,9.9,1,-0.005693304898580331,0.0008655867004816464
2010-05-20,45.790000915527344,0.3005709284380312,0.1939780573670026,0.7162668812505344,-0.11138652368782176,-0.6981305815501466,2.49,9.9,1,-0.037759874565652884,0.0097306050467163
2010-05-21,40.099998474121094,0.30624381712040477,0.19636882308166967,0.2836107160024415,-0.10426101288257783,-0.692243922417098,2.4400000000000004,9.9,1,0.014598922684623705,0.0005356643781906367
2010-05-24,38.31999969482422,0.30732561037271755,0.19808740228157842,0.24254213700477734,-0.11240249456588824,-0.6838853892127483,2.46,9.9,1,-0.012830873391557196,0.0
2010-05-25,34.61000061035156,0.30068963935134096,0.19685241538610979,0.031594676524466125,-0.08997313014523434,-0.6857256836115282,2.37,9.9,1,0.001021423302555391,0.0034249960789820566
2010-05-26,35.02000045776367,0.2972703670726784,0.19705900000346951,-0.008493749707039422,-0.10227852606380572,-0.6777174826690192,2.39,9.9,1,-0.006028574060319869,-0.0020274442992401775
2010-05-27,29.68000030517578,0.32223808597183706,0.20909007359991694,-0.3518235485531226,-0.083567900210751,-0.7095597968138406,2.4699999999999998,9.9,1,0.03349835454143446,-0.009510627219551426
2010-05-28,32.06999969482422,0.32028758916141,0.21053450403448806,-0.20024935373698605,-0.07945449177860697,-0.7156848569615469,2.55,9.9,1,-0.012549966210148367,0.004530737878119195
2010-06-01,35.540000915527344,0.31687478045820566,0.21095721996131958,-0.07254694158237063,-0.1065225948287537,-0.7031692274133191,2.51,9.4,1,-0.01682358521915539,0.0012926145908502829
2010-06-02,30.170000076293945,0.32798638518308415,0.21803675868532496,-0.12828663553185982,-0.06118140324384369,-0.7179258844752294,2.5300000000000002,9.4,1,0.02603918031119523,-0.005700189632844244
2010-06-03,29.459999084472656,0.32854045720365727,0.2181401033118341,-0.1587664563281982,-0.05230296213103758,-0.720869003776427,2.5700000000000003,9.4,1,0.0034441584743647446,-0.0014070411451838627
2010-06-04,35.47999954223633,0.33098841617370517,0.22919144522309795,0.1954177620425801,-0.05418819534077013,-0.7504390691176837,2.4800000000000004,9.4,1,-0.03513678394796349,0.013868545270895982
2010-06-07,36.56999969482422,0.32990373434511383,0.23010229487769324,0.14031805559157062,-0.05186066391769961,-0.752038937998784,2.4299999999999997,9.4,1,-0.012450750418879886,0.004059572237140152
2010-06-08,33.70000076293945,0.28587786897553724,0.23140843284892318,-0.051772653494333465,-0.08212828435638608,-0.7552932497189921,2.4400000000000004,9.4,1,0.010711720292171156,-0.003086610776429688
2010-06-09,33.72999954223633,0.2858673199344697,0.2315472961915374,0.11799799326946814,-0.08443415625503281,-0.7539084674950338,2.46,9.4,1,-0.005345719276733996,0.0001077189674685286
2010-06-10,30.56999969482422,0.3033508395110331,0.2391379752399112,0.037678229628208104,-0.07066866633500257,-0.7823903975016899,2.54,9.4,1,0.029230984606209764,-0.00928703862305047
2010-06-11,28.790000915527344,0.3027947420523908,0.2390175584696185,-0.1885568972103574,-0.05440141857743552,-0.7675619760132362,2.49,9.4,1,0.004856087833079226,0.006356672735336799
2010-06-14,28.579999923706055,0.29721658706421294,0.23901963477690533,-0.21848509263862514,-0.03845810566538865,-0.769314046432307,2.51,9.4,1,-0.0015498900726115261,-0.0008552980445932779
2010-06-15,25.8700008392334,0.30970918341864234,0.24370978209575964,-0.23234420612586038,-0.01711279175101177,-0.7734005793441648,2.53,9.4,1,0.02273751936428936,-0.003108704558782316
2010-06-16,25.920000076293945,0.3059256300681198,0.243409089172561,-0.23154460634257612,-0.00391458190568561,-0.7784048978243538,2.52,9.4,1,-0.0003574139549930022,0.002795234712598127
2010-06-17,25.049999237060547,0.30522660532716633,0.24293973173316114,-0.18056920225283024,0.0033996335319534943,-0.7710574651890901,2.49,9.4,1,0.0016078494471707394,0.004716137967736733
2010-06-18,23.950000762939453,0.2700211085457124,0.2428055393157887,-0.16811392840135442,0.04390517192211396,-0.8130500345720213,2.5,9.4,1,0.001084124414233667,-0.0020267126960834547
2010-06-21,24.8799991607666,0.26655380772587556,0.24284217602111818,-0.12946118869197198,0.02593835004664191,-0.8187086634991906,2.5199999999999996,9.4,1,-0.002863504563778263,-0.0007482366390291206
2010-06-22,27.049999237060547,0.2694710777466515,0.2450308986606871,0.0456126153671248,0.022108336865669154,-0.8225682350886174,2.47,9.4,1,-0.016516154058361154,0.0059906074796349795
2010-06-23,26.90999984741211,0.2699108056474336,0.24461252148685128,0.03819443550170365,0.01789726154738136,-0.8209079923952083,2.4699999999999998,9.4,1,-0.0031027741594016334,0.0037228432345501883
2010-06-24,29.739999771118164,0.2760875876748488,0.24665430115212572,0.18722557592412747,0.007101562472610068,-0.8062729614469021,2.47,9.4,1,-0.01657051852635938,-0.0008474510025717752
2010-06-25,28.530000686645508,0.24777170081910893,0.24686593047775832,0.19123172349928308,-0.021459191660200716,-0.8047038213992177,2.47,9.4,1,0.004189004322324719,0.0015899156616414611
2010-06-28,29.0,0.24416479179435605,0.24633280726401371,0.16559489462243437,-0.0121460651237294,-0.7959142170911963,2.4299999999999997,9.4,1,-0.0031520473551032158,0.0070932373018128825
2010-06-29,34.130001068115234,0.2611301871192786,0.2528214341913733,0.26173759817909903,-0.026264129817963666,-0.8007388932750806,2.3600000000000003,9.4,1,-0.03087480042382007,0.0043107140514815345
2010-06-30,34.540000915527344,0.24170905699492512,0.2531217862866807,0.2835377596202031,-0.059991773413029414,-0.8021212818192767,2.3600000000000003,9.4,1,-0.009500112065535138,0.001465982238764374
2010-07-01,32.86000061035156,0.2405490516269257,0.25305979419728936,0.10490924220730391,-0.06739286306892567,-0.8038124631823553,2.33,9.4,1,-0.004456389596920629,-0.00043989935955457415
2010-07-02,30.1200008392334,0.20965428471930944,0.25287465778261325,0.0557308136810577,-0.038698751084334515,-0.7978953604358803,2.37,9.4,1,-0.005450228832895698,-0.0017829494215313435
2010-07-06,29.649999618530273,0.20780170997859582,0.25287296464976156,0.022413779949319812,-0.020197236198077118,-0.7949160424142304,2.33,9.4,1,0.006555941981288171,0.002415912470681958
2010-07-07,26.84000015258789,0.23462310385626745,0.26209619667018147,-0.21359509778444674,-4.809785370230024e-05,-0.7951774348082942,2.37,9.4,1,0.03149648538042826,-0.0031433441108587035
2010-07-08,25.709999084472656,0.23616285525014516,0.26314413000201187,-0.2556456744934592,0.015274383523525392,-0.7977062118018756,2.41,9.4,1,0.009895585490474978,-0.002417575793076887
2010-07-09,24.979999542236328,0.21298679732416612,0.26244423301343056,-0.23980526237826283,-0.006196452179220158,-0.7966346622543481,2.44,9.4,1,0.007464997273837648,-0.0026343663667635075
2010-07-12,24.43000030517578,0.21217750444934086,0.26243718341860645,-0.18891103504373064,-0.010357969055157734,-0.7966686667519648,2.43,9.4,1,0.0006482888404355514,0.0016909964612765727
2010-07-13,24.559999465942383,0.21912509610884753,0.2629636986881156,-0.1716694845893626,0.006133980018223184,-0.7975957998368848,2.48,9.4,1,0.015088841762083582,-0.004957033526711063
2010-07-14,24.889999389648438,0.20261607398516804,0.262771152399415,-0.07265278509141271,-0.016324170649115288,-0.7923490792155894,2.4499999999999997,9.4,1,-9.124276797378705e-05,0.004981728120023066
2010-07-15,25.139999389648438,0.20264446865821162,0.2619344224029863,-0.022170350646510295,-0.015703266110285052,-0.7872893501577228,2.39,9.4,1,0.0002735689362840521,0.005166567624904639
2010-07-16,26.25,0.223542112569979,0.2673530884406901,0.05084069179490358,-0.0443419744231035,-0.7913696130207275,2.35,9.4,1,-0.027534536234422813,0.005771173154723197
2010-07-19,25.969999313354492,0.22512310678906935,0.26764502650345584,0.06303720789771927,-0.0397386337475808,-0.792517690895943,2.3800000000000003,9.4,1,0.0059062795640889565,-0.0026075820932859317
2010-07-20,23.93000030517578,0.22975772298288755,0.2684129237651728,-0.02565143218509547,-0.026299314844000388,-0.7884523680563883,2.37,9.4,1,0.011091899478836709,0.0010456918322740982
2010-07-21,25.639999389648438,0.22697617194898037,0.2693796939245683,0.03013258410572406,-0.022816154497085517,-0.7903832594589877,2.32,9.4,1,-0.012997997004310702,0.00637297278840343
2010-07-22,24.6299991607666,0.24141752814586376,0.26997407924938843,-0.020286405778189187,0.0021054573677037336,-0.7905000155370421,2.36,9.4,0,0.02232159797468536,-0.005503261241779467
2010-07-23,23.469999313354492,0.23467592590671196,0.2701321655511996,-0.105904788062686,0.027834961339939346,-0.7934074297079985,2.42,9.4,0,0.008679471446208398,-0.0032355692324377294
2010-07-26,22.729999542236328,0.23666231745782715,0.26974001074358495,-0.12475933218265689,0.034207893272999446,-0.7990429537985014,2.4099999999999997,9.4,0,0.010415323150914313,-0.000313828906464364
2010-07-27,23.190000534057617,0.2360631609725967,0.2677142487334158,-0.0309235169946116,0.03738539907387817,-0.790486832298579,2.43,9.4,0,-8.932643339487623e-05,-0.0034577365707878505
2010-07-28,24.25,0.20489445858984007,0.2663953942549734,-0.054212145972578174,0.06352530144950053,-0.7881421444080444,2.42,9.4,0,-0.006454909678015541,0.004311029872431371
2010-07-29,24.1299991607666,0.20173510370675768,0.2624222899573884,-0.02030044730153524,0.06849433504984237,-0.7824725553549512,2.44,9.4,0,-0.004872269909290017,0.0020934751789920547
2010-07-30,23.5,0.200092511593659,0.26220858344399806,0.0012782568182025944,0.07308273460154213,-0.7746593834001232,2.3899999999999997,9.4,1,-0.00018125990663742098,0.005848942155587622
2010-08-02,22.010000228881836,0.20785064819504656,0.25759371578696233,-0.031676169285292155,0.1033275356287866,-0.7604721060534485,2.43,9.4,0,0.022581123243428536,-0.003091211994253218
2010-08-03,22.6299991607666,0.21061423286949815,0.25589942166711244,-0.02414839846461314,0.09089181715450323,-0.7816635961862015,2.41,9.4,0,-0.004789053877954141,0.004699332245247323
2010-08-04,22.209999084472656,0.1852274041864091,0.23958966830462566,-0.08412374909391107,0.06464976791907429,-0.7655494517436516,2.42,9.4,1,0.006683226054557734,-0.004158294349791314
2010-08-05,22.100000381469727,0.1840557037322655,0.2395359747585273,-0.08412759427681571,0.05309768149351246,-0.761701060309654,2.41,9.4,1,-0.0010623853238915792,0.004802570023958674
2010-08-06,21.739999771118164,0.18461295387303767,0.2378071750133537,-0.07489362676092914,0.04103392193591304,-0.7540161203578406,2.36,9.4,1,-0.004076017110100971,0.006545283448786909
2010-08-09,22.139999389648438,0.1848820309769649,0.2367997647407396,0.005906367987948302,0.04591345856988727,-0.754573804502209,2.32,9.4,1,0.0053385298404988735,-0.00020609961273321264
2010-08-10,22.3700008392334,0.18035011927916772,0.2341238321342316,-0.01148909991936542,0.0248036552405837,-0.7481378525744358,2.27,9.4,1,-0.005398824436100735,0.005058838526331266
2010-08-11,25.389999389648438,0.2071865427114036,0.240742187888623,0.14317876795406836,-0.0031919448327224487,-0.7542493280843605,2.18,9.4,1,-0.027406763681775304,0.00564891075093521
2010-08-12,25.729999542236328,0.20828612258379395,0.2394891198714944,0.16425335285560716,-0.009573307711382206,-0.7403228605054221,2.1900000000000004,9.4,1,-0.006129979458239343,-0.0025528225689094297
2010-08-13,26.239999771118164,0.18248813657554025,0.23929475791445506,0.2069917225104252,0.015469314749902985,-0.7401236287566862,2.14,9.4,1,-0.002946057697514215,0.0043010358119754954
2010-08-16,26.100000381469727,0.1815364403484409,0.22622905748097094,0.17886183834642688,0.009041252675877853,-0.7085472270530505,2.0700000000000003,9.4,1,-0.00046124716642792496,0.0072397496858527255
2010-08-17,24.329999923706055,0.18250557330746903,0.22565295051840326,0.08761730044440275,0.010232057378154247,-0.7168210807229605,2.12,9.4,1,0.012285124220778654,-0.005061576965579961
2010-08-18,24.59000015258789,0.17533136288008153,0.22401678425995655,-0.03150843860936481,0.025403746114512904,-0.7253539092380109,2.13,9.4,1,0.0018248222303871575,-0.0010179046451000984
2010-08-19,26.440000534057617,0.1687718897426254,0.22699247210513634,0.02759428699778277,-0.01443430024589154,-0.7307063926106155,2.09,9.4,0,-0.01739670359158374,0.004481409285925109
2010-08-20,25.489999771118164,0.16527947420396197,0.22673833538825386,-0.02858231732248373,-0.026085129734991996,-0.7299603905414973,2.13,9.4,0,-0.0032445966640228807,-0.0032444471974590883
2010-08-23,25.65999984741211,0.15955601065890268,0.21599856681045373,-0.01685825776347516,-0.039799184031115264,-0.7021641278710063,2.1100000000000003,9.4,0,-0.0038127074772208447,0.0013226008617657214
2010-08-24,27.459999084472656,0.16571258994996974,0.21660037483818065,0.1286477258767631,-0.05396695532735718,-0.7056158709901624,2.0,9.4,0,-0.014843017019950056,0.007923588283940353
2010-08-25,26.700000762939453,0.16668202762533346,0.21404655783926524,0.08580726300359554,-0.04412126789724102,-0.710093644327427,2.01,9.4,0,0.0038852517593914726,-0.004534753680326187
2010-08-26,27.3700008392334,0.1671966722560548,0.20739613825528336,0.03517398965169605,-0.0458788250949117,-0.6969588333851958,1.99,9.4,0,-0.00670199354041956,0.004555411348705185
2010-08-27,24.450000762939453,0.17868038765446137,0.20986017213967842,-0.04080027530471375,-0.03092416508860385,-0.6991618422023392,2.1,9.4,0,0.015489652467274295,-0.011490058876515996
2010-08-30,27.209999084472656,0.15986705903260198,0.19927681782529266,0.0604052707045073,-0.06606960122707906,-0.6662746352218398,2.04,9.4,0,-0.014504787134935415,0.007647827513822092
2010-08-31,26.049999237060547,0.16020407525207284,0.1976023145054281,-0.05134741057618597,-0.061575435426943104,-0.6595753042195015,2.0,9.4,0,0.0,0.004451946997780842
2010-09-01,23.889999389648438,0.19623113209840237,0.20574505519830866,-0.10524349411972289,-0.039921980211093944,-0.6777475997454164,2.08,9.5,0,0.029911699577984896,-0.007200799934237723
2010-09-02,23.190000534057617,0.20027611668658016,0.20617495857523072,-0.15272196481572553,-0.029951005758475757,-0.6834263708323223,2.13,9.5,0,0.009312168858574665,-0.004170841304756423
2010-09-03,21.309999465942383,0.20635369425814204,0.19913411121615657,-0.12842540691273052,-0.013346774229808789,-0.6619777044481151,2.2,9.5,0,0.012971114009070916,-0.0057210102887560454
2010-09-07,23.799999237060547,0.20843579697013112,0.20033902142871018,-0.1253215715599939,-0.02964858668281023,-0.6840042910945243,2.12,9.5,0,-0.011272007415326635,0.007911126370952148
2010-09-08,23.25,0.20995080276719028,0.20079799256534112,-0.10748557846700713,-0.01752934245225346,-0.6878673198823231,2.14,9.5,0,0.007023288206010392,-0.00275155093003121
2010-09-09,22.809999465942383,0.1854726731913545,0.19551200380154576,-0.04520719762655245,0.014821691692353589,-0.6743324220492759,2.2,9.5,0,0.004619024320362097,-0.007871018435370525
2010-09-10,21.989999771118164,0.18417264504831596,0.19578443341709695,-0.05174647413988165,0.026235962614234776,-0.6760817816380502,2.23,9.5,0,0.005048636222197311,-0.0028850770967805417
2010-09-13,21.209999084472656,0.1865660555736748,0.19706811242318817,-0.004692650585446878,0.04071721648206039,-0.6604511276512686,2.21,9.5,0,0.011123407595455825,0.004752848009983435
2010-09-14,21.559999465942383,0.18659570095973602,0.19706794392581772,-0.09411764045900106,0.04055022688372878,-0.6582795693125042,2.18,9.5,0,-0.0006216294222504137,0.005039043090002027
2010-09-15,22.100000381469727,0.1828209490421178,0.19709817015931647,-0.049462349184097754,0.03184599300873692,-0.6600012018369971,2.24,9.5,0,0.003817328777803386,-0.0034787886866385342
2010-09-16,21.719999313354492,0.1829421601335273,0.19395651467750988,-0.04778606655451134,0.029692990955106024,-0.6459499453538381,2.29,9.5,0,-0.0002655390388862644,-0.003491485634654623
2010-09-17,22.010000228881836,0.168897775228889,0.19380424583658531,0.0009095251465141008,0.04831519495779202,-0.6448866390421178,2.27,9.5,0,0.0003738738525305152,0.0022678104042610503
2010-09-20,21.5,0.17341345902145017,0.19270697273809184,0.013672839606091669,0.06780876515742729,-0.6453104585920744,2.25,9.5,0,0.015290211874718018,0.0030837206754057433
2010-09-21,22.350000381469727,0.17254441485879674,0.1927130640381896,0.03664197287088444,0.06973705464061397,-0.6365167151179674,2.1799999999999997,9.5,0,-0.002013754760090025,0.009325891569490263
2010-09-22,22.510000228881836,0.1618651052986352,0.19291199736512613,0.01855202897443764,0.08051908449876688,-0.6386302953043089,2.12,9.5,0,-0.004913481570673617,0.0015238469641785102
2010-09-23,23.8700008392334,0.16741423626367238,0.18216286515809618,0.09898718203720125,0.06760655421787898,-0.6455122652166042,2.11,9.5,0,-0.008111481012703092,0.0014191398643603748
2010-09-24,21.709999084472656,0.17367927167418523,0.18488282076217963,-0.013630219958631118,0.0969750440219388,-0.6582214277402268,2.17,9.5,0,0.020622363227390084,-0.004960550169911593
2010-09-27,22.540000915527344,0.1718706896811589,0.18493334098570244,0.04837213560592302,0.07506793163424641,-0.6627461418421974,2.1,9.5,0,-0.004790157968134645,0.007732776114824924
2010-09-28,22.600000381469727,0.1579194005916966,0.18431706368806203,0.01118568213570481,0.09470987312674595,-0.669488565757143,2.11,9.5,0,0.0035006232606742405,0.0033323314416966454
2010-09-29,23.25,0.15870992611450893,0.184240288252252,0.03287426759635004,0.09280042580598469,-0.6666602271780139,2.08,9.5,0,-0.0017442496570413413,-0.002415730580546782
2010-09-30,23.700000762939453,0.12900399767328022,0.1738704635725553,-0.0071219132935482765,0.05791076353019475,-0.6694644307577772,2.11,9.5,0,-0.002970124516893713,-0.0012105187191091549
2010-10-01,22.5,0.12686702163099725,0.17306700463691777,0.03638880464496963,0.052558239374040694,-0.6664559476388384,2.12,9.4,0,0.004205530424451709,0.0005371622198369064
2010-10-04,23.530000686645508,0.12546604082070092,0.17349609776983085,0.04392190465423518,0.031283181444913266,-0.6663626687061582,2.09,9.4,0,-0.007503780704491203,0.0035410850307078245
2010-10-05,21.760000228881836,0.1321721696474369,0.17785843817784514,-0.03716814771722865,0.06403894841492064,-0.6540668559890721,2.09,9.4,0,0.020132115433308062,0.00020175438596492512
2010-10-06,21.489999771118164,0.13181122778952165,0.17555339587088578,-0.07569893457556287,0.056527118002523746,-0.6400499962395085,2.0300000000000002,9.4,0,-8.6026893410307e-05,0.006451698125015559
2010-10-07,21.559999465942383,0.13235742637650177,0.17560033629921415,-0.09029541046865563,0.050400620692137243,-0.6420079926254797,2.0500000000000003,9.4,0,-0.0012064728633711663,0.0010010273843654716
2010-10-08,20.709999084472656,0.1325155331455935,0.17583692462241815,-0.07955559624565978,0.05098568455320107,-0.6449444241246362,2.06,9.4,0,0.0056084394287847505,0.0004007628357758364
2010-10-11,18.959999084472656,0.1286215870618039,0.165360384082756,-0.19422020691935482,0.040404836497474506,-0.6434011268911085,2.06,9.4,0,0.0009438748971546396,0.0010001628621802983
2010-10-12,18.93000030517578,0.12828703995870516,0.16515015735941158,-0.13005514218468728,0.04426461334069742,-0.6404957771184636,2.07,9.4,0,0.0030859441655075592,-0.002898540148022155
2010-10-13,19.06999969482422,0.12971187151444244,0.16447381832997773,-0.11261052126889015,0.0483841444503772,-0.6454504975844455,2.09,9.4,0,0.007777298943896449,0.0
2010-10-14,19.8799991607666,0.1313332372810176,0.16208013997463697,-0.07792209400698835,0.04457189611170298,-0.6113793044364927,2.14,9.4,0,-0.003900882112404802,-0.005711465101015167
2010-10-15,19.030000686645508,0.13115641379758547,0.1562762892032174,-0.08112015799588945,0.046314880561026506,-0.5915947425425558,2.2199999999999998,9.4,0,0.002043108983329045,-0.004333102901343033
2010-10-18,19.09000015258789,0.12240848598663635,0.15571253803571536,0.0068565967506664105,0.03563557253156824,-0.5776049071510381,2.14,9.4,0,0.004927559949046811,0.004756735764420927
2010-10-19,20.6299991607666,0.13285245938770232,0.15727427349732231,0.0898044811508012,0.02412676533730984,-0.5802528082118485,2.13,9.4,0,-0.013104172648027101,0.003424789088719349
2010-10-20,19.790000915527344,0.1340686669030216,0.15830510175768953,0.03775570174227849,0.03923506596184456,-0.5864458927454583,2.1599999999999997,9.4,0,0.009766406482931034,-0.0006018486815890789
2010-10-21,19.270000457763672,0.12868306602631757,0.15754300948874564,-0.03068404068179087,0.050044483111251425,-0.5760125010218244,2.1999999999999997,9.4,0,0.002205469520059955,-0.005525430012838339
2010-10-22,18.780000686645508,0.10937698353503236,0.15703786769274009,-0.013137151391457436,0.030743479165338705,-0.5752833094765945,2.2399999999999998,9.4,0,0.001862171086223885,0.000302941297419812
2010-10-25,19.850000381469727,0.10686063219738189,0.15704203096226854,0.03981143126281261,0.038768054391227436,-0.5786738413026614,2.2199999999999998,9.4,0,0.002957779714087172,-0.00030284955178372375
2010-10-26,20.219999313354492,0.10686363863684759,0.15069876975969268,-0.01987396335874958,0.03531860084105509,-0.5622469601142996,2.27,9.4,0,0.0001682828282998372,-0.006667529629818092
2010-10-27,20.709999084472656,0.10742271678830768,0.15043472249877365,0.04648803064094231,0.03415757362431071,-0.540763504846712,2.35,9.4,0,-0.00286371384369688,-0.005796049026216332
2010-10-28,20.8799991607666,0.10618250422952942,0.14997975255604806,0.0835494896085629,0.037413497933745266,-0.5326917492185637,2.32,9.4,0,0.00016890757223086972,0.005829839059218633
2010-10-29,21.200000762939453,0.10587669611997443,0.14992358707504239,0.1288604892338907,0.03385411344420364,-0.5304930148141324,2.29,9.4,0,0.0007600830725287278,0.004475001630282138
2010-11-01,21.829999923706055,0.1003637213061754,0.14956454707008165,0.09974808585317141,0.042022323257274286,-0.5260401088760648,2.3200000000000003,9.8,0,0.00033767124938033355,-0.0016742380373702126
2010-11-02,21.56999969482422,0.07813871567297127,0.14997797509749497,0.06676559976825058,0.029558771269131423,-0.5143784143582991,2.29,9.8,0,0.007930390602948423,0.0033550719688588693
2010-11-03,19.559999465942383,0.07841281803910355,0.14948594338198984,-0.05552871411725391,0.033784272601698806,-0.5041614564645693,2.33,9.8,0,0.004017806655213896,0.003241912317898832
2010-11-04,18.520000457763672,0.0993049570922207,0.14170614813225313,-0.11302676234955766,0.054965464906960415,-0.41278104092166923,2.1999999999999997,9.8,0,0.019257794520276983,0.008079131773604198
2010-11-05,18.260000228881836,0.09880223823009725,0.14072968289657894,-0.1386792654836667,0.05302925874162545,-0.42655397033343995,2.2,9.8,0,0.0037628195245289486,-0.004207711841191175
2010-11-08,18.290000915527344,0.09993075272290905,0.14058058530429363,-0.16216211729503882,0.050064376683747636,-0.4212776551800828,2.19,9.8,0,-0.0018743568955420509,0.0003009738314465604
2010-11-09,19.079999923706055,0.10557350011554029,0.14179004861196284,-0.11543809950612316,0.039313407199760064,-0.3750552352930372,2.2600000000000002,9.8,0,-0.007184041765829541,-0.008447254795758252
2010-11-10,18.469999313354492,0.10365070541346944,0.14025024683024298,-0.055725980692677646,0.035447754036667556,-0.35689246059928503,2.21,9.8,0,0.004028942118738499,0.0037526514893388985
2010-11-11,18.639999389648438,0.1035548939654034,0.14073564328225305,0.006479423807706386,0.03558665864897015,-0.35261990505657864,2.21,9.8,0,-0.0037672560928920795,-0.0011119064729544492
2010-11-12,20.610000610351562,0.11424082674224897,0.13792387666426623,0.1286966238780618,0.02124072836872748,-0.2740486985809798,2.25,9.8,0,-0.011838144178068721,-0.00829465313564337
2010-11-15,20.200000762939453,0.11362126452916524,0.1376813622171047,0.10442863596527263,0.01479603709692845,-0.2508602479031654,2.3899999999999997,9.8,0,-0.0014141846509153622,-0.012853738782559243
2010-11-16,22.579999923706055,0.1178870921400232,0.1418379840704911,0.18343815586977041,0.012250487403133059,-0.2837912436288431,2.34,9.8,0,-0.0155797364847865,0.0074401748180317195
2010-11-17,21.760000228881836,0.11284882215435062,0.1375862121262371,0.17812674812329599,0.002969226028514793,-0.24549060034927592,2.39,9.8,0,0.0005079214908219054,-0.002871196349031435
2010-11-18,18.75,0.12402621802195397,0.13998371786393635,0.00590132049106451,0.015491541001463771,-0.2497481372421055,2.38,9.8,0,0.014718248807054302,-0.0023662462419430375
2010-11-19,18.040000915527344,0.12416733939727553,0.13875100442990013,-0.1246967306509158,0.01639201670443491,-0.23684003083723928,2.36,9.8,0,0.002750561098709303,0.0020616066720968718
2010-11-22,18.3700008392334,0.12403943986881916,0.13616105131442355,-0.09059405220734051,0.012552611674119474,-0.19576463077268352,2.3099999999999996,9.8,0,-0.0008308776950038954,0.0053515311487559725
2010-11-23,20.6299991607666,0.1351908602515486,0.13614664745420818,-0.0863596443546577,-0.0022741032847312104,-0.16171601330256996,2.32,9.8,0,-0.01447708953991722,0.0020468524447838643
2010-11-24,19.559999465942383,0.1445465004915419,0.13852548379658633,-0.10110297517457811,0.015374240669597583,-0.2015479767508168,2.4000000000000004,9.8,0,0.014774200743229438,-0.010725803406422485
2010-11-26,22.219999313354492,0.15116708743277646,0.12904474104191146,0.185066630045573,0.0033785149172247397,-0.16201879317858725,2.3600000000000003,9.8,0,-0.011647180960185244,0.004337191466612822
2010-11-29,21.530000686645508,0.15149081858749008,0.12808825953116232,0.193458957538869,0.005654890480826902,-0.1489944746521829,2.32,9.8,0,0.003030518171812213,0.0021590104177566793
2010-11-30,23.540000915527344,0.152954840163042,0.12665834587119093,0.2814371170442307,-0.00033755726599649094,-0.12814394175823185,2.36,9.8,0,-0.005623092508527661,0.0017440207163192945
2010-12-01,21.360000610351562,0.16861967272672257,0.13044337915598367,0.03538543282993678,0.01289033679970264,-0.18410040449980036,2.4400000000000004,9.3,0,0.021267689137472345,-0.01315109288852967
2010-12-02,19.389999389648438,0.17372799974758166,0.13196885827748128,-0.008691210681776695,0.02175900053671498,-0.18684182697162066,2.46,9.3,0,0.012808784305698095,-0.002495834160793242
2010-12-03,18.010000228881836,0.16023390044756652,0.13185612375257724,-0.1894689115468332,0.005153176487517008,-0.18191675456947895,2.54,9.3,0,0.0026926205529456126,0.00010389100807728369
2010-12-06,18.020000457763672,0.15976730532942207,0.13181382865655522,-0.16302833799067162,0.0003256225103700494,-0.1834599858752291,2.5300000000000002,9.3,0,-0.001058056840246624,0.0062562194378164016
2010-12-07,17.989999771118164,0.15960945956392447,0.1303682619078027,-0.23576894343909371,0.002775820373841942,-0.1824818118774358,2.61,9.3,0,0.0005704523377489945,-0.016579637443589368
2010-12-08,17.739999771118164,0.15759745044990045,0.13035849248800804,-0.16947568987797967,0.013732031453821625,-0.18242520065358436,2.63,9.3,0,0.0036633490277884206,-0.008536186064910245
2010-12-09,17.25,0.15756066501646868,0.13036408270455568,-0.110366140124321,0.013595664642083394,-0.1778483525887011,2.59,9.3,0,0.003893880562546803,0.002126660345759479
2010-12-10,17.610000610351562,0.15761187250245953,0.1305827336746689,-0.02220986193486063,0.023347692065606163,-0.18935336918927223,2.6799999999999997,9.3,0,0.005817718841095942,-0.008484848072620954
2010-12-13,17.549999237060547,0.14995739515749548,0.13057198494821537,-0.026082198044597216,0.03627284522092311,-0.18916158917732112,2.68,9.3,0,0.0006426025200161334,0.0032095465029240433
2010-12-14,17.610000610351562,0.14952021203762653,0.12748471457856614,-0.02112279964431496,0.038657083483112364,-0.20523228421832218,2.83,9.3,0,0.0008833439584801095,-0.010556296276964083
2010-12-15,17.940000534057617,0.13699395432449815,0.1278925139916494,0.011274000311153776,0.050270955271004114,-0.18880340202662121,2.8499999999999996,9.3,0,-0.004572320362876248,-0.004094747976036928
2010-12-16,17.389999389648438,0.13726621946037518,0.12749979313244234,0.008115906646286142,0.055827948796552285,-0.17053908137577525,2.81,9.3,0,0.005801618335508518,0.005950867093137857
2010-12-17,16.110000610351562,0.1298384344643131,0.12588199149823365,-0.08517887268659519,0.04162815249817342,-0.16315802166476873,2.72,9.3,0,0.0010713355483824571,0.008605093083779325
2010-12-20,16.40999984741211,0.12982061140574516,0.11961732573768209,-0.06495723300324063,0.04127787351470791,-0.14044206882634705,2.7399999999999998,9.3,0,0.0024133558816952227,-0.00010635386244062239
2010-12-21,16.489999771118164,0.1302005598336113,0.11930041986145662,-0.06360027259596102,0.048751400794163846,-0.11629146511293584,2.72,9.3,0,0.006340423916478155,0.002132775659087871
2010-12-22,15.449999809265137,0.11388179724663688,0.11927743359457077,-0.13879602289115978,0.06746708757990794,-0.12092460522464332,2.71,9.3,0,0.0031102415457704424,-0.0027660932820166018
2010-12-23,16.469999313354492,0.10650389829532207,0.11924104407688156,-0.052903974041631274,0.05041996073670085,-0.11963136136565164,2.74,9.3,0,-0.0014314366188582506,-0.0035224486801996857
2010-12-27,17.670000076293945,0.09303820777433078,0.11888132714944644,0.0968342276126295,0.0632217556899537,-0.12245043916903425,2.65,9.3,0,0.00039818242185041264,0.0038550995439934344
2010-12-28,17.520000457763672,0.09322351923136625,0.11876937920841975,0.0676417197241237,0.06152820016495042,-0.12010257317309989,2.75,9.3,0,0.0014328384152551,-0.01050490269086346
2010-12-29,17.280000686645508,0.0880111287107189,0.1172416109593789,0.047907879108101126,0.06829460408130861,-0.1069287545719167,2.71,9.3,0,0.0007152749508962941,0.011243390664376074
2010-12-30,17.520000457763672,0.05872505440509357,0.11102914753159683,0.13398062615231798,0.044385918885702313,-0.11927632297538605,2.7199999999999998,9.3,0,-0.001588522610437737,-0.0020316155206946407
2010-12-31,17.75,0.043538189594528584,0.11101197947698895,0.07771710625437822,0.03142394079007205,-0.11815965167416667,2.69,9.3,0,0.00023871318559054444,0.0050358180783312
2011-01-03,17.610000610351562,0.05351140208592133,0.11234382450697097,-0.003395555499905112,0.039288561075419004,-0.1222488899944121,2.75,9.3,0,0.010338164166687758,-0.003091050486741298
2011-01-04,17.3799991607666,0.05316469248903541,0.11212481702636923,-0.007990941400633944,0.0398157879522365,-0.12724979979179724,2.73,9.3,0,-0.0005512976392512137,0.002351777225727991
2011-01-05,17.020000457763672,0.054090568029800425,0.11236639234529747,-0.015046308943886366,0.04462460002710689,-0.13768074528605267,2.79,9.3,0,0.005197767414812704,-0.010773370655758674
2011-01-06,17.399999618530273,0.055717294615893226,0.11255953194141453,-0.00684936279098225,0.038773268201288236,-0.14383207050045305,2.76,9.3,0,-0.0019585435606318535,0.005175269566124907
2011-01-07,17.139999389648438,0.05681832215128319,0.11201909652673459,-0.034366231569102124,0.032713367464232146,-0.1550124080931716,2.7399999999999998,9.3,0,-0.0019625439845357695,0.006651664093936693
2011-01-10,17.540000915527344,0.055414040851228426,0.1116184876337224,-0.003974996729021796,0.02544785123473048,-0.17020831057706134,2.73,9.3,0,-0.00125857666392315,0.003409962826224744
2011-01-11,16.889999389648438,0.05593783986639791,0.11169712885018936,-0.028193313853793756,0.028421319476172657,-0.1719630930085741,2.77,9.3,0,0.0035441435355292317,-0.003929257291684807
2011-01-12,16.239999771118164,0.0620550962057632,0.11255632754580588,-0.045828476243648386,0.036786523931806814,-0.1852140682912371,2.79,9.3,0,0.009024553839967364,-0.0028793715849945167
2011-01-13,16.389999389648438,0.058836400524075544,0.10858206248209629,-0.058045991438196776,0.039847354228253584,-0.17519780642011673,2.75,9.3,0,-0.0016335908082129036,0.0067370227671472716
2011-01-14,15.460000038146973,0.06029096752244164,0.10790248490506321,-0.09801630171096076,0.04133976381649962,-0.1811904902980403,2.7600000000000002,9.3,0,0.007245164806991555,-0.0027622648465649435
2011-01-18,15.869999885559082,0.06019893670690261,0.10789642464212845,-0.09521100015963446,0.04199482202938465,-0.18096035934247828,2.79,9.3,0,0.0017010627736557815,-0.0024493801950828953
2011-01-19,17.309999465942383,0.07343313671013087,0.11041652497819664,0.02486679049564411,0.029293530590966288,-0.19137751907507117,2.77,9.3,0,-0.009805461242577973,0.0025623882113752217
2011-01-20,17.989999771118164,0.07168945395785475,0.11051572889062124,0.10775862220837396,0.02145315385096369,-0.18209400373371218,2.8200000000000003,9.3,0,-0.001325113481458473,-0.007773556646827995
2011-01-21,18.469999313354492,0.07143268581196385,0.11050105706655985,0.12690665046758554,0.020591172828718696,-0.18424798807464626,2.81,9.3,0,0.0022637396889089167,0.003327499348940055
2011-01-24,17.649999618530273,0.07263934117164723,0.11047653499883661,0.1416558586662069,0.027866718366950538,-0.19285989185116617,2.7800000000000002,9.3,0,0.00568711510816633,0.0001064014560008264
2011-01-25,17.59000015258789,0.07261518938417388,0.1104591490850757,0.1083806099200999,0.02801464530703046,-0.1920370350883106,2.73,9.3,0,0.0005421561874592307,0.0050273615360318935
2011-01-26,16.639999389648438,0.07314688730269871,0.11054644965201078,-0.03870595591941972,0.03051720577999384,-0.1949186223083107,2.83,9.3,0,0.003870689129917837,-0.006066466084950983
2011-01-27,16.149999618530273,0.0731575874756698,0.11052751276270403,-0.10227905369637069,0.032322329202052025,-0.19313298576353266,2.83,9.3,0,0.0024681953014673574,0.0037484175643789364
2011-01-28,20.040000915527344,0.09935148136429223,0.11645780643490536,0.08500279699727353,0.015908591224709223,-0.2294254099407059,2.82,9.3,0,-0.017463084188613753,0.004586340579458836
2011-01-31,19.530000686645508,0.10211825117803597,0.11703512554200449,0.106515643555112,0.023300274291620182,-0.23998281196286858,2.84,9.3,0,0.0075163832663303065,-0.003928727290017031
2011-02-01,17.6299991607666,0.11050798069551546,0.11507708979184249,0.002273962923918793,0.0290434836406519,-0.33018243298546,2.87,9.0,0,0.016008624476241184,-0.004649100644629978
2011-02-02,17.299999237060547,0.11094053376448998,0.1151316471465631,0.039663453823363115,0.02764222468761135,-0.32588481449342516,2.85,9.0,0,-0.0019122570783343118,-0.002362926242194807
2011-02-03,16.690000534057617,0.11008461977237498,0.11497999553794189,0.033436589986525656,0.02460049174345169,-0.3251772788388124,2.87,9.0,0,0.002222468141302336,-0.005703614624135156
2011-02-04,15.930000305175781,0.10955086206933168,0.1136833880442825,-0.2050898414464174,0.02951579800806492,-0.35821868195751794,2.91,9.0,0,0.002829351294691529,-0.006170761821509108
2011-02-07,16.280000686645508,0.11000866469030422,0.1139961670347092,-0.1664106444308694,0.037989571456258364,-0.3628267975566129,2.9000000000000004,9.0,0,0.0062521364617957875,-0.0004353893850932433
2011-02-08,15.8100004196167,0.10973539642677108,0.11365648060045555,-0.10323305886480616,0.04402300062681297,-0.3678924372070152,2.89,9.0,0,0.004546718305411757,-0.006865786964657228
2011-02-09,15.869999885559082,0.11070916657026039,0.11048969035307823,-0.08265892569741162,0.037981430589075105,-0.42796121077198507,2.84,9.0,0,-0.0022631827642662916,0.005705757597360472
2011-02-10,16.09000015258789,0.10752611036747942,0.11033436382131866,-0.03594969216719712,0.029086689431474744,-0.4565834718907818,2.85,9.0,0,0.00037795192245893006,-0.003272331259325467
2011-02-11,15.6899995803833,0.10801463346084716,0.10457684203806555,-0.01506595858096138,0.03692499883730549,-0.4133053479687262,2.79,9.0,0,0.005970729504157113,0.004596374231391476
2011-02-14,15.949999809265137,0.10615042890918164,0.10452600252511585,-0.02027032330846712,0.031941061585680774,-0.4150720358920608,2.75,9.0,0,0.0024038824538519243,0.0003273151376241845
2011-02-15,16.3700008392334,0.1074729796047448,0.10170942125675628,0.035420645461961,0.02694602456322248,-0.42376029353809497,2.77,9.0,0,-0.0031475996938515882,0.0022876764418668927
2011-02-16,16.719999313354492,0.1002678411006336,0.10210876609857837,0.05356014076401272,0.04366511698411224,-0.4253157008530122,2.7600000000000002,9.0,1,0.006315302275823109,-0.0014137792281001538
2011-02-17,16.59000015258789,0.09944601613003708,0.10197402527164479,0.031075201694114485,0.04817276785100799,-0.4179243434589114,2.7800000000000002,9.0,1,0.0029882219407035837,0.00370042568319473
2011-02-18,16.43000030517578,0.09945064095269504,0.09605309820065466,0.047163846053742464,0.047986528479084134,-0.4216557136533008,2.8099999999999996,9.0,1,0.002085657434621302,-0.00021606928237327683
2011-02-22,20.799999237060547,0.12641102026340312,0.10291498289689291,0.30407520287104406,0.021146182783554845,-0.43703619888284334,2.7199999999999998,9.0,0,-0.02006988567143031,0.009652219340419599
2011-02-23,22.1299991607666,0.12898808353300698,0.10046718873399405,0.3518630437530841,0.01432223107648678,-0.41297621674904383,2.75,9.0,0,-0.0061441062398236435,-0.002471511314662833
2011-02-24,21.31999969482422,0.12853602953752563,0.10055215285704479,0.2751196513384808,0.009716841607708027,-0.4175885200999568,2.73,9.0,1,-0.0006872465616110102,0.00258469593897126
2011-02-25,19.219999313354492,0.1334165297731203,0.10105022494767171,0.15852918243381353,0.01800091287013794,-0.39108377289097557,2.7,9.0,0,0.01069279612616425,0.0032220552491337706
2011-02-28,18.350000381469727,0.1153778971288041,0.09315666210887387,0.11685940600312139,0.04251467008592846,-0.3150801083778283,2.73,9.0,0,0.006196689692968382,-0.0004282731303351106
2011-03-01,21.010000228881836,0.13120624390582897,0.09762591522109385,0.010096201900196222,0.017484972291569756,-0.3021844880857558,2.75,9.0,0,-0.01667304189920993,0.0011377675974721946
2011-03-02,20.700000762939453,0.11865978667697655,0.0975965309699702,-0.06461809543862684,0.0035949668169854565,-0.30294057056203944,2.77,9.0,0,0.002138773087265733,-0.005254403071006775
2011-03-03,18.600000381469727,0.1327363041251434,0.10284188482165517,-0.12757970695538123,0.022836933067536425,-0.32672199930598733,2.79,9.0,0,0.01722411894923659,-0.00679025094937713
2011-03-04,19.059999465942383,0.13614358306973268,0.10446887722897208,-0.008324654169000856,0.01292221574122876,-0.3804408239475791,2.81,9.0,0,-0.0074924259424442585,0.007162876568304055
2011-03-07,20.65999984741211,0.13914921059467616,0.10604175244706078,0.12588552686217258,0.0021350320868633865,-0.3623434017314784,2.8099999999999996,9.0,0,-0.007850347717031414,-0.002478567762819406
2011-03-08,19.81999969482422,0.14087528735170227,0.10703545391073985,-0.05663972018533148,0.004622495680879135,-0.3700314388084399,2.83,9.0,0,0.008749819384462176,-0.002377337553853387
2011-03-09,20.219999313354492,0.14006331265929675,0.10674726581797657,-0.02318847497070331,-0.0013580454404734654,-0.3638405440886905,2.7800000000000002,9.0,0,-0.001433371711459297,0.005848081535157812
2011-03-10,21.8799991607666,0.15460847137591371,0.11408711266429841,0.1763440167756436,-0.01761555356461053,-0.4073581785728324,2.72,9.0,0,-0.018505955599816826,0.00850451300781252
2011-03-11,20.079999923706055,0.1570228917343467,0.1147720517358136,0.05351524062664703,-0.01118485825053439,-0.42629913060145197,2.76,9.0,0,0.006926432846679376,-0.00234860299005768
2011-03-14,21.1299991607666,0.15622736074099416,0.1151102749184918,0.02274924089185637,-0.022988454798001934,-0.44470118047708473,2.75,9.0,0,-0.006037655206275749,0.002247084636139096
2011-03-15,24.31999969482422,0.15979262020833135,0.11737948140556737,0.22704339401050166,-0.0364986507824443,-0.4705235631946411,2.7,9.0,0,-0.011457440858061996,0.0036302012903632885
2011-03-16,29.399999618530273,0.17045211351289985,0.1237377828493927,0.45400596522833525,-0.05134967716750982,-0.5163546628144329,2.64,9.0,0,-0.018512685908816273,0.00850995109150876
2011-03-17,26.3700008392334,0.17688837515155587,0.1264914270683712,0.2052103222434256,-0.04482654177040568,-0.5211684766517012,2.65,9.0,0,0.013234955187891861,-0.0030583750025877654
2011-03-18,24.440000534057617,0.1771572942073815,0.12607538826984496,0.21713150532457082,-0.0442082055077625,-0.5293142238969133,2.67,9.0,0,0.003637511327135412,-0.0006354167204505323
2011-03-21,20.610000610351562,0.18755097601613555,0.12970963986992023,-0.024609492241748576,-0.03141614191458075,-0.541038465021495,2.67,9.0,0,0.015497305797357974,-0.0051880994935336044
2011-03-22,20.209999084472656,0.17459314729192163,0.1299143864682717,-0.16899673774363788,-0.015006881823792506,-0.5463671358689502,2.6599999999999997,9.0,0,-0.0034684030196356908,0.0005322187073408813
2011-03-23,19.170000076293945,0.17379228653259543,0.1299971286128423,-0.3479591726181027,-0.006080803983831817,-0.5491294150373341,2.67,9.0,0,0.002862286704152339,-0.0012762392130422073
2011-03-24,18.0,0.1772232677325602,0.13127327738298353,-0.31740616506846964,0.004113865340090728,-0.5770266658859149,2.7,9.0,0,0.00956274469856111,-0.005112045253096831
2011-03-25,17.90999984741211,0.1732929536852878,0.1313571631556659,-0.26718496497354105,-0.003472951432108795,-0.6046271420602166,2.67,9.0,0,0.003056270706216946,-0.0026759654848945713
2011-03-28,19.440000534057617,0.17182450369450436,0.1314346718023404,-0.056768560972594195,-0.01202391639760636,-0.6078539391251722,2.66,9.0,0,-0.0024372481959517023,0.00032225530431650995
2011-03-29,18.15999984741211,0.16252109924689712,0.13198846118392835,-0.10143490004586697,0.011478586338355967,-0.6155589225505667,2.69,9.0,0,0.006718864956310577,-0.002896972880194859
2011-03-30,17.709999084472656,0.16398360638308504,0.1311235156011811,-0.07616071914505407,0.01628513427976186,-0.5967916780525029,2.67,9.0,0,0.006900938220413044,0.0034428793920202594
2011-03-31,17.739999771118164,0.1522318698266503,0.13117032904998843,-0.014444457160102009,-0.0022775182640900615,-0.592372820051424,2.67,9.0,0,-0.001355684338609886,-0.0025732146524305444
2011-04-01,17.399999618530273,0.15032418783985116,0.1310467860344141,-0.028475724914957423,0.00949983418320266,-0.5961422751833572,2.66,9.1,0,0.004223368499659319,0.002134877830828996
2011-04-04,17.5,0.14703891926421564,0.13091966510221778,-0.09979426341366926,0.01832816855958841,-0.5956184316711882,2.68,9.1,0,0.0008262548788036117,0.002258154180060812
2011-04-05,17.25,0.14414207454334746,0.13080559387871105,-0.050110124177219606,0.00934365560097361,-0.5896251375845367,2.66,9.1,0,-0.0001501856473927754,-0.005044556520463206
2011-04-06,16.899999618530273,0.14424345715945397,0.13080889353386782,-0.045736844032507884,0.013978722290486578,-0.5890534127915656,2.71,9.1,0,0.003152205153621246,-0.004314846601621736
2011-04-07,17.110000610351562,0.12597666472352276,0.13089030481056024,-0.035512918201514254,0.030469331838849145,-0.588179562540623,2.77,9.1,0,-0.0025436531328725254,0.00010879144965691978
2011-04-08,17.8700008392334,0.1254669697749986,0.13006056381552678,0.027011565000414794,0.019849802301453723,-0.5753300850727859,2.76,9.1,0,-0.0034504747091406163,-0.002925128561113932
2011-04-11,16.59000015258789,0.12365771651104401,0.1301943881302614,-0.05199999128069199,0.022956098021601923,-0.5820181795398819,2.7399999999999998,9.1,0,-0.0030102084482790392,0.0013043565231967147
2011-04-12,17.09000015258789,0.11898552207544498,0.1304935658335458,-0.00927535347316577,0.02707784948819425,-0.5872500419906888,2.75,9.1,0,-0.0074743503316822,0.00564186359227592
2011-04-13,16.920000076293945,0.09338018866162219,0.13046772151319838,0.0011834590659838273,0.04637072806083453,-0.5840932107096022,2.74,9.1,0,-7.619097244526696e-05,0.003884677614913512
2011-04-14,16.270000457763672,0.08400780345809085,0.1287392393762971,-0.049094104186044873,0.03348874208860453,-0.5784202180903842,2.7399999999999998,9.1,0,0.0007609073869823124,-0.003332061875202852
2011-04-15,15.319999694824219,0.08401120361479292,0.12883667026026643,-0.14269731531353258,0.03349993675507479,-0.5764694723933036,2.72,9.1,0,0.0036483826474884573,0.007333614415282019
2011-04-18,16.959999084472656,0.07901437101850389,0.13103869825888154,0.022302527334639555,0.006320762159940152,-0.5835736173168152,2.71,9.1,0,-0.011208432242465483,0.0024615924852953164
2011-04-19,15.829999923706055,0.07990749868795727,0.13104864318509557,-0.07372733865605252,0.015624052973636893,-0.5801809757122559,2.71,9.1,0,0.005744388368913889,0.001281504258422439
2011-04-20,15.069999694824219,0.09186516591649675,0.13383006291187385,-0.10933808351819696,0.026530329048266355,-0.5953773256684536,2.74,9.1,0,0.013631520587109147,-0.0039463511120575445
2011-04-21,14.6899995803833,0.08784115721906832,0.13398306609194993,-0.09711129888914238,0.02200204557683949,-0.5943345834883593,2.7399999999999998,9.1,0,0.005109309509339299,0.0007498191732546733
2011-04-25,15.770000457763672,0.08783863933569296,0.13397046703724544,0.029373418531560613,0.01782158590926408,-0.6007328681867855,2.72,9.1,0,-0.0010466920052022433,0.003530838541038195
2011-04-26,15.619999885559082,0.09096743791346629,0.12956371191932212,-0.07900939099344528,0.0290885505396119,-0.5656675776614223,2.69,9.1,0,0.008605457516649206,0.004265036750616291
2011-04-27,15.350000381469727,0.09082344067291308,0.12936723940091896,-0.030322144317733724,0.028893733268785304,-0.5636610326924548,2.74,9.1,0,0.006528282501907068,-0.0028664065376896586
2011-04-28,14.619999885559082,0.08881272064155543,0.12562739000854536,-0.02986063824670737,0.025156242676271034,-0.5409927800116364,2.7199999999999998,9.1,0,0.0032433371849429626,0.0038329370310927757
2011-04-29,14.75,0.08833936937677393,0.12554178991479523,0.004084439845513765,0.02896152851410183,-0.5450099011990234,2.71,9.1,0,0.0023511916605996053,0.0020148718710732982
2011-05-02,15.989999771118164,0.08830222673415886,0.12560222797678927,0.013950495051900047,0.023056990498405483,-0.5495503238937399,2.7,9.1,0,-0.0015392133765743665,-0.0003079009121326193
2011-05-03,16.700000762939453,0.08990222237990042,0.12584522620544578,0.06914218215704637,0.018535299903552405,-0.5576320439320581,2.67,9.1,0,-0.003597180673464817,0.0026542085058363085
2011-05-04,17.079999923706055,0.09379705221815834,0.12617592415629644,0.11270355043930524,0.01193392991150577,-0.559543680217763,2.65,9.1,0,-0.006630450554898526,0.0025410268564414196
2011-05-05,18.200000762939453,0.09925141844045474,0.12736632284152474,0.24487010296877765,-0.00037419152691220425,-0.5707921117347389,2.6,9.1,0,-0.009049104435165267,0.004963397852712603
2011-05-06,18.399999618530273,0.09995788640858914,0.12754236548936973,0.24745760125628968,0.006600563936026704,-0.5715570941576958,2.62,9.1,0,0.004415965201693517,0.0005253754571248326
2011-05-09,17.15999984741211,0.09964764394527106,0.12774735695406916,0.07317073752604109,0.013999949937279155,-0.5747320514216749,2.6,9.1,0,0.003875027452470148,0.0014706557237849083
2011-05-10,15.90999984741211,0.10231719552576447,0.12833175084695522,-0.047305441882404486,0.025743481066362373,-0.6029863861040324,2.64,9.1,0,0.008536321364853494,-0.00482444183147257
2011-05-11,16.950000762939453,0.10627963209583324,0.13021100593598414,-0.0076111921163518614,0.022590926276221612,-0.6078025091865152,2.63,9.1,0,-0.01052481231263147,0.003583318864883056
2011-05-12,16.030000686645508,0.10693080401281424,0.13034304569376767,-0.11923076842462021,0.027536955058595103,-0.6091547092717915,2.6500000000000004,9.1,0,0.00476020236192598,-0.0022049100059802207
2011-05-13,17.06999969482422,0.11169168429189535,0.13077303798310225,-0.07228260604780878,0.01885087261471985,-0.6117919926403238,2.6100000000000003,9.1,0,-0.00769882898101526,0.003892971225956554
2011-05-16,18.239999771118164,0.11410286919756162,0.13129859241131425,0.06293705905066949,0.008709734754985599,-0.6216254994328717,2.61,9.1,0,-0.006341437143318807,0.0024109894472328364
2011-05-17,17.549999237060547,0.10553681577676353,0.13122492849041384,0.10307978663589967,0.01999058134457976,-0.6196807236855988,2.5700000000000003,9.1,0,-0.0001503393138128084,0.002929253004611887
2011-05-18,16.229999542236328,0.10801398585382266,0.1256837607232825,-0.042477946212095774,0.023227051903390805,-0.5908638441661086,2.6,9.1,0,0.00893565519252948,-0.005735414010720086
2011-05-19,15.520000457763672,0.09768903481590271,0.12499453798508335,-0.03181535914135758,0.011870702406248546,-0.6082440477877893,2.62,9.1,0,0.002381667695032119,0.0010485462641567356
2011-05-20,17.43000030517578,0.10065613594024843,0.1261836101766257,0.021089667064301043,-0.001271094792351879,-0.6101161892717627,2.5999999999999996,9.1,0,-0.007944673254057122,0.00240991538371893
2011-05-23,18.270000457763672,0.1087003089647293,0.12671779613813747,0.0016447745077832199,-0.011822883398617368,-0.6308125855381294,2.58,9.1,0,-0.011600851475833784,0.0013586403492467092
2011-05-24,17.81999969482422,0.10315249656614138,0.12608336318005944,0.01538464213682178,-0.0210700993669396,-0.6310030189162147,2.56,9.1,0,-0.0008329238583035803,0.0010432917037435097
2011-05-25,17.06999969482422,0.10063522263104475,0.1213952056523257,0.05175601825507803,-0.024176190006481968,-0.6506810313544446,2.59,9.1,0,0.0033346237172564575,0.00010497972537781841
2011-05-26,16.09000015258789,0.10154727055381377,0.12166131340481566,0.03672678337706392,-0.022849135136020937,-0.6348006126433007,2.59,9.1,0,0.0046076807715969,0.0055252709958593105
2011-05-27,15.979999542236328,0.10235603088151783,0.11671239607589691,-0.08318994478209385,-0.021403167057418182,-0.6052369873954282,2.59,9.1,0,0.0038344506729042216,-0.00010340708282707833
2011-05-31,15.449999809265137,0.11011225051514696,0.11750008983975031,-0.15435142735862395,-0.009690576091277103,-0.5803523723889987,2.5999999999999996,9.1,0,0.010411124490641965,0.0015544403215954627
2011-06-01,18.299999237060547,0.13481915762734484,0.1254306914160006,0.02693600170912136,-0.028439052424303668,-0.6441410801425818,2.52,9.1,0,-0.02246101678902046,0.00824167839283163
2011-06-02,18.09000015258789,0.13339923837353684,0.124165712633098,0.05975398219092787,-0.022992339111708615,-0.6143851213084296,2.59,9.1,0,-0.001061475018376501,-0.005970311005627282
2011-06-03,17.950000762939453,0.13414025514294228,0.12579843140976738,0.11559978823570138,-0.023875246449252763,-0.6261021227864147,2.5700000000000003,9.1,0,-0.009944612067157244,0.003935136855957033
2011-06-06,18.489999771118164,0.1363963300956821,0.12184477829631768,0.157071357996458,-0.03844992966231975,-0.5729223949588653,2.5799999999999996,9.1,0,-0.010581138860784933,-0.0006190048161832662
2011-06-07,18.06999969482422,0.13478569248237635,0.12098713732974577,0.16957928271221778,-0.04275529455988647,-0.566931122557784,2.6199999999999997,9.1,0,-0.0006198485171399204,0.001857947332224219
2011-06-08,18.790000915527344,0.12884461223059207,0.1206609265444339,0.026776049119961787,-0.054832031860317376,-0.566593461956726,2.59,9.1,0,-0.004187518361652209,0.00216383847374213
2011-06-09,17.770000457763672,0.13048559550986366,0.11932740043480414,-0.01768931410309804,-0.03748881550194205,-0.5688742339774138,2.5799999999999996,9.1,0,0.007631412654537595,-0.004009663974184341
2011-06-10,18.860000610351562,0.13465457553968407,0.1165845443870999,0.05069636817458778,-0.05537423507611072,-0.5298183645144706,2.58,9.1,0,-0.01391029007504363,0.003200715795453668
2011-06-13,19.610000610351562,0.1339342524584363,0.1134272277071361,0.06057332899391743,-0.04729955745063341,-0.5148779564541359,2.6,9.1,0,0.000783378852906802,-0.002161050527703212
2011-06-14,18.260000228881836,0.14319108994339536,0.1161239815617309,0.01051469492343382,-0.029056230940324168,-0.5451458531122354,2.6599999999999997,9.1,0,0.012686199238848284,-0.007940397734162108
2011-06-15,21.31999969482422,0.15434268705484563,0.11745742065785904,0.13464601681877397,-0.04618174561440036,-0.57143203332801,2.6,9.1,0,-0.017785696356718006,0.010810390869445463
2011-06-16,22.729999542236328,0.14961123264769116,0.11738455621076978,0.27912205721444683,-0.05254505255928121,-0.5675838639395109,2.5500000000000003,9.1,0,0.0022046377978581777,0.0027756665805349634
2011-06-17,21.850000381469727,0.1498951015133073,0.11739853059337832,0.1585365680994233,-0.05197565526180459,-0.5672400190777219,2.56,9.1,0,0.002984074610703935,-0.0007177693081454883
2011-06-20,19.989999771118164,0.1509107935054254,0.11616155860748907,0.019377825035151286,-0.03949448019254487,-0.5550575298926931,2.5900000000000003,9.1,0,0.0051161898769704894,-0.0015393053281095304
2011-06-21,18.860000610351562,0.15613214695830147,0.11947906645405332,0.032858728036635254,-0.014904036570537182,-0.5538036582323838,2.5900000000000003,9.1,0,0.013703712669405288,-0.0013359986947288904
2011-06-22,18.520000457763672,0.15727260361999612,0.12000066332201849,-0.13133204864633707,-0.02002336274050376,-0.5471624255422536,2.6199999999999997,9.1,0,-0.006025374493522695,-0.000412234826291491
2011-06-23,19.290000915527344,0.15656463308716498,0.11925128740590309,-0.15134178160966805,-0.02608893160831105,-0.5396428084446371,2.58,9.1,0,-0.0028755194904748205,0.0052511437053637255
2011-06-24,21.100000381469727,0.1590497127585157,0.12047579556336925,-0.0343249421924976,-0.04181428855061087,-0.5658027605829332,2.53,9.1,0,-0.011613322233531398,0.004199003322975514
2011-06-27,20.559999465942383,0.1625385199418351,0.12204764006823368,0.02851424218862486,-0.03696844891860729,-0.5838027857069797,2.54,9.1,0,0.00891115000886411,-0.0038757688217385677
2011-06-28,19.170000076293945,0.16542260024620045,0.12481210198255094,0.016436874650589184,-0.03445055926496188,-0.6163907533483349,2.57,9.1,0,0.013052890187130739,-0.009214169898531632
2011-06-29,17.270000457763672,0.14968837592505144,0.12612045672813807,-0.0674945987636838,-0.003805921774168941,-0.6286145356523244,2.67,9.1,0,0.008564145165207426,-0.005993789721938647
2011-06-30,16.520000457763672,0.15352969276807413,0.12770000112390786,-0.14359773594069558,0.006788625386505043,-0.6471026460429035,2.73,9.1,0,0.009562259397290829,-0.00342997794154265
2011-07-01,15.869999885559082,0.15652208936425582,0.13111928042107845,-0.24786731759984681,0.031927105775964026,-0.6515801819740109,2.72,9.0,0,0.014776056528470916,-0.002499960189968009
2011-07-05,16.059999465942383,0.15013622021653278,0.13101571281012378,-0.21887160101605285,0.04210617936423744,-0.6451468072407087,2.72,9.0,0,-0.0008213725548222861,0.006289565066799119
2011-07-06,16.34000015258789,0.14983690417177456,0.1308120979732494,-0.14762649517178128,0.04399940238974609,-0.6573451025839606,2.69,9.0,0,0.0011957529556179125,0.0017713136681412056
2011-07-07,15.949999809265137,0.15052174121110673,0.13225380109436172,-0.07643315654372973,0.05926752394871815,-0.6656136381377346,2.6799999999999997,9.0,1,0.010375886545278767,-0.0038474060316291414
2011-07-08,15.949999809265137,0.15346191140719842,0.13215805455267834,-0.03450367026053325,0.04378892370789744,-0.6594357408848516,2.63,9.0,1,-0.007092652299735658,0.010648749472512709
2011-07-11,18.389999389648438,0.15984545525208935,0.13752578172412708,0.15879014002907654,0.03937487319547395,-0.6794456980175981,2.57,9.0,1,-0.018080337955919346,0.007643141572448053
2011-07-12,19.8700008392334,0.16137151739147795,0.1378285200219488,0.23723546077138358,0.034075373961825806,-0.6835919939659209,2.55,9.0,1,-0.004319352496537254,0.0014351916396937447
2011-07-13,19.90999984741211,0.156283788004177,0.13779694262700706,0.2184822314251209,0.02454083620398939,-0.7069986479451298,2.55,9.0,1,0.003348877176444054,0.0016374997769292854
2011-07-14,20.799999237060547,0.14289502883609245,0.13656548631666002,0.30407520287104406,0.03589285792675634,-0.6691861087555511,2.6,9.0,1,-0.0069026571284495075,-0.0057219869707889615
2011-07-15,19.530000686645508,0.14359885161146207,0.1365760787874132,0.22445146835053853,0.03961401869772918,-0.6582635892094983,2.57,9.0,1,0.005804782884411441,0.004110685504654876
2011-07-18,20.950000762939453,0.14798655445817538,0.13469911785814442,0.13920616956257303,0.028020468502776064,-0.6372106349147179,2.57,9.0,1,-0.008200986387515208,-0.0006142774241973958
2011-07-19,19.209999084472656,0.1566691279265531,0.13844665394406294,-0.03321599028106559,0.03938861122800996,-0.5952786394574754,2.52,9.0,1,0.016231050574837758,0.0037899063194364313
2011-07-20,19.09000015258789,0.15058181956162472,0.13843545776648714,-0.04118531899088895,0.02472000909894856,-0.5852208431661904,2.56,9.0,1,-0.0006024056363669317,-0.004898031442734152
2011-07-21,17.559999465942383,0.15432258340104082,0.1402430327595075,-0.1557692254788775,0.045232045559846945,-0.6227552694665195,2.63,9.0,1,0.013871225142044752,-0.005536842390928554
2011-07-22,17.520000457763672,0.15326757047049883,0.13960565321671034,-0.10291859489059119,0.04894811872257554,-0.6151700228444289,2.5900000000000003,9.0,1,0.0006695187023950666,0.0038150893443460454
2011-07-25,19.350000381469727,0.1473076909424559,0.13989602062075382,-0.0763723304631152,0.05535824968549785,-0.6077676541056476,2.61,9.0,1,-0.005573282756453635,-0.003184922263213985
2011-07-26,20.229999542236328,0.14711952929243752,0.13998537259185467,0.053097371492752066,0.04212865805214627,-0.611544557758782,2.58,9.0,1,-0.0037361974799434705,0.004225499510773112
2011-07-27,22.979999542236328,0.16147011776954384,0.1459742979943356,0.2037715745707367,0.0076380209792545894,-0.5663302392722,2.57,9.0,1,-0.020475445590907193,-0.001641316782221569
2011-07-28,23.739999771118164,0.15892007877468206,0.14592034442615018,0.35193624676139046,-0.0038251614629403186,-0.5658500020767464,2.56,9.0,1,-0.002909573134395216,0.0019523084487589326
2011-07-29,25.25,0.15627374445753944,0.1459571630175051,0.4412100080060739,-0.020004521160525313,-0.5602086159605174,2.46,9.0,1,-0.006834531908824548,0.012104838283079511
2011-08-01,23.65999984741211,0.14504812211531362,0.14509544856143178,0.22273898609685805,-0.03838078186499361,-0.5554892333884738,2.39,9.0,1,-0.004252387759356213,0.0036379320842703233
2011-08-02,24.790000915527344,0.16740715949836535,0.15351828776089324,0.22540788316730387,-0.06217782088184953,-0.5877822891096577,2.33,9.0,1,-0.025547888345798464,0.009212364522803274
2011-08-03,23.3799991607666,0.16951948185634091,0.15375962371052754,0.017406424129604137,-0.058222097087686,-0.5881951508361526,2.31,9.0,1,0.00541878579784183,0.000802910403080892
2011-08-04,31.65999984741211,0.2231054359159452,0.17896406805920506,0.3336141597578841,-0.11155471805063832,-0.6367332589292144,2.2,9.0,1,-0.04684141917042295,0.013229412551035491
2011-08-05,32.0,0.2235595911474941,0.178056929007834,0.26732673267326734,-0.10654761580043004,-0.6025116183219711,2.3,9.0,1,-0.001496822465387182,-0.011573833452499294
2011-08-08,48.0,0.30583479698435306,0.21985827292737184,1.0287405033626897,-0.14935205583295397,-0.6609602649973618,2.13,9.0,1,-0.06512315974924465,0.01591273281801797
2011-08-09,35.060001373291016,0.36175434177640253,0.24177165809338025,0.4142799547591385,-0.10593567800228876,-0.550807865721903,2.0100000000000002,9.0,1,0.046499376317321595,0.0058129262007518
2011-08-10,42.9900016784668,0.3852039717464761,0.2566520177173541,0.8387512070833285,-0.14828583388381744,-0.5900474973363363,1.98,9.0,1,-0.04417788382553223,0.013221598088455577
2011-08-11,39.0,0.4281127997827253,0.2744836170359097,0.23183828768046766,-0.10387222636746274,-0.6408349476713501,2.15,9.0,1,0.04488353754406593,-0.01469293723848697
2011-08-12,36.36000061035156,0.4284396562093991,0.27414996552156945,0.13625001907348633,-0.10304485751912829,-0.6237920736247476,2.04,9.0,1,0.0067334133424219456,0.006964816994967427
2011-08-15,31.8700008392334,0.4381665989759294,0.2780815450227488,-0.33604164918263757,-0.07648695685420004,-0.6295553455093068,2.1,9.0,1,0.02116514178946427,-0.003701663007704026
2011-08-16,32.849998474121094,0.4320733923789511,0.2781421719982367,-0.06303487771262661,-0.09899756566911921,-0.6305488414031213,2.03,9.0,1,-0.00853955750140667,0.004595784946606729
2011-08-17,31.579999923706055,0.4322624554719553,0.2773955918140475,-0.2654105910508927,-0.09785125265728023,-0.625814745378334,1.98,9.0,1,0.0006690920008958212,0.0070089962399830785
2011-08-18,42.66999816894531,0.4467418232668772,0.29026033251092015,0.09410251715244389,-0.14856124939497994,-0.6195526896986762,1.8800000000000001,9.0,1,-0.0431187187788874,0.0052195261461407405
2011-08-19,43.04999923706055,0.44662876704050736,0.2914796751286367,0.18399335848207787,-0.16302591957104084,-0.6151042034115957,1.8699999999999999,9.0,1,-0.016330358896531005,0.001058150737768715
2011-08-22,42.439998626708984,0.4477500752440332,0.2911907601595819,0.3316597900575968,-0.15766255857196199,-0.6224737727761794,1.8800000000000001,9.0,1,0.0007990405883415708,-0.00182532549809733
2011-08-23,36.27000045776367,0.47085306387196063,0.2998611869660385,0.10410965426183583,-0.12667808588191143,-0.6270587261792648,1.93,9.0,1,0.03291029009507884,-0.004041873437779286
2011-08-24,35.900001525878906,0.4730568732924921,0.30060514596433235,0.136795491216261,-0.09586501801982583,-0.634190451979265,2.06,9.0,1,0.014084727559065202,-0.010725358204550783
2011-08-25,39.7599983215332,0.47449608137203725,0.2988613784057579,-0.0681977963976097,-0.1070496051765496,-0.6300357274031618,2.01,9.0,1,-0.015244064117134082,0.00615341226726307
2011-08-26,35.59000015258789,0.47956552517639983,0.30073724237506955,-0.17328685753031448,-0.08783727620417991,-0.6269366625965588,1.99,9.0,1,0.014533980617269293,0.003203837648494412
2011-08-29,32.279998779296875,0.49356287167107776,0.30653210347168813,-0.23939679962708726,-0.05761781186262416,-0.6369912813064295,2.0799999999999996,9.0,1,0.02873619933843341,-0.0065804440735247605
2011-08-30,32.88999938964844,0.48619080618574595,0.3059513086150633,-0.09318999243055537,-0.030360817611969737,-0.6337237519154189,1.99,9.0,1,0.0026366804408781697,0.0069161078263766385
2011-08-31,31.6200008392334,0.4860290803002991,0.3061333145295989,-0.11922006976964117,-0.03130679587253227,-0.6338172559560835,2.03,9.0,1,0.004437901019873625,-0.0035792348231423743
2011-09-01,31.81999969482422,0.45694620917415674,0.3067159633491442,-0.19969816302554633,0.0056545253339344015,-0.6353367424652048,1.96,9.0,1,-0.010472834858453184,0.007968615401453327
2011-09-02,33.91999816894531,0.46634545837456287,0.31036800829282285,-0.046923348594623326,-0.018570913229078556,-0.6431884100954794,1.82,9.0,1,-0.02554999059915153,0.009171453998275014
2011-09-06,37.0,0.4006498342946811,0.30951376902126465,0.1462206133579642,0.04213425951218697,-0.6422857585152649,1.77,9.0,1,-0.0072974229291200565,0.0013393267388273067
2011-09-07,33.380001068115234,0.37857967576682583,0.3153032905835662,0.014898196642138428,0.023918262864915496,-0.6510329407557619,1.8399999999999999,9.0,1,0.02820707956537416,-0.005350440950271262
2011-09-08,34.31999969482422,0.341774352477263,0.3146594224913538,0.08538895584849948,0.06011183494599859,-0.6498048821792336,1.81,9.0,1,-0.010391381608393702,0.004898817934528843
2011-09-09,38.52000045776367,0.31902391601885516,0.3170316499192683,0.21055942260204552,-0.012017154552090403,-0.6456844046219633,1.76,9.0,1,-0.02620933324732666,0.0048741372399430105
2011-09-12,38.59000015258789,0.3189471502187993,0.3173501530297631,0.13767695270449898,-0.012275237014777618,-0.6478007455880147,1.73,9.0,1,0.006470432826330974,-0.0030438632475708882
2011-09-13,36.90999984741211,0.31091906748278997,0.31794889945783555,-0.0024324365564294403,-0.023876852813977223,-0.6493991576610774,1.79,9.0,1,0.009170742047201363,-0.0029576177180618
2011-09-14,34.599998474121094,0.3138817385041891,0.31917482375571304,0.03654875275517022,-0.001839423056449685,-0.6470821883918345,1.8399999999999999,9.0,1,0.0138441344763085,0.0005743338197801151
2011-09-15,31.969999313354492,0.3197525867778817,0.3199524865778055,-0.06847320519714717,0.014707035381616329,-0.6520125646182514,1.88,9.0,1,0.017257133968803018,-0.007458455175094247
2011-09-16,30.979999542236328,0.2743190257894366,0.32006583020428647,-0.19574249288482715,0.06670773714088929,-0.6526464019303729,1.9000000000000001,9.0,1,0.005918585968976764,0.0019259121090338116
2011-09-19,32.72999954223633,0.2691305783055527,0.3206033297388362,-0.15185282682510137,0.07361895897079629,-0.6545067357636315,1.81,9.0,1,-0.009957142634658855,0.008174368843187674
2011-09-20,32.86000061035156,0.2695005527485862,0.3198098458144999,-0.10972634120301972,0.0715133737714364,-0.6531483835517683,1.77,9.0,1,-0.0011637299363299602,0.0013349962041000474
2011-09-21,37.31999969482422,0.2704529637837583,0.3245632827442668,0.07861275551030844,0.0068139802701834284,-0.6501330894204737,1.67,9.0,1,-0.029458198200252528,0.0042866256860378815
2011-09-22,41.349998474121094,0.2890185048416372,0.3293114449828558,0.29340004260958463,-0.03926248111210828,-0.6581994972790508,1.52,9.0,1,-0.03232447682564954,0.009296051431336272
2011-09-23,41.25,0.285781055482879,0.32900440720324897,0.33150421593009227,-0.01851173660835781,-0.653285022181736,1.61,9.0,1,0.006025448546127965,-0.008270005502268973
2011-09-26,39.02000045776367,0.2941151919330604,0.3324197076190704,0.19217846023524787,-0.009566890926323568,-0.6569510027495554,1.66,9.0,1,0.023779990207279278,-0.004169781579520637
2011-09-27,37.709999084472656,0.2772336209740193,0.33173499770015696,0.14759581205221428,-0.0264656717612064,-0.6564200667883382,1.75,9.0,1,0.011183890747104464,-0.006660693087684466
2011-09-28,41.08000183105469,0.2849790291452928,0.3338947307320655,0.10075032601760525,-0.04885216884478183,-0.6524598562618709,1.7599999999999998,9.0,1,-0.020419027479746887,0.00019056303415609932
2011-09-29,38.84000015258789,0.2863357515694266,0.33446829037690395,-0.060701291757098486,-0.04557038597359353,-0.6530214496399208,1.72,9.0,1,0.007903552720656792,0.0
2011-09-30,42.959999084472656,0.2963762024958642,0.3366862299444563,0.041454523259943254,-0.05957188658849144,-0.6543152919070557,1.67,9.0,1,-0.024989217216643822,0.006321722850191724
2011-10-03,45.45000076293945,0.2994869587011311,0.34070695742047963,0.16478729445776885,-0.062378131422888616,-0.6687101542692139,1.56,9.0,1,-0.02845775703686415,0.009261044555488818
2011-10-04,40.81999969482422,0.3116969270374986,0.3430150741684678,0.08247151116034179,-0.034778907344494736,-0.67165914492605,1.56,9.0,1,0.021923120859343115,-0.005103443530556584
2011-10-05,37.810001373291016,0.3011303822930306,0.34564108729709614,-0.07960078656305447,-0.04387700117637039,-0.6761108693703637,1.67,9.0,1,0.01851528505356148,-0.004178723407628371
2011-10-06,36.27000045776367,0.3075928904030954,0.3479252846091504,-0.06616888992604653,-0.01635821491813072,-0.682253580473536,1.7199999999999998,9.0,1,0.01809117563825402,-0.006962023931030736
2011-10-07,36.20000076293945,0.2935616869954735,0.3479124445130921,-0.15735564398502322,0.0033523990953256977,-0.6836920689468993,1.8,9.0,1,-0.006696119948167323,-0.005186559952290559
2011-10-10,33.02000045776367,0.3158171110386704,0.35500984496843374,-0.2734873508585587,0.030244366573894066,-0.7021778518406756,1.8,9.0,1,0.03344597020692652,-0.01052298465239021
2011-10-11,32.86000061035156,0.31457590355449844,0.3547436845998463,-0.19500242880898278,0.021906492534274014,-0.7029713525031982,1.86,9.0,1,0.0010034190268954912,0.003317634633283939
2011-10-12,31.260000228881836,0.3123948350876624,0.3535126770834262,-0.17323461799808615,0.0167939822144747,-0.7144340631453686,1.9500000000000002,9.0,1,0.008771959440680988,-0.003404465219355557
2011-10-13,30.700000762939453,0.30654032348938787,0.35351334145202573,-0.153570433540812,-0.0024421092415108925,-0.7175503823042185,1.9,9.0,1,-0.001987719566482804,0.0040009349291738605
2011-10-14,28.239999771118164,0.3118953937561617,0.3541639247867133,-0.21988952552648877,0.008640582151557163,-0.7183870626107882,1.9799999999999998,9.0,1,0.017094163204268042,-0.004956955159266863
2011-10-17,33.38999938964844,0.31763387431059503,0.3560257026564215,0.011205297600102693,-0.0006649417180550898,-0.7231192557024951,1.9000000000000001,9.0,1,-0.01909108747504995,0.006544579175590481
2011-10-18,31.559999465942383,0.3249144870402583,0.35852402517998716,-0.039561811328745145,0.02005499460807414,-0.7269340574460714,1.91,9.0,1,0.019545864653024214,-0.0010676418862253234
2011-10-19,34.439998626708984,0.30846669340497024,0.3591589380961731,0.10172739521892504,0.03858356164314092,-0.7265994836934783,1.9000000000000001,9.0,1,-0.011829002784283338,0.0015545289095353354
2011-10-20,34.779998779296875,0.28041860978358574,0.35708473479942343,0.13289895488480674,0.07797291998005207,-0.7382637443085622,1.9200000000000002,9.0,1,0.004375620637735,-0.00203700692436648
2011-10-21,31.31999969482422,0.28544516564912137,0.35935635258074483,0.10906515398969852,0.09186145036444904,-0.7386221504577802,1.93,9.0,1,0.018987012561918037,-0.0018467922858551589
2011-10-24,29.260000228881836,0.2779880003772373,0.3600442860972456,-0.12368970459002115,0.07957676442564865,-0.7484202700238625,1.95,9.0,1,0.012261298301885493,-0.0004871858738038082
2011-10-25,32.220001220703125,0.2885226628221068,0.3621215655763679,0.02091260348318369,0.04687768877755194,-0.7519903662535452,1.8800000000000001,9.0,1,-0.019443647402317743,0.00857310171171366
2011-10-26,29.860000610351562,0.2765439757451389,0.35891594387758946,-0.13298484898328455,0.07955525672463737,-0.7447500563962238,1.95,9.0,1,0.01015791969598423,-0.007340698686427283
2011-10-27,25.459999084472656,0.2973536094102571,0.3657476306831002,-0.26797009838804353,0.10840149971996182,-0.7562968753509639,2.11,9.0,1,0.03483522723803367,-0.01206516737432728
2011-10-28,24.530000686645508,0.2761047212770585,0.3521055976945627,-0.2167943510325382,0.136544564555513,-0.735573473481036,2.0599999999999996,9.0,1,-0.00023303303413757526,0.006007100795518028
2011-10-31,29.959999084472656,0.26912751198903045,0.3559409170912944,0.02392340567721085,0.14163554813361423,-0.7652376228492878,1.92,9.0,1,-0.024105876997482345,0.0134134631638414
2011-11-01,34.77000045776367,0.28928407451488597,0.3338599166466629,0.07914336252172549,0.08598873599896684,-0.7487492956738823,1.7799999999999998,8.6,1,-0.027888541028270986,0.011994028988492778
2011-11-02,32.7400016784668,0.2879495897974354,0.3220792528842156,0.09645013426814275,0.0836391344443741,-0.8147958204403262,1.7999999999999998,8.6,1,0.016311666343891362,-0.0023917081078357327
2011-11-03,30.5,0.28803716333586615,0.30968918681660507,0.1979576235963456,0.08378395804785876,-0.8026574300592215,1.8499999999999999,8.6,1,0.018227239045383925,-0.00469764875970935
2011-11-04,30.15999984741211,0.2877456417951843,0.2970644253067735,0.22951483910196768,0.08443531733757403,-0.7844336652175994,1.84,8.6,1,-0.006099139613685023,0.0029862977150152403
2011-11-07,29.850000381469727,0.26651021339140785,0.29702650005895775,-0.003671518904015514,0.0558621581034926,-0.7969713967816942,1.79,8.6,1,0.006216299802020098,0.0011522411350084472
2011-11-08,27.479999542236328,0.26871751424759255,0.29513915415653147,-0.20966352659048026,0.0683372729634597,-0.7969944555660394,1.85,8.6,1,0.012830372509166299,-0.004509065628226061
2011-11-09,36.15999984741211,0.30339673768298364,0.30472162995709196,0.1044593156265674,0.019958826858524015,-0.8029901107639811,1.76,8.6,1,-0.03690913875464574,0.008866123541344084
2011-11-10,32.810001373291016,0.3045252201988138,0.3052378048893782,0.07573774994396776,0.03161574854106486,-0.8111366751054103,1.8,8.6,1,0.009418379076792327,-0.004871805174737731
2011-11-11,30.040000915527344,0.3057410830456917,0.29324186473333086,-0.003978744446017091,0.03336901259845315,-0.8233720498578494,1.8,8.6,1,0.018822747361544767,-0.004608510943239552
2011-11-14,31.1299991607666,0.29884576288736797,0.29175062964186826,0.0428810305842231,0.04349961241946576,-0.8286772830158121,1.8,8.6,1,-0.009474778554901864,0.006269823825812537
2011-11-15,31.219999313354492,0.29208790044074634,0.29179825903759365,0.13609897501525947,0.028552715430156805,-0.8298905005290408,1.8,8.6,1,0.004942076751741187,-0.0013420831165544822
2011-11-16,33.5099983215332,0.2948798370318429,0.2868950062972412,-0.0732854407373168,0.024354022058023617,-0.8340961738412835,1.7499999999999998,8.6,1,-0.015862852439532893,0.003646978842726689
2011-11-17,34.5099983215332,0.30084329399843845,0.28776497271447665,0.051813376320857696,0.0036985898042720677,-0.8368571712689672,1.69,8.6,1,-0.015876960152373054,0.0020078082316155044
2011-11-18,32.0,0.29268222703495156,0.285847609261191,0.06524630575026236,-0.016052299097789713,-0.8296168443940785,1.7199999999999998,8.6,1,-0.0010647235690244283,-0.003721825995792183
2011-11-21,32.90999984741211,0.2954337439022223,0.28735118106061475,0.05717959314592136,-0.04645796878965436,-0.8395699222411542,1.7,8.6,1,-0.01901931005748525,0.002777763372935116
2011-11-22,31.969999313354492,0.28848186553217564,0.2813696020386963,0.024023062668011796,-0.03136973747873206,-0.8354823892132726,1.68,8.6,1,-0.003927958972087975,0.0030564835859452355
2011-11-23,33.97999954223633,0.2939314555920863,0.2848906539333475,0.014025701111453293,-0.06226844944322396,-0.845416680739738,1.63,8.6,1,-0.022065499091379226,0.003428685872013615
2011-11-25,34.470001220703125,0.25784988732850384,0.2847199543642814,-0.0011590003701947849,-0.09554507660434164,-0.8349667710751021,1.69,8.6,1,-0.0018872505431014597,-0.006358180917414247
2011-11-28,32.130001068115234,0.2843077072065986,0.29028344105730247,0.004062533378601074,-0.06912898683037305,-0.8195675899550166,1.71,8.6,1,0.0289668013293769,9.466690227322161e-05
2011-11-29,30.639999389648438,0.27421783524030524,0.2853661063522492,-0.06897600936762616,-0.0434261058515748,-0.8125267364918183,1.73,8.6,1,0.002840166156266255,-0.0019094654461228044
2011-11-30,27.799999237060547,0.2966091121880577,0.29671942194258,-0.13043478779657203,0.02450822010545184,-0.8104385008919673,1.83,8.6,1,0.0411492375733884,-0.005837282718246128
2011-12-01,27.40999984741211,0.2913246347764806,0.2914047391446758,-0.19334902246416652,0.007903778074446866,-0.8077437976971265,1.8399999999999999,8.5,1,-0.0001599322417248361,-0.00028809156722409135
2011-12-02,27.520000457763672,0.28374669793437834,0.2904827313847417,-0.20162461609560933,-0.01100989990787149,-0.8035226155426111,1.7999999999999998,8.5,1,-0.0008801624060937874,0.004436485368599419
2011-12-05,27.84000015258789,0.285625696310595,0.28552264943950645,-0.13352009875233406,0.0058972130656513855,-0.8009717790043593,1.77,8.5,1,0.010891924431817301,-0.0005770966380902465
2011-12-06,28.1299991607666,0.2848118615120862,0.28535875930562143,-0.08191906915408842,0.0,-0.798978014519997,1.83,8.5,1,0.0003172160457591833,-0.0025932921680319465
2011-12-07,28.670000076293945,0.2812473546839491,0.2849564916808504,0.03129499507588429,-0.008992364625844518,-0.792168428783149,1.78,8.5,1,0.0037226324954340306,0.004527736591205311
2011-12-08,30.59000015258789,0.2595881154835114,0.2877423694692667,0.11601606431515599,0.006414069816216061,-0.7993063822402563,1.77,8.5,1,-0.021936704955059505,0.0050823548170904065
2011-12-09,26.3799991607666,0.2643673080643834,0.2876665433794802,-0.04142446504485664,0.013915671396060425,-0.7993774327009125,1.8499999999999999,8.5,0,0.01694237415427491,-0.006869784934007583
2011-12-12,25.670000076293945,0.26077795176132357,0.2891973011879852,-0.0779454046120841,-0.01934349323285134,-0.8032638794216471,1.7899999999999998,8.5,0,-0.014597382574430218,0.0034586526669875273
2011-12-13,25.40999984741211,0.2607186876284793,0.2891042895635204,-0.09669389955574981,-0.019208755465291216,-0.8064290156250409,1.72,8.5,0,-0.009338684870590863,0.004596006977039657
2011-12-14,26.040000915527344,0.2620003358965849,0.2899945558296508,-0.09173348984192153,-0.034422532863657596,-0.8078173135626996,1.67,8.5,0,-0.010646322042750622,0.00419416940332229
2011-12-15,25.110000610351562,0.2570335967806286,0.28330337070060146,-0.17914349509320693,-0.015312933248130878,-0.8098216134878405,1.66,8.5,0,0.0036140590426938513,-0.0008548979399011225
2011-12-16,24.290000915527344,0.25070010969472284,0.27469422747986694,-0.07922662288585613,0.002056635867445422,-0.7943099273177489,1.62,8.5,0,0.001482659706604661,0.004845045986626273
2011-12-19,24.920000076293945,0.2536657195463255,0.27565136516526306,-0.029216984720331962,-0.007599998771717353,-0.805104362681927,1.58,8.5,0,-0.010691278244064795,0.003403461243264294
2011-12-20,23.219999313354492,0.26537509560259154,0.27822464845546463,-0.08618656226716426,0.04225266025230745,-0.8125471468706679,1.68,8.5,0,0.030259706250785667,-0.009044687718168798
2011-12-21,21.43000030517578,0.2643928223036648,0.27746941955774423,-0.1770353474758395,0.04838911891328723,-0.811199897691768,1.7,8.5,0,0.0019366026032656691,-0.003233286879595121
2011-12-22,21.15999984741211,0.24860641356116364,0.2742078383215236,-0.15730787204007757,0.08154170534485905,-0.8192113114632674,1.69,8.5,0,0.008859142800550224,0.0012410335794685867
2011-12-23,20.729999542236328,0.24815178767765037,0.2743169279895969,-0.14656242235937056,0.09327455755920067,-0.8200506183768062,1.7499999999999998,8.5,0,0.008940542157591436,-0.004096640443996935
2011-12-27,21.90999984741211,0.2309938345391984,0.2686427470629704,-0.12078652566880244,0.06333793670858556,-0.8158236663455296,1.72,8.5,0,0.0007910893947289388,0.0005649925862118987
2011-12-28,23.520000457763672,0.23814051311094528,0.26296966263306215,0.012919946308380892,0.04641107527133337,-0.8089205973523725,1.65,8.5,0,-0.013123654892742587,0.006320985917633859
2011-12-29,22.649999618530273,0.1923079614380947,0.26034691047077835,0.05692950517876749,0.015440243462927272,-0.801661532119456,1.63,8.5,0,0.010334141397180252,0.0012375587633099983
2011-12-30,23.399999618530273,0.19337260660755026,0.2584846287654194,0.10586010336820095,0.010610220169167128,-0.7997360823034222,1.64,8.5,0,-0.004915752043427868,0.003517595272642282
2012-01-03,22.969999313354492,0.20074035145612537,0.2579408609886324,0.10805594889446457,0.027619953070860292,-0.7987008248164769,1.7,8.5,0,0.015936174135021464,-0.006346636493901658
2012-01-04,22.219999313354492,0.19762107283314856,0.25734157109363437,0.01414876623009187,0.018142774240963666,-0.8139615958190582,1.75,8.5,0,0.00156901909418794,-0.003146074792867992
2012-01-05,21.479999542236328,0.19769318535689268,0.24880462037623516,-0.08673473111493768,0.020529517226465455,-0.8003228019758003,1.75,8.5,0,0.0026621721354918026,0.00019104451555440605
2012-01-06,20.6299991607666,0.19784522737933832,0.24893509320743953,-0.08918324467039207,0.014124090109131293,-0.8015841139778113,1.73,8.5,0,-0.0025773049977425577,0.003920722347522387
2012-01-09,21.06999969482422,0.17872842168324352,0.24846151696275742,-0.09957264793547027,0.039386439341158486,-0.8009173332873442,1.72,8.5,0,0.0024273514473416302,0.00019055841815762697
2012-01-10,20.690000534057617,0.17183074481510793,0.24883719245032176,-0.0992598540467221,0.0309319529877794,-0.8028289458631557,1.76,8.5,0,0.008670450354778092,-0.0020000377291068405
2012-01-11,21.049999237060547,0.16098807795314363,0.24667486057753932,-0.05265527058728403,0.04677111512606014,-0.7923783939970754,1.69,8.5,0,0.0005422702257920076,0.005820145144384892
2012-01-12,20.469999313354492,0.15497712569591138,0.24306605825543973,-0.04702049582896228,0.05917366520447698,-0.7856082853518952,1.72,8.5,0,0.0023990545397700735,-0.0020872015962423163
2012-01-13,20.90999984741211,0.14975072231955577,0.24047569514600345,0.013572501116626556,0.06503290189606115,-0.7898096120865744,1.65,8.5,0,-0.005173322136052705,0.004467491921835931
2012-01-17,22.200000762939453,0.14976356665691604,0.23903338400312868,0.05363080609786697,0.06531600869104182,-0.7915977059290655,1.6600000000000001,8.5,0,0.0038808394953417924,0.0009466534661317638
2012-01-18,20.889999389648438,0.1521352981796541,0.23979017155769175,0.009666449996538429,0.07549967092729215,-0.7934811430034223,1.68,8.5,0,0.011056120593994523,-0.0031200997145269804
2012-01-19,19.8700008392334,0.14236114543506054,0.23713198566499594,-0.056056933044902335,0.09285851780871712,-0.7893296701129014,1.7499999999999998,8.5,0,0.005276424102708344,-0.005974741114226467
2012-01-20,18.280000686645508,0.1048717437070501,0.2360732860930102,-0.10698576942698013,0.06471428334322593,-0.7892280202437164,1.7899999999999998,8.5,0,0.003727570333311725,-0.003434786218775132
2012-01-23,18.670000076293945,0.10677704664040226,0.23231989169217762,-0.10712576697581344,0.05991808992501668,-0.7769809671917577,1.8299999999999998,8.5,0,-0.0025767976713878538,-0.002202217073299595
2012-01-24,18.90999984741211,0.10530840547870661,0.23163946091940935,-0.14819823434509294,0.04941302475858689,-0.7792355733650078,1.84,8.5,0,-0.001139866688586788,0.0011514105351326798
2012-01-25,18.309999465942383,0.1048576965663346,0.22131782719086876,-0.12350406888879639,0.04881714388674596,-0.739347854415861,1.7899999999999998,8.5,0,0.008367642493005256,0.004791711505187424
2012-01-26,18.56999969482422,0.10812300778711079,0.22163354121997156,-0.06542531904892135,0.042612192583003194,-0.7460902388495925,1.74,8.5,0,-0.0051297329441404305,0.005341804447928755
2012-01-27,18.530000686645508,0.0927000425041736,0.215580750972608,0.013676148282786293,0.05599627445818589,-0.7288510929550361,1.71,8.5,0,-0.00045505778869991964,0.0030364796793524995
2012-01-30,19.399999618530273,0.09059135919672025,0.2072388238237532,0.03910013600713569,0.04162709093815087,-0.7022105572267808,1.6500000000000001,8.5,0,-0.0034137070047868256,0.0034044350962045833
2012-01-31,19.440000534057617,0.08733357486902334,0.2049273181984842,0.028027535215344734,0.04637441658233743,-0.6972704227245091,1.61,8.5,0,-0.00038055032916040066,0.003771392409420038
2012-02-01,18.549999237060547,0.07534301548384499,0.20245975656680018,0.013107579362007904,0.038980106859849206,-0.6908641503426903,1.6400000000000001,8.3,0,0.0087569593044734,-0.003471704715241164
2012-02-02,17.979999542236328,0.07534204244191971,0.2019227552640266,-0.031771683483243884,0.03899658783595661,-0.6885068187427946,1.6300000000000001,8.3,0,0.0015849066313646798,0.0014162374438204672
2012-02-03,17.100000381469727,0.08673846537173373,0.20339253085279843,-0.07717216687457418,0.050765052077763384,-0.6957060070133451,1.74,8.3,0,0.014019085197127357,-0.007919928241848173
2012-02-06,17.760000228881836,0.08551467242346401,0.20198498914541727,-0.08453605267507125,0.05277566245971266,-0.6898290912459836,1.69,8.3,0,-0.0006687637669527957,0.0027558043292339462
2012-02-07,17.649999618530273,0.085512891302877,0.18588235501363073,-0.09207823386585712,0.05288252459422771,-0.6473993666335504,1.75,8.3,0,0.002529102969809127,-0.006444232149746765
2012-02-08,18.15999984741211,0.08248004854564604,0.18520383465069534,-0.021024226721760075,0.04692939579461064,-0.6439658135316249,1.7399999999999998,8.3,0,0.002967302124025517,0.0004774033838359504
2012-02-09,18.6299991607666,0.08231580106244156,0.18167984777548332,0.0361512589031705,0.047677920654635164,-0.631152773879568,1.77,8.3,0,0.0012576296051138858,-0.0022884487874814674
2012-02-10,20.790000915527344,0.08926659217022634,0.18120203184119363,0.2157895001017811,0.037448974297733306,-0.6285335726695734,1.69,8.3,0,-0.007387814072188026,0.005638026527466478
2012-02-13,19.040000915527344,0.08730385949696026,0.18148825453837528,0.07207210980571577,0.05060562093774035,-0.6280436928322254,1.7,8.3,0,0.007442800095469826,-0.0006642893790931303
2012-02-14,19.540000915527344,0.0881155102514129,0.17800523496482668,0.10708222877312745,0.04522963932412072,-0.6226650227192944,1.63,8.3,0,-0.0012560499594993502,0.002090082661144743
2012-02-15,21.139999389648438,0.08483249968548398,0.17475687660065678,0.16409689247111925,0.028981945633919093,-0.6244067840619456,1.64,8.3,0,-0.004660358859876701,0.0007603114850458503
2012-02-16,19.219999313354492,0.09060603227142301,0.17567976434416047,0.03166936012699284,0.034915656354211455,-0.6399024414325829,1.7,8.3,0,0.011073434944215643,-0.004552022085784091
2012-02-17,17.780000686645508,0.09037127326720233,0.17013877345636924,-0.1447811494146578,0.033800566119026376,-0.6408932490805571,1.7199999999999998,8.3,0,0.002646084315013786,-0.0010472290540135543
2012-02-21,18.190000534057617,0.08911283430628233,0.16968554402059213,-0.04464287503140518,0.036927111121894285,-0.6306624052832155,1.7399999999999998,8.3,0,0.00043973049776568907,-0.0036229916775540882
2012-02-22,18.190000534057617,0.09033271317654928,0.16230581244816109,-0.06908906439185258,0.034763510626321104,-0.6327178589924078,1.7199999999999998,8.3,0,-0.0032240385230974944,0.003923301569687121
2012-02-23,16.799999237060547,0.0875220809743672,0.16205286542825825,-0.20529802639034356,0.03070325162882903,-0.6593034673037299,1.68,8.3,0,0.00441095697871452,0.0014300698789977417
2012-02-24,17.309999465942383,0.08392033789409595,0.15263083846093067,-0.09937564597543969,0.03829229222567898,-0.6991760349419919,1.67,8.3,0,0.0021954703414359678,0.0007608263520288983
2012-02-27,18.190000534057617,0.0834687358371944,0.15263484633448285,0.023059608075271854,0.04050996214397928,-0.6977045065181319,1.6199999999999999,8.3,0,0.0016798523584027336,0.0033295314371384332
2012-02-28,17.959999084472656,0.08101094526493482,0.12950950380358686,-0.012644389380545795,0.047118975287714804,-0.7101625530850958,1.64,8.3,0,0.002916315915609591,0.00047426522261795334
2012-02-29,18.43000030517578,0.08351544249197705,0.12997416146109453,0.013194049701582333,0.04340529472141186,-0.6880844485385847,1.68,8.3,0,-0.003925770510965321,-0.0039800950121374745
2012-03-01,17.260000228881836,0.08067420058049495,0.13005907979585238,0.027381012661389592,0.03970717934976453,-0.6903635288909755,1.7299999999999998,8.2,0,0.005181647164183678,-0.0032389560404599838
2012-03-02,17.290000915527344,0.08261440935501241,0.1290189663706307,-0.0011553177950344162,0.03489678161443943,-0.6962420158910629,1.71,8.2,0,-0.003049111352053102,0.0040139252176680795
2012-03-05,18.049999237060547,0.07107800030307475,0.12951080819825878,-0.0076966076353292,0.01642671933296591,-0.6898739166718263,1.69,8.2,0,-0.004078367602925237,-0.001998939017104684
2012-03-06,20.8700008392334,0.08977367738420719,0.1335433054541367,0.16202683202119927,0.002231141478090004,-0.707866500542886,1.66,8.2,0,-0.014625583375222573,0.004197304163280791
2012-03-07,19.06999969482422,0.09269257601112474,0.12505780468680117,0.03472595654101562,0.006676974784835421,-0.7070843429949096,1.68,8.2,0,0.006976258014693704,-0.0019000964484557903
2012-03-08,17.950000762939453,0.09844251707273674,0.12219246702299008,0.03997685544076712,0.01368423889716941,-0.6927354316544891,1.7099999999999997,8.2,0,0.009948743994711462,-0.002950126499354111
2012-03-09,17.110000610351562,0.09907326268343775,0.1175557997708626,-0.010410659088752938,0.016326768075925147,-0.692854906096787,1.71,8.2,0,0.0038677643987274912,-0.0007642122860150868
2012-03-12,15.640000343322754,0.09429102370473845,0.11529504329791868,-0.13351794989495314,0.02396529725929475,-0.6827722274956488,1.71,8.2,0,7.248057727005097e-05,-0.0002861074630297056
2012-03-13,14.800000190734863,0.10979197953190949,0.11683314894527214,-0.29084812670862836,0.03472234985977085,-0.6958526267356,1.79,8.2,0,0.018026279068442896,-0.007167674849390071
2012-03-14,15.3100004196167,0.10972723647707823,0.11703180100355756,-0.19716829236384414,0.03491382071032967,-0.6250955820610276,1.8900000000000001,8.2,0,-0.0010712367546519275,-0.011453901065589966
2012-03-15,15.420000076293945,0.10789711942573614,0.11722133829080754,-0.14094710747138717,0.04577883571593855,-0.6300686029801896,1.92,8.2,0,0.005789187682310182,-0.0002932058379466751
2012-03-16,14.470000267028809,0.10276235391164551,0.11400071389165264,-0.15429574805073654,0.03575784750393063,-0.6227574417939505,1.94,8.2,0,0.0013850050133172864,-0.000292385678860807
2012-03-19,15.039999961853027,0.10300428485193618,0.09849566448704498,-0.0383631949040133,0.03707386208604002,-0.574391428035855,2.0,8.2,0,0.003920027709054752,-0.006136859397193106
2012-03-20,15.579999923706055,0.10428770981632489,0.09905610358906666,0.0527026839810103,0.03360076871643369,-0.5771865465315529,1.97,8.2,0,-0.0029106775317006006,0.0004899552088724057
2012-03-21,15.130000114440918,0.10344820214543823,0.0983512582501138,-0.011757041165403659,0.03524553287908705,-0.5940360045871962,1.92,8.2,0,-0.0016378735073074857,0.005094760664448916
2012-03-22,15.569999694824219,0.10762163726819435,0.09902771809735844,0.00972760167238107,0.023274924861147683,-0.5845447418163549,1.92,8.2,0,-0.007203108934207392,0.0012679141240614644
2012-03-23,14.819999694824219,0.10781512261519936,0.09905815630931414,0.024187935130375537,0.024333824518233405,-0.5751317139281432,1.88,8.2,0,0.0032325566748292456,0.003699086359687076
2012-03-26,14.260000228881836,0.11703307979791594,0.09726954589481088,-0.051861684504624805,0.03696868534552333,-0.5367015350362333,1.9,8.2,0,0.014035283005243926,-0.0011640754815059884
2012-03-27,15.59000015258789,0.11824694122092141,0.09636244224567164,0.0006418632176383721,0.03074054754010258,-0.5624598830609376,1.87,8.2,0,-0.0031072999477238517,0.005535827726864229
2012-03-28,15.470000267028809,0.11893517194666489,0.09637558471077291,0.022471920027507197,0.02967169605120823,-0.5399708822019712,1.8699999999999999,8.2,0,-0.004958673917918155,-0.0017383742726198026
2012-03-29,15.479999542236328,0.11861279218990482,0.09214625710670803,-0.0057803567342270545,0.0226132765313225,-0.5163702680278217,1.85,8.2,0,-0.001708892593861533,0.004160681390837029
2012-03-30,15.5,0.11798341666923647,0.09228350270930546,0.04588396215779045,0.029983452697377233,-0.5206489629724257,1.9,8.2,0,0.00413611090827537,-0.004914622808052882
2012-04-02,15.640000343322754,0.11776447847195197,0.09297657866265632,0.09677420002041104,0.041766793735826147,-0.5046618395543654,1.8900000000000001,8.2,0,0.007315295286872026,0.0023960324688974133
2012-04-03,15.65999984741211,0.10295567021442725,0.09333138527739358,0.004490038110269046,0.052906064243155804,-0.449376238918857,1.94,8.2,0,-0.0040892980532226675,-0.007353141610332181
2012-04-04,16.440000534057617,0.11060326773999742,0.09633815635580836,0.0627020200572439,0.035248808109833885,-0.47207550009844573,1.9,8.2,0,-0.009910754333098626,0.005067899410917898
2012-04-05,16.700000762939453,0.10648065029715915,0.09527720615141119,0.07881145069639173,0.024537653702072504,-0.4700414653347142,1.8399999999999999,8.2,0,-0.0005006444577159153,0.00446186810176652
2012-04-09,18.809999465942383,0.11469845006899962,0.0987295626860429,0.21354835264144412,0.009128067199320578,-0.5188414869391291,1.74,8.2,0,-0.011230936070630415,0.010234386746351687
2012-04-10,20.389999389648438,0.13007006750500352,0.10535464015535068,0.3037083722542,-0.007882154268497588,-0.530786530570067,1.7299999999999998,8.2,0,-0.016785096702987667,0.004682477507568006
2012-04-11,20.020000457763672,0.11539577184518414,0.10559772994037966,0.2784163890698934,-0.01756113560327177,-0.5308230582246581,1.7499999999999998,8.2,0,0.008094538201360857,-0.0039000435181557602
2012-04-12,17.200000762939453,0.12551956029430916,0.10826769526888472,0.04622872288278801,-0.003657788180684407,-0.53216549010078,1.79,8.2,0,0.013065473578304898,-0.00200565201430003
2012-04-13,19.549999237060547,0.13002304048472024,0.10961414391123094,0.1706585834681993,-0.021169388869496042,-0.546410225092219,1.75,8.2,0,-0.011888452011039496,0.006029640721933349
2012-04-16,19.549999237060547,0.12972018398890636,0.10927376906311927,0.03934076513175966,-0.023164766905501843,-0.5415743607287287,1.73,8.2,0,-0.0006563508881715086,-0.00028554508731404304
2012-04-17,18.459999084472656,0.14065592098451185,0.11284917512233002,-0.09465426007592725,-0.012566269859321078,-0.5310958286009723,1.7599999999999998,8.2,0,0.014812390195376723,-0.0010469704134389302
2012-04-18,18.639999389648438,0.14076808387207737,0.11296900758792058,-0.0689311207073462,-0.013030493042492264,-0.540550937667993,1.73,8.2,0,-0.0033794401079154657,0.0020002042469005055
2012-04-19,18.360000610351562,0.1422438028282429,0.11390328468403962,0.06744184860221303,-0.017759118249658812,-0.5387777467920455,1.71,8.2,0,-0.006421081381446037,0.0011413228417300747
2012-04-20,17.440000534057617,0.14046972998715518,0.11284333321150994,-0.1079283266161487,-0.008980133658487599,-0.5695335340488218,1.7,8.2,0,0.001670222211710648,9.455272446090568e-05
2012-04-23,18.969999313354492,0.14252491270599732,0.11377094675286001,-0.029667516436857944,-0.02047991401106508,-0.5637750930987943,1.69,8.2,0,-0.008408939561674766,0.0019936492049357213
2012-04-24,18.100000381469727,0.13248597493260517,0.11391948575535854,-0.019501555842748486,-0.030365401973573847,-0.5661850380822538,1.73,8.2,0,0.003801461639971082,-0.002558358739290889
2012-04-25,16.81999969482422,0.14281266794920164,0.11659322095638165,-0.09763947180357424,-0.014025708756503774,-0.5565281870368817,1.7499999999999998,8.2,0,0.013691730246067513,-0.0012344753185810076
2012-04-26,16.239999771118164,0.14432734110528345,0.11717586599737352,-0.11546845145735563,-0.002206599317623237,-0.5401671451275201,1.72,8.2,0,0.00696912423424334,0.0033284579028398653
2012-04-27,16.31999969482422,0.14431292268071447,0.11611479023565485,-0.06422022964083118,0.0011409337631134164,-0.5326942628121704,1.7,8.2,0,0.0016403102611199927,0.0010425130502442759
2012-04-30,17.149999618530273,0.14408509698425623,0.11651926100857782,-0.09594094679502574,-0.006675427706702597,-0.5339455709168633,1.68,8.2,0,-0.0037036352683716967,0.0008528231652062956
2012-05-01,16.600000381469727,0.14336842357750598,0.11385721636567937,-0.08287292643019273,-0.007755482294055205,-0.5070773441031029,1.71,8.2,0,0.006220028406406897,-0.0018198952957283465
2012-05-02,16.8799991607666,0.1430395068831788,0.11408774968918475,0.003567150239654593,-0.006654574678360281,-0.5088909112869193,1.69,8.2,0,-0.002984322760579916,0.0018988259891097314
2012-05-03,17.559999465942383,0.14122045309762205,0.1153258310326817,0.08128077053127525,-0.0043618125421198695,-0.507614789975403,1.68,8.2,0,-0.007625507855793079,-9.519094375820547e-05
2012-05-04,19.15999984741211,0.1521996598029106,0.12023425031202929,0.17401962044696462,-0.0199582331513809,-0.5198839922201214,1.64,8.2,0,-0.01615754928930402,0.003980239017434384
2012-05-07,18.940000534057617,0.1473424043138786,0.12022158650392414,0.10437323354767192,-0.008103096608020666,-0.5205572363344229,1.65,8.2,0,0.0007297707678401988,-0.00028232818146811667
2012-05-08,19.049999237060547,0.13491554106584577,0.1194946771898665,0.14759028911383099,0.004783198183969217,-0.5118042208197143,1.6099999999999999,8.2,1,-0.004011594694426468,0.0022654893152429523
2012-05-09,20.079999923706055,0.13330767700180043,0.1192569975129901,0.18957351433861835,-0.009197090569378563,-0.5112804564102249,1.6,8.2,0,-0.005931823664761193,0.0008477352394919979
2012-05-10,18.829999923706055,0.12392716007649773,0.11928413338381175,0.07232349068272104,-0.019958060101207153,-0.5116637482524229,1.6199999999999999,8.2,1,0.002062713502450242,-0.0014116306690824532
2012-05-11,19.889999389648438,0.1173968441118036,0.11904496134391794,0.0381001851800602,-0.011156329554989797,-0.5142588455106863,1.57,8.2,1,-0.0030142485296020816,0.003299238034508045
2012-05-14,21.8700008392334,0.12320594114079729,0.11907643558078446,0.15469906138107548,-0.021452078754063963,-0.5113395563987245,1.49,8.2,1,-0.011061424897810035,0.004415396729905874
2012-05-15,21.969999313354492,0.1088645760391446,0.11947863761459829,0.1532808500387377,-0.04127164721550991,-0.5073689841135204,1.47,8.2,1,-0.005741681001659726,0.0002809229692835036
2012-05-16,22.270000457763672,0.10894635908451387,0.11968857769035385,0.10906377203080297,-0.04169998630863492,-0.5103760169946712,1.46,8.2,1,-0.0038247086196623314,0.0007480183150800901
2012-05-17,24.489999771118164,0.11714621953194654,0.12319154417319297,0.3005841673045597,-0.049811100679057474,-0.5181965582491185,1.38,8.2,1,-0.014830798724465466,0.003737969916596251
2012-05-18,25.100000381469727,0.11791169327050834,0.12382970069987163,0.261940731608709,-0.05951457902989332,-0.5131070331172022,1.39,8.2,1,-0.008558991498167856,-0.0006516391304214331
2012-05-21,22.010000228881836,0.1360565903840736,0.1290593945721264,0.006401435037775016,-0.03523655939275849,-0.5203269263785567,1.45,8.2,0,0.017188338929359004,-0.00260911995156643
2012-05-22,22.479999542236328,0.13513420028817544,0.12906402321565807,0.02321348406105006,-0.037215114283831174,-0.5279649570198139,1.49,8.2,0,0.0017428468459201873,-0.0021481832676307766
2012-05-23,22.329999923706055,0.12253283492580441,0.12888608795905693,0.0026941834175608914,-0.04971627174799187,-0.5259319392525826,1.45,8.2,1,0.0005295793565702756,0.002621094720750783
2012-05-24,21.540000915527344,0.11861933839621763,0.12879214531799066,-0.12045728391838728,-0.05443805336118879,-0.542215700302235,1.48,8.2,1,0.00196568352016091,-0.002146987566381653
2012-05-25,21.760000228881836,0.11747316206066352,0.1283754540928054,-0.13306773314050113,-0.059049354203042914,-0.5384073457096576,1.45,8.2,1,-0.0032444726157297987,0.0029004572815589658
2012-05-29,21.030000686645508,0.12908000764436647,0.13087097514872453,-0.04452519454999182,-0.04411248245516364,-0.5356382472403092,1.44,8.2,1,0.012111807432420019,-0.0008402002871404912
2012-05-30,24.139999389648438,0.1320387152585467,0.13385661800968837,0.07384341108607395,-0.06380563687702456,-0.571880130401125,1.3599999999999999,8.2,1,-0.014510074286713803,0.009522870510738857
2012-05-31,24.059999465942383,0.13208953804019866,0.13064437613343163,0.07747422965280526,-0.0630701313066847,-0.5621788970294661,1.32,8.2,1,-0.0022010339338029983,0.0038848322697868642
2012-06-01,26.65999984741211,0.15290674443299138,0.13932056705729418,0.23769724764468125,-0.07964074414383115,-0.5966996179232817,1.22,8.2,1,-0.025176718515471763,0.008590324886172729
2012-06-04,26.1200008392334,0.14650108251050709,0.13749872900792096,0.2003676730005075,-0.06496355025648393,-0.57737247736416,1.28,8.2,1,-0.0004679733853263368,-0.005763775274216232
2012-06-05,24.68000030517578,0.1509507758724655,0.13826792937296467,0.17356155489087066,-0.058570264151244,-0.5830926313519944,1.32,8.2,1,0.007572233155595187,-0.0033121791039577575
2012-06-06,22.15999984741211,0.17575386978855603,0.14635792071049106,-0.08202152412171893,-0.03354103548167264,-0.6104455611330253,1.4,8.2,0,0.0224681526508812,-0.006555203702200085
2012-06-07,21.719999313354492,0.17517064555524778,0.14116140619281795,-0.09725686635613717,-0.027184553766767316,-0.5813391352450031,1.39,8.2,1,0.0006062461532299057,0.002416706967421245
2012-06-08,21.229999542236328,0.17790438688272836,0.14231267589224278,-0.2036759315924329,-0.02146768422588441,-0.630316637282301,1.3699999999999999,8.2,1,0.007951458204292994,0.0007412592347473268
2012-06-11,23.559999465942383,0.18259905432123144,0.14373764281562762,-0.09800923778860604,-0.030971658914577094,-0.6297418100296882,1.33,8.2,0,-0.012697451827253015,0.0026867777468289056
2012-06-12,22.09000015258789,0.18448925094943955,0.14593724462977836,-0.10494327879099452,-0.008873394621367159,-0.6428263699072875,1.3699999999999999,8.2,0,0.011490883508237015,-0.0053586814440889086
2012-06-13,24.270000457763672,0.18475533503488006,0.14602562098783325,0.095216634696772,-0.009524508157976563,-0.6494604174925173,1.31,8.2,0,-0.006394851895139109,0.005294390974482255
2012-06-14,21.68000030517578,0.18828508396074778,0.1478958446154992,-0.00184157502040605,0.0048179814137983,-0.6573698078248673,1.3399999999999999,8.2,0,0.010600316376878416,-0.0026797315858272386
2012-06-15,21.110000610351562,0.18248494933923445,0.14959987282733445,-0.005652328519651251,0.030376259526209815,-0.6304298516949395,1.31,8.2,0,0.010227698336419788,0.0046320364349254906
2012-06-18,18.31999969482422,0.17852579757172954,0.149050521438488,-0.22241086120111964,0.041285838385716866,-0.6328203161564163,1.3,8.2,0,0.0019383426230332734,-0.00027633342259858473
2012-06-19,18.3799991607666,0.17196547240590762,0.15031010301564676,-0.16794934206402234,0.03359205205676985,-0.6488968745466339,1.3399999999999999,8.2,0,0.009672602666056518,-0.00341284978223122
2012-06-20,17.239999771118164,0.1723708269321856,0.14730578614478412,-0.28965803683768365,0.030121255156925653,-0.6445871886798602,1.3299999999999998,8.2,0,-0.001621000583397203,-0.0020370888224998662
2012-06-21,20.079999923706055,0.19228914290440668,0.15388687236576076,-0.07380075456400015,0.006473462314003475,-0.6327886439907017,1.3099999999999998,8.2,0,-0.02243889751680117,0.00213331542213413
2012-06-22,18.110000610351562,0.1939820174441277,0.15465697023834113,-0.14211273866704255,0.012235279158421042,-0.6470676400489688,1.38,8.2,0,0.007701694422586058,-0.0043494205564554855
2012-06-25,20.3799991607666,0.20253802505133367,0.15780298607379467,0.11244538756866773,-0.0007538135464967288,-0.6610233020743195,1.3199999999999998,8.2,0,-0.016034927775618768,0.005484215787454172
2012-06-26,19.719999313354492,0.19845706194574286,0.15793613987280675,0.07290534351319322,-0.007749827241048668,-0.6647853669534493,1.3499999999999999,8.2,0,0.005025717776830918,-0.002218182208951869
2012-06-27,19.450000762939453,0.19364946813066397,0.15835401445437552,0.12819031445253626,0.01593799328143608,-0.6672296095968554,1.3399999999999999,8.2,0,0.009016360001631973,0.0013897199420285222
2012-06-28,19.709999084472656,0.19380013890731881,0.15826845806786374,-0.01842633668521998,0.015273657323150669,-0.7090213046609398,1.29,8.2,0,-0.002853508530364479,0.0032376720855027408
2012-06-29,17.079999923706055,0.18607939495004508,0.16572041657469105,-0.0568746908852541,0.06745642311733735,-0.7171003750282563,1.3399999999999999,8.2,0,0.024926989604512118,-0.0046105359826348336
2012-07-02,16.799999237060547,0.1855454536042891,0.16585987984676392,-0.17566241762158108,0.07117325154657683,-0.7099077696736493,1.31,8.2,0,0.003012345784619175,0.004639230380511172
2012-07-03,16.65999984741211,0.1852933591241748,0.16484158239661847,-0.15517239211413836,0.07013205577990456,-0.7142662224743838,1.3499999999999999,8.2,0,0.006592858491166753,-0.0024941377327557523
2012-07-05,17.5,0.17292022618993855,0.16137317219596675,-0.10025710470176619,0.04189401821117933,-0.7070486965221758,1.34,8.2,0,-0.004512156883289764,0.00268564325949483
2012-07-06,17.100000381469727,0.17774287594138527,0.16174696153652465,-0.13242003167108518,0.03136744949157211,-0.7075742802576627,1.3,8.2,0,-0.009503179783857285,0.0035091696454359056
2012-07-09,17.979999542236328,0.17638193593745813,0.15943422139203176,0.05269318633199327,0.021947595196452285,-0.7025685541275466,1.26,8.2,0,-0.0012545293198610308,0.0027606744677357575
2012-07-10,18.719999313354492,0.17277034682284884,0.15857944701064983,0.11428572401708537,0.026064134922148652,-0.6886944605821672,1.26,8.2,0,-0.00872046692123829,0.00045839009402315334
2012-07-11,17.950000762939453,0.16857503841211505,0.15857886206653543,0.0774310280517636,0.014558906284505957,-0.6883493803770273,1.27,8.2,0,0.00014906433380867945,-0.0009169254430887452
2012-07-12,18.329999923706055,0.1677884952637975,0.15571109424927962,0.047428567068917404,0.016141452939733014,-0.6910784222070419,1.25,8.2,0,-0.004844989689988033,0.00229517184978989
2012-07-13,16.739999771118164,0.17387021946443695,0.15957703898654635,-0.02105266680237472,0.022352700144802062,-0.6854549144426537,1.27,8.2,0,0.016777692934421662,-0.0008242117275731875
2012-07-16,17.110000610351562,0.17088100958701732,0.15911829681100903,-0.04838703860036675,0.009616783154066777,-0.6865812871068832,1.26,8.2,0,-0.002357171939691205,0.0022007467905735822
2012-07-17,16.479999542236328,0.1723079946471942,0.15972662397003815,-0.11965811182055919,0.014583219790305968,-0.6895327037619242,1.28,8.2,0,0.006867008008834885,-0.0025617902107574198
2012-07-18,16.15999984741211,0.17093923340379844,0.15948297260015148,-0.09972149523375384,0.012306177718802491,-0.6843695537493629,1.3,8.2,0,0.007406581555249758,0.0010084136837922308
2012-07-19,15.449999809265137,0.17084944029944915,0.1593876467528334,-0.1571194831657492,0.01660755550179971,-0.6845717964995344,1.32,8.2,0,0.0026211993968290326,-0.0014662555141031763
2012-07-20,16.270000457763672,0.15229767090326193,0.15798889670089028,-0.028076422925966238,0.030428710758798827,-0.6886327212193464,1.27,8.2,0,-0.009148593212546352,0.0039455999906510275
2012-07-23,18.6200008392334,0.15583007345939365,0.15855828052733967,0.08825249415644576,0.012212930383614484,-0.7035517791365478,1.25,8.2,0,-0.010112320809759101,0.001645127002396496
2012-07-24,20.469999313354492,0.14725800937940098,0.15935769517902612,0.24211164332209223,0.019875174900164883,-0.7045230076840643,1.22,8.2,0,-0.0085865137583514,0.001916178125279444
2012-07-25,19.34000015258789,0.1465123532117819,0.1592393935993762,0.19678219896054228,0.015002493824247232,-0.7049254023417274,1.21,8.2,0,0.0002239832936858921,0.0005460849692497938
2012-07-26,17.530000686645508,0.15428726361674097,0.1624750748359497,0.1346278901656055,0.022528059354842478,-0.7103175787294619,1.22,8.2,0,0.016497542348312688,-0.00309419489510665
2012-07-27,16.700000762939453,0.16506947721662746,0.16689547478996644,0.026429028462048754,0.04435602537047312,-0.7280812243054446,1.33,8.2,0,0.018432635677881004,-0.007212531480388251
2012-07-30,18.030000686645508,0.14165065307899435,0.16614816152776313,-0.0316863655207108,0.01895650711028507,-0.7304818860991327,1.3,8.2,0,0.0,0.0032182572574912527
2012-07-31,18.93000030517578,0.14417472076946672,0.16336314715221836,-0.0752320009690487,0.008790714890016815,-0.7259268342150054,1.28,8.2,0,-0.006994376808994618,0.0017418126847539295
2012-08-01,18.959999084472656,0.14239863998756216,0.1633749481272734,-0.01964845217772071,0.0013100060840371963,-0.7150934988129757,1.32,8.1,0,-0.0008715520643687302,-0.0036475081783664542
2012-08-02,17.56999969482422,0.1436747266616567,0.16380034567843163,0.00228174595618702,-0.0010965016490789292,-0.7157887412567838,1.27,8.1,0,-0.006904671866788559,0.002391644414021732
2012-08-03,15.640000343322754,0.15525372381973912,0.16816735825710552,-0.06347307611919673,0.028489129238502775,-0.730581224419192,1.36,8.1,0,0.019833461209608716,-0.005230297799933892
2012-08-06,15.949999809265137,0.1549291408698759,0.1681628233638849,-0.11536332768533886,0.03177587528195147,-0.7308700428656851,1.35,8.1,0,0.0019371648175390277,0.0006457890551716527
2012-08-07,15.989999771118164,0.15038646476254092,0.1682354303509538,-0.1553090589889622,0.046071294122156825,-0.7257471601839515,1.39,8.1,0,0.00501386865741793,-0.0052542153181653894
2012-08-08,15.319999694824219,0.15023241162280568,0.1664380077642556,-0.19198309944167802,0.047182496540067786,-0.7186850751457579,1.39,8.1,0,0.0012114852842772805,-0.001390136626117644
2012-08-09,15.279999732971191,0.14795703407160765,0.16585915995682862,-0.13033579975118703,0.05317975587785706,-0.7204981150246497,1.4,8.1,0,0.0008543059894645655,-0.0007421971739400846
2012-08-10,14.739999771118164,0.13820157327334726,0.16555443825652696,-0.05754479235602006,0.03749548587494278,-0.7168063945402123,1.38,8.1,0,0.001635533412345458,0.002877745397493303
2012-08-13,13.699999809265137,0.1376019523688411,0.16223005150164102,-0.14106583240791049,0.039429956238924424,-0.7102375013882034,1.38,8.1,0,-0.0004970091621210315,-0.0006471614694459893
2012-08-14,14.850000381469727,0.13649448902182526,0.16093379830992566,-0.07129452194912189,0.03248735847363804,-0.7052145434037862,1.46,8.1,0,0.00014190585280671186,-0.004911500333151353
2012-08-15,14.630000114440918,0.13478172677178768,0.15757747867822364,-0.045039137997921364,0.026061278887380857,-0.6917074649989523,1.53,8.1,0,0.0011366017674454554,-0.0050280008820919875
2012-08-16,14.289999961853027,0.13643786243239542,0.15807788541429313,-0.06479056206931355,0.03092957937364016,-0.6954330217582958,1.54,8.1,0,0.00737828493644721,-0.00243359589061809
2012-08-17,13.449999809265137,0.13046962552059574,0.15806916331087623,-0.08751695942225712,0.04184082571204217,-0.6967956355557086,1.52,8.1,0,0.0013384701141057054,0.001219910697687343
2012-08-20,14.020000457763672,0.12261571366143878,0.15808484394157815,0.023357711894428146,0.0525576370454206,-0.6983478878798536,1.53,8.1,0,7.007868669672845e-05,0.0005618321995779496
2012-08-21,15.020000457763672,0.11736697313950759,0.15805839433440177,0.011447816291377144,0.05846297187437721,-0.6973313670682257,1.49,8.1,0,-0.0030242258758232943,0.0008429474421884908
2012-08-22,15.109999656677246,0.11730938468708726,0.15645420741287364,0.03280926442116239,0.05867424775449459,-0.6781605701799963,1.45,8.1,0,0.0004236343046331026,0.0077662242040779095
2012-08-23,15.960000038146973,0.1118966358125642,0.1542762201959185,0.11686494616878851,0.032973279300766656,-0.6613209359080602,1.42,8.1,0,-0.008179520803642149,0.0017640582558240414
2012-08-24,15.180000305175781,0.09454276957232854,0.154419894158825,0.12862457401069416,0.020406952555642066,-0.661680797790971,1.4,8.1,0,0.006043198773482361,-0.0004633383308089156
2012-08-27,16.350000381469727,0.09451525602587312,0.14421335058064388,0.16619114462409312,0.02062284436124684,-0.6176965859949824,1.3699999999999999,8.1,0,0.0002115742205244242,0.0025966202469993593
2012-08-28,16.489999771118164,0.09004451220384212,0.1442520559260289,0.09786945862539342,0.026794994976123476,-0.6405354522477567,1.3699999999999999,8.1,0,-0.0009892395522539399,0.000369863074773491
2012-08-29,17.059999465942383,0.0896972752937122,0.14375686049464528,0.12905359719206966,0.028490717746426197,-0.6366564524942947,1.39,8.1,0,0.000778480189305375,-0.0006469025392299432
2012-08-30,17.829999923706055,0.09007659113464422,0.13816739071560566,0.11716791234896506,0.02817637638823145,-0.6084586468567188,1.3599999999999999,8.1,0,-0.007208195203339596,0.0018503976158232849
2012-08-31,17.469999313354492,0.0600777295200624,0.13835854588640525,0.15085632161666762,0.012988904537612145,-0.5767574802696049,1.35,8.1,0,0.004769224819691775,0.006463719549242519
2012-09-04,17.979999542236328,0.06012364788537513,0.1377125246339491,0.0996941359471748,0.010099100950220263,-0.5758676551685801,1.36,8.1,0,-0.0009211109249308569,-0.0022874752636388163
2012-09-05,17.739999771118164,0.057857239442596034,0.1347556905427274,0.07580351833535759,0.004204936681537097,-0.5692281711132605,1.35,8.1,0,-0.0008506220926473018,-0.0003685065111148633
2012-09-06,15.600000381469727,0.09187329186109441,0.13875299724614318,-0.08558025382048318,0.023346909968813723,-0.5893881557046146,1.41,8.1,0,0.02029639794120852,-0.006817383237463059
2012-09-07,14.380000114440918,0.0923671413308364,0.1378734258992142,-0.1934941011793362,0.026455705119894368,-0.5787129306410512,1.42,8.1,0,0.0038947715276789197,0.001298772241747681
2012-09-10,16.280000686645508,0.09563193764385412,0.1373724872600236,-0.06811669567721856,0.01895757580767432,-0.5708521550015844,1.43,8.1,0,-0.005681287679669467,0.00046338789684696735
2012-09-11,16.40999984741211,0.09568039218048646,0.1361555740235673,-0.08731922885404841,0.02230568409096856,-0.6116974690043441,1.45,8.1,0,0.0027871749121266554,-0.0018515550539847103
2012-09-12,15.800000190734863,0.09591829574305225,0.13621765512807796,-0.10935736219916659,0.02557002535681785,-0.6058912162773943,1.52,8.1,0,0.0033354755901042754,-0.004916615725075402
2012-09-13,14.050000190734863,0.1079421603332389,0.1381537604669394,-0.09935898415592426,0.0400141160213332,-0.557087369951967,1.51,8.1,0,0.015236572989266728,0.0028896121194135205
2012-09-14,14.510000228881836,0.10648731899759047,0.13815966372476013,0.009040341683333342,0.03697440842955335,-0.54250585275357,1.6099999999999999,8.1,0,0.004433963918738515,-0.009388267421909458
2012-09-17,14.59000015258789,0.10809566423432376,0.129340945240546,-0.10380838223452449,0.032072019327251455,-0.5535783528582569,1.6,8.1,0,-0.003395446908048605,0.002064482076026497
2012-09-18,14.180000305175781,0.10830825556449442,0.12884197943803585,-0.13589272169237732,0.03115567418136833,-0.5485556357815341,1.57,8.1,0,-0.0008178529159299508,0.0025278827665473624
2012-09-19,13.880000114440918,0.10703933411830781,0.12351931662325542,-0.12151899070354666,0.034847856769720575,-0.5210409869674933,1.52,8.1,0,0.0005455712812865166,0.0023351483693137
2012-09-20,14.069999694824219,0.10710448180958135,0.12339733545249999,0.0014234522290286211,0.034480449209729924,-0.519438443946941,1.53,8.1,0,6.8448560146539e-05,0.0005592101307227981
2012-09-21,13.979999542236328,0.10095892953235922,0.12255087155235925,-0.03652658017127752,0.04257552722453606,-0.531624032348864,1.5,8.1,0,-0.00041826812659984114,0.0021428700206818085
2012-09-24,14.149999618530273,0.10061085164985871,0.12237121263028344,-0.03015767850965867,0.03474972881340599,-0.5296667738243689,1.47,8.1,0,-0.0015083800434969596,0.002229382212402653
2012-09-25,15.430000305175781,0.1097428505767967,0.11497274506029614,0.08815232532426265,0.02352144604449502,-0.5207795514175492,1.43,8.1,0,-0.010641927907921955,0.003709651285750848
2012-09-26,16.809999465942383,0.11216497419348895,0.11570776949395264,0.21109505240227322,0.018776288972724542,-0.5442918251707779,1.38,8.1,0,-0.0056207624119198885,0.004158086979083597
2012-09-27,14.84000015258789,0.11611193124485314,0.1164427045781473,0.054726401880941244,0.02757485346462718,-0.5445622284968522,1.41,8.1,0,0.009421608317986996,-0.00211684406292334
2012-09-28,15.729999542236328,0.11392247021908597,0.11646711711847843,0.1251788309944435,0.03024102326121003,-0.5369322650445773,1.42,8.1,0,-0.004632274319990581,0.0
2012-10-01,16.31999969482422,0.11336499668590411,0.11444513340103613,0.1533568999855095,0.02805676935429169,-0.5219217202986173,1.39,7.8,0,0.0026389746594754904,0.0018551290138588694
2012-10-02,15.710000038146973,0.11304378710599569,0.11433402536772731,0.01814645025491468,0.030074117286099433,-0.5204588168413046,1.41,7.8,0,0.0010393739341436614,-0.0006440633393359763
2012-10-03,15.430000305175781,0.11303585604861184,0.11258238798543113,-0.08209394435511586,0.03516049753323025,-0.5227534787893647,1.41,7.8,0,0.004083055566500793,0.0010145842835924679
2012-10-04,14.550000190734863,0.09214745917862312,0.11316083615834306,-0.01954177620425801,0.021840776886667523,-0.5311144999836043,1.47,7.8,0,0.007167938122990991,-0.003961602652714391
2012-10-05,14.329999923706055,0.09160585449725582,0.11242245618345804,-0.08900188552270205,0.017946491247941232,-0.5129579275213113,1.48,7.8,0,6.887900118979218e-05,-0.004531512567679918
2012-10-08,15.109999656677246,0.08978402117515677,0.10833827050508985,-0.07414216058660317,0.02025968157601521,-0.5321633088241504,1.48,7.8,0,-0.0034217893188639437,0.0032512032245763933
2012-10-09,16.3700008392334,0.09742019107068461,0.11049704629650688,0.042011508560395594,0.007364122819335739,-0.5009611912202843,1.49,7.8,0,-0.009887540327574329,-0.0020369610151899087
2012-10-10,16.290000915527344,0.09959665249967746,0.11090832492203911,0.0557356184927027,-0.0023898820264517395,-0.5022819842562335,1.45,7.8,0,-0.006379521072141792,0.0024131803210911684
2012-10-11,15.59000015258789,0.08162318080538605,0.11008733453908623,0.07147765967146014,-0.016813522349011456,-0.5115240832106215,1.42,7.8,0,0.0005580859658487203,0.0009250742852642269
2012-10-12,16.139999389648438,0.0795858690870481,0.1103396503135905,0.1263084072281193,-0.024363061311896694,-0.5096933704393587,1.42,7.8,0,-0.003278726927424147,9.251652905217789e-05
2012-10-15,15.270000457763672,0.08596128406004326,0.10946931176982329,0.010589067155651444,-0.012886042939988851,-0.4880430103971247,1.43,7.8,0,0.008328226429641594,0.0002774293226808222
2012-10-16,15.220000267028809,0.09405906792927905,0.1085370755182178,-0.07025048950812662,-0.002067215572913672,-0.5006616129852711,1.48,7.8,0,0.010133242527763375,-0.004714328470131646
2012-10-17,15.069999694824219,0.09547006208422382,0.10672003661680636,-0.07489264285677488,0.0019115335096373531,-0.49476161787315975,1.53,7.8,0,0.004534737521647569,-0.006316779984230192
2012-10-18,15.029999732971191,0.09595479344879577,0.10702883983461889,-0.03592048839869577,-0.000760950408345451,-0.48779178889653957,1.57,7.8,0,-0.002599119140463624,-0.001775753978331407
2012-10-19,17.059999465942383,0.11271299112198874,0.10877858388734415,0.05700124603994694,-0.017001427800793834,-0.5037220082924031,1.49,7.8,0,-0.016664315081058256,0.004214046553648432
2012-10-22,16.6200008392334,0.11273380472038336,0.1025180014258595,0.08840866673211867,-0.015379168043154978,-0.4523652535610656,1.51,7.8,0,0.00013944816216482359,-0.003356708777184858
2012-10-23,18.829999923706055,0.1170015501243946,0.10676087806636377,0.23718788392518064,-0.01859807349757947,-0.48206365291457753,1.5,7.8,0,-0.013876320266152709,0.0047714172810942035
2012-10-24,18.329999923706055,0.115926095275429,0.10585989041579043,0.21632384173182695,-0.015842315786524508,-0.47050220415462,1.51,7.8,0,-0.002828564661236599,-0.002141494462718052
2012-10-25,18.1200008392334,0.11050796096173958,0.10593306596338521,0.2055888996114681,-0.022193203649134463,-0.4797888954863789,1.55,7.8,0,0.0029076893156205763,-0.0036401349336500077
2012-10-26,17.809999465942383,0.10972318052142918,0.10481342715825787,0.04396248672206915,-0.01819826736600505,-0.4636548511366274,1.48,7.8,0,-0.000565590945304506,0.006368959942518515
2012-10-31,18.600000381469727,0.10899326772086272,0.09691284679112089,0.11913354044858493,-0.02078239780431168,-0.4268272350596531,1.42,7.8,0,0.0,0.004094965969686726
2012-11-01,16.690000534057617,0.11626301809814112,0.0990655750689457,-0.11364840139772292,-0.011557281854251422,-0.43271225206259484,1.45,7.7,0,0.010470070721467994,-0.0019958054996477292
2012-11-02,17.59000015258789,0.11849783006620931,0.10044081298666688,-0.04037096422248909,-0.024329804968869384,-0.42217211802262106,1.47,7.7,0,-0.008891569872874872,0.0008371197835572719
2012-11-05,18.420000076293945,0.11504367901490323,0.10048951084128166,0.01655624851909443,-0.029288896625761063,-0.4165252667282552,1.44,7.7,0,0.002048751184134945,0.002416049081086946
2012-11-06,17.579999923706055,0.11961498424123014,0.10167156175576539,-0.012914067890689718,-0.021759973015554657,-0.4317058899025708,1.48,7.7,0,0.007825504189437726,-0.004541685904411397
2012-11-07,19.079999923706055,0.14202935608258002,0.11206050859589363,0.02580642647268583,-0.04064824681028756,-0.5047127546632589,1.41,7.7,0,-0.022664144550674226,0.008381249196223406
2012-11-08,18.489999771118164,0.14378765259564366,0.11472838771454656,0.1078489622206702,-0.04271828390709154,-0.5202891584772387,1.35,7.7,0,-0.012023951205769157,0.00443157016665352
2012-11-09,18.610000610351562,0.1432550678004823,0.11474765051602148,0.05798751841475158,-0.035734609445904675,-0.5281548690132262,1.34,7.7,0,0.0008692562168701734,9.22242209353552e-05
2012-11-12,16.68000030517578,0.1433091220740606,0.11473284537981057,-0.09446252789963328,-0.03550492307172426,-0.533486758912635,1.34,7.7,0,0.0007964171982808299,0.0006429745522185115
2012-11-13,16.649999618530273,0.14333776046427799,0.11382074974819298,-0.052901041479625155,-0.035691685024280106,-0.5274731075605384,1.32,7.7,0,-0.0034717290645692733,0.0011953124831372008
2012-11-14,17.920000076293945,0.1438680079760149,0.11688099614924284,-0.06079663794814072,-0.056565850872213,-0.5134632804963681,1.34,7.7,0,-0.013498828570059906,0.0002754831781854872
2012-11-15,17.989999771118164,0.1355792453006867,0.11689146717228663,-0.027041644466703096,-0.0676101581833678,-0.5126166931182827,1.34,7.7,0,-0.0016918773982047552,-0.00045935577554612195
2012-11-16,16.40999984741211,0.13590097890769193,0.11734237027033627,-0.11821605001537361,-0.06723676195802064,-0.5091569668859198,1.34,7.7,0,0.00493702577319044,0.0006422873718014976
2012-11-19,15.239999771118164,0.15984373228039317,0.12481936288096654,-0.08633096569013776,-0.04587842046509505,-0.5305736471077357,1.36,7.7,0,0.02023929016848469,-0.0020172548320051
2012-11-20,15.079999923706055,0.15072234941332066,0.1237107065800637,-0.09429427812580371,-0.029290776877017977,-0.5224796472243876,1.39,7.7,0,0.0004312230754355273,-0.004136544846287782
2012-11-21,15.3100004196167,0.15108743136566294,0.12312596734828533,-0.14564730164984596,-0.027613009937660804,-0.523777853042635,1.42,7.7,0,0.0018680820938328235,-0.001475986166058818
2012-11-23,15.140000343322754,0.1523922124804542,0.12631057910355922,-0.15842131540050985,-0.0004947309786004217,-0.5186653169187505,1.41,7.7,0,0.013625052447033381,-0.0005546552046106212
2012-11-26,15.5,0.15223775632098407,0.12637356177423742,-0.05545398268578405,0.00021296138268334097,-0.5194825673035773,1.39,7.7,0,-0.0021225247537426384,0.0016642278206786543
2012-11-27,15.920000076293945,0.1529012818779175,0.12680880825376192,0.044619443266952885,-0.007777916065184631,-0.522723526332953,1.3699999999999999,7.7,0,-0.005104716788142394,0.002307922484057423
2012-11-28,15.510000228881836,0.15577060825542208,0.1269703432339688,0.028514609240800626,0.0007780337770160184,-0.5092854626930797,1.3599999999999999,7.7,0,0.008052550913149936,0.001289942344940176
2012-11-29,15.0600004196167,0.15661512813100809,0.12695474384511088,-0.016329196155976278,0.005447465344691871,-0.5404676136971677,1.37,7.7,0,0.00466580141657702,0.0010114552665021481
2012-11-30,15.869999885559082,0.15195947520946004,0.12693197910262677,0.048216613321167,-0.004761178919466147,-0.5445928771725657,1.37,7.7,0,0.00021043026572531431,-0.00018314337488467558
2012-12-03,16.639999389648438,0.14958176235971454,0.12735684553891483,0.073548347719254,-0.0007766752816973366,-0.5415055533402394,1.38,7.7,0,-0.004923602525120696,-0.00039602268539618013
2012-12-04,17.1200008392334,0.1494587546616507,0.12028888954834353,0.07537693198421169,-0.004229882749078873,-0.4973153486239454,1.37,7.7,0,-0.001414220650759801,0.0017486190774651522
2012-12-05,16.459999084472656,0.14668215427646153,0.12006021767625683,0.06125073124253011,-0.010213233197533977,-0.5008542873626106,1.35,7.7,0,0.0017697157318525836,0.00082763698062438
2012-12-06,16.579999923706055,0.12137480417757655,0.11973471370066456,0.10092957913264411,0.01617506899478105,-0.5003997538212057,1.34,7.7,0,0.0033922089609994543,0.0005512392531064059
2012-12-07,15.899999618530273,0.1115983637647222,0.11976027622072437,0.0018903423558616073,0.03165731310903941,-0.5006890093001694,1.39,7.7,0,0.003028658165570741,-0.002845501621486446
2012-12-10,16.049999237060547,0.1116476850455207,0.11955633694260878,-0.035456741239721645,0.031195498210226713,-0.49985753289141044,1.39,7.7,0,0.00042122339782135754,0.000920689695646626
2012-12-11,15.569999694824219,0.11313190291589907,0.1161354586491251,-0.09053744558569699,0.037390584141464345,-0.5569220416053687,1.42,7.7,0,0.006808875374232137,-0.0019304972217089045
2012-12-12,15.949999809265137,0.11151792581780198,0.11573702120436054,-0.03098416182104291,0.04151250473096324,-0.5644542226935239,1.47,7.7,0,0.00048783106714922475,-0.0042380512483866095
2012-12-13,16.559999465942383,0.10039790409733051,0.11618331399565925,-0.001206300232551638,0.04929042103900061,-0.5468540920958354,1.47,7.7,0,-0.006131731665981133,-0.0019431242757531608
2012-12-14,17.0,0.10174739006152272,0.11638391445378729,0.06918241558872484,0.04716298628082449,-0.5510713392577005,1.48,7.7,0,-0.0037159456226051324,0.002224118214588122
2012-12-17,16.34000015258789,0.10681637247122995,0.11901192474680149,0.018068593726640936,0.05426452863493991,-0.5770312398263389,1.53,7.7,0,0.011752204446659364,-0.005272492980122556
2012-12-18,15.569999694824219,0.0906029544465181,0.12126360770802566,0.0,0.04485018240798522,-0.5909088951035298,1.56,7.7,0,0.011128781703948931,-0.003905197544328609
2012-12-19,17.360000610351562,0.0967405840022087,0.12220583836236645,0.08840130520047884,0.036640172819779826,-0.5945865569137893,1.54,7.7,0,-0.007429760319198175,0.0014002358171598672
2012-12-20,17.670000076293945,0.09774441336715653,0.12276636969331144,0.06702902452590109,0.040659383169600716,-0.5893244699999384,1.53,7.7,0,0.005752475801780177,0.0006526311344425828
2012-12-21,17.84000015258789,0.09515638736173254,0.12222931261083983,0.049411773681640625,0.0173520785128658,-0.5845423503559045,1.51,7.7,0,-0.009076773229227952,0.0027012066276699276
2012-12-24,17.84000015258789,0.0956171475183354,0.12184119353268275,0.09179926474862565,0.016374420245086174,-0.5759628031926368,1.53,7.7,0,-0.00308146825472988,-0.0010214562690457063
2012-12-26,19.479999542236328,0.09493465145185363,0.12055335881534208,0.2511239514482375,0.01728311129837623,-0.5739206793010573,1.51,7.7,0,-0.00421522918907713,0.00205838046363227
2012-12-27,19.469999313354492,0.09129988382906323,0.12022359001763451,0.1215436998167363,0.007804169232002334,-0.5748728454081808,1.48,7.7,0,-0.0013403817167553234,0.0020442095831840756
2012-12-28,22.719999313354492,0.09799745582861344,0.12204298687906506,0.28579508858268876,-0.007718085099520433,-0.587432559451974,1.46,7.7,0,-0.010808115604083235,0.0023190941650887975
2012-12-31,18.020000457763672,0.11580967548387958,0.12710070598689557,0.010089703118622007,0.008934785637106257,-0.6120790970896128,1.53,7.7,0,0.016996360508454433,-0.005274595561857609
2013-01-02,14.680000305175781,0.1442325230480098,0.1373802392982015,-0.17713003477489975,0.039914192985823105,-0.631524902372525,1.59,7.7,0,0.025630282125612025,-0.004558446304829267
2013-01-03,14.5600004196167,0.14452869779253982,0.13671413293414864,-0.2525666960079819,0.03903376786778878,-0.6046303618357232,1.65,7.7,0,-0.0022596557920253613,-0.00514089350220126
2013-01-04,13.829999923706055,0.14478353721757678,0.1369955847811557,-0.28967640413731066,0.041753721360099805,-0.6120322014398192,1.66,7.7,0,0.004392120432315849,0.0004702040147555042
2013-01-07,13.789999961853027,0.14568069158707,0.13692547721330695,-0.39304575798347574,0.0353943624368358,-0.6118766325459607,1.65,7.7,0,-0.002732973091874702,0.0005634439300108429
2013-01-08,13.619999885559082,0.1465154313623233,0.13546725686303165,-0.24417316650560406,0.029297998274041115,-0.6347642828273892,1.64,7.7,0,-0.0028771379134276964,0.002440087962484405
2013-01-09,13.8100004196167,0.14650461289977756,0.13481819209521434,-0.05926429614939066,0.0314802362707729,-0.6291767711239077,1.64,7.7,0,0.0025422390901634895,0.0005615651568657842
2013-01-10,13.489999771118164,0.14709800950196142,0.1356898432085717,-0.0734890534108037,0.032648553339695185,-0.6347857744295973,1.65,7.7,0,0.007949248163627187,-0.002900331707506809
2013-01-11,13.359999656677246,0.14716932692476384,0.13545912038270483,-0.033984112047837356,0.032075173409621405,-0.6304215320189622,1.63,7.7,0,-6.769156517494324e-05,0.0031900181655803994
2013-01-14,13.520000457763672,0.14461057479314798,0.13452855142111908,-0.01957936945875627,0.03773679757084958,-0.6366639487626274,1.63,7.7,0,-0.0006796979904799549,-0.00037383939924207077
2013-01-15,13.550000190734863,0.14318399400512682,0.133019041613792,-0.00513947837095341,0.042315813821991455,-0.6223495190343962,1.6,7.7,0,0.0006801602940649243,0.002432723781226276
2013-01-16,13.420000076293945,0.13871773346157606,0.13273202751198684,-0.028240429505619002,0.030068304042160987,-0.6289069904668876,1.58,7.7,0,-0.00013617415645161834,0.0013070345256251947
2013-01-17,13.569999694824219,0.13537760293977222,0.13319950140734338,0.005930313199658643,0.025312433968104786,-0.6387873593605862,1.6099999999999999,7.7,0,0.006460356226674957,-0.004568174585016349
2013-01-18,12.460000038146973,0.13141454808932443,0.1284029072665133,-0.06736524263909383,0.035290679939161906,-0.6148454667727907,1.61,7.7,0,0.002229841639158847,0.0028090691659576894
2013-01-22,12.430000305175781,0.13127630110358096,0.12875337970583056,-0.0806213103315373,0.03492118844517034,-0.61897784457275,1.6,7.7,0,0.005393526385861769,0.0008406836063081791
2013-01-23,12.460000038146973,0.1249133024290031,0.1250714783239306,-0.08044281455680014,0.04608123109481843,-0.5990107824148314,1.6,7.7,0,0.0016088186755074396,0.00046685482820674196
2013-01-24,12.6899995803833,0.12356356160946286,0.12482098701095135,-0.05439645989273656,0.04959590506360634,-0.606753339359743,1.65,7.7,0,0.0002680265152510408,-0.0016786958793513218
2013-01-25,12.890000343322754,0.12143947470328692,0.1251113498619747,-0.05011049128916534,0.05996443810742802,-0.603839688697552,1.7,7.7,0,0.00562172544353623,-0.0066337514017413834
2013-01-28,13.569999694824219,0.1213737921725334,0.12515523119211847,0.08908504440440779,0.060115793889286895,-0.6150702387804949,1.71,7.7,0,-0.0011977798502191828,-0.002067860152789036
2013-01-29,13.3100004196167,0.10995231153466573,0.12526072278021658,0.07079646764565983,0.07591253313333302,-0.6245027706078204,1.7299999999999998,7.7,0,0.003931789555523091,-0.0015083587654847186
2013-01-30,14.319999694824219,0.10108014015382892,0.1241844377547278,0.14927766059251657,0.0537882734372257,-0.6216719035274479,1.7599999999999998,7.7,0,-0.003916391129783703,0.0005665611239833446
2013-01-31,14.279999732971191,0.05505141099147017,0.12269367850550082,0.1252955244416063,0.024921228922623273,-0.6240315435253737,1.75,7.7,0,-0.0024654139036037748,0.0008483033356667669
2013-02-01,12.899999618530273,0.06205115209722048,0.12412499456046348,0.0007757389403562076,0.03780987344675335,-0.6391864859479867,1.77,7.7,0,0.010287182209756995,-0.0033977309859334337
2013-02-04,14.670000076293945,0.07669028126956245,0.12592619172923025,0.08106119426732783,0.021657171812131448,-0.6519845592680806,1.75,7.7,0,-0.011240459928118285,0.005777480851086869
2013-02-05,13.720000267028809,0.08159045719541566,0.11734979664592127,0.03080389440167397,0.03480195945774733,-0.5991701999053552,1.77,7.7,0,0.01009800745263667,-0.0035781609563170225
2013-02-06,13.40999984741211,0.07987928655375412,0.11395938628767369,-0.06354747673221095,0.03854347837822858,-0.5697106753504908,1.73,7.7,0,0.0007281452235468056,0.0030236897840991706
2013-02-07,13.5,0.08064496683478234,0.11411265336643721,-0.05462183106140017,0.034539115855214186,-0.5704737877056687,1.74,7.7,0,-0.001323311706246777,0.00047100632120389285
2013-02-08,13.020000457763672,0.07861723955270696,0.11438353925863336,0.009302390913331626,0.032091404852110594,-0.5643912560946489,1.74,7.7,0,0.005564448567856761,0.0007534086135183582
2013-02-11,12.9399995803833,0.07865497598227966,0.11394716846563319,-0.1179277768857171,0.03195727284994199,-0.5594205701216541,1.72,7.7,0,-0.00019764412745071347,-0.0010354441453225283
2013-02-12,12.640000343322754,0.07819842797356462,0.109425090706375,-0.07871719407334521,0.03436028714083017,-0.5729089886910127,1.73,7.7,0,0.0016473178948501754,-0.0010357507463145676
2013-02-13,12.979999542236328,0.07817058237751255,0.10918154188111441,-0.03206564579184268,0.03454099829208945,-0.5642876800784331,1.7599999999999998,7.7,0,0.0008549872533527569,-0.003488538857180923
2013-02-14,12.65999984741211,0.0779290954363139,0.10903811672287522,-0.06222223352502898,0.03563400602753708,-0.5587513065322511,1.73,7.7,0,0.0009201966377900828,0.0042576991981917445
2013-02-15,12.460000038146973,0.07652918303733318,0.10235172635265427,-0.043010783404602515,0.027770269075974685,-0.5655485798558206,1.7199999999999998,7.7,0,-0.0011818604709987746,-0.0009419096897832491
2013-02-19,12.3100004196167,0.07952632074983325,0.10302103129746404,-0.04868618092705845,0.033169260239505505,-0.5824399279448493,1.7399999999999998,7.7,0,0.00749466610591587,-0.0016030247821663401
2013-02-20,14.680000305175781,0.09255561902491333,0.10705495680743343,0.16139239766165714,0.014818891918587207,-0.5897942390387774,1.75,7.7,0,-0.01246351042954863,0.0021726083361002235
2013-02-21,15.220000267028809,0.09558476362076676,0.1051253114937841,0.17257325144763058,0.007029954432926422,-0.6091540478719504,1.73,7.7,0,-0.006078728862162985,0.001978505710355627
2013-02-22,14.170000076293945,0.10123988995399488,0.10635019413982112,0.119273321254463,0.016598440193255737,-0.5855516198123277,1.7,7.7,0,0.00977226253732022,0.0012231181972424121
2013-02-25,18.989999771118164,0.12157282295915313,0.11355610821975774,0.5240770235135825,-0.008319024622886806,-0.6352185142755028,1.63,7.7,0,-0.019026693215580037,0.007703878340778347
2013-02-26,16.8700008392334,0.12418814238843665,0.11326899657457398,0.3704305657333751,-0.00033299146635135113,-0.6527697619370032,1.63,7.7,0,0.0068456008790562795,-0.0018649074689069955
2013-02-27,14.729999542236328,0.13141568024437236,0.11547403759449053,0.003405942508251769,0.008296762922354484,-0.6471994716527117,1.64,7.7,0,0.012598360216473647,-0.00046700292651369324
2013-02-28,15.510000228881836,0.1307398459126799,0.11564515886270564,0.019053873637653984,0.010262203163489136,-0.6486957728546964,1.64,7.7,0,-0.001974757594499721,0.0014022338379904298
2013-03-01,15.359999656677246,0.13058140706193733,0.11500580983279662,0.08398020987834287,0.016098946317706586,-0.6444642162820445,1.61,7.5,0,0.0032977960316598054,0.0024949080215703745
2013-03-04,14.010000228881836,0.12695326954883374,0.11514192526740984,-0.26224326499521056,0.011108737273304303,-0.6455168156417488,1.64,7.5,0,0.005325515580363316,-0.0023299647138346202
2013-03-05,13.479999542236328,0.12215902328850023,0.11616047299435546,-0.2009484960494594,0.0317641854106101,-0.6451964388776414,1.65,7.5,0,0.008958427340225672,-0.0010279166517941363
2013-03-06,13.529999732971191,0.11795557335022823,0.1161002574381057,-0.08146638469500933,0.022839831078935724,-0.6411098456305789,1.7,7.5,0,0.001361057037326363,-0.0031792912734840417
2013-03-07,13.0600004196167,0.11796619855050768,0.11606101117744708,-0.15796259014251246,0.023948233440679534,-0.6351773609594797,1.75,7.5,0,0.0018125862141360471,-0.0038466510398255105
2013-03-08,12.59000015258789,0.11804178755806523,0.11617087836387999,-0.18033851341169727,0.02967701671111911,-0.6306788471524772,1.79,7.5,0,0.00426408238031839,-0.005084841138549678
2013-03-11,11.5600004196167,0.11739720020541163,0.11575692263166613,-0.17487507275085,0.027865865098003928,-0.6261075330858188,1.7999999999999998,7.5,0,0.003795709785153978,0.00047334780598329296
2013-03-12,12.270000457763672,0.11798965921534324,0.1159986970896313,-0.08976254640672765,0.025763152798884192,-0.6407056878695179,1.7599999999999998,7.5,0,-0.002242946711929261,0.002743656861853516
2013-03-13,11.829999923706055,0.11798342028250024,0.11490343610691398,-0.12564669939515338,0.0255234874403103,-0.6587031118722168,1.77,7.5,0,0.0014132871023102567,-0.0008495995874825413
2013-03-14,11.300000190734863,0.1188293192807002,0.11460092311890464,-0.13476264719243325,0.030101848278336174,-0.6519258992116873,1.77,7.5,0,0.0053232177076554255,0.0002835686233189083
2013-03-15,11.300000190734863,0.11924233807835813,0.11285962684287595,-0.10246226737240083,0.02779627853952671,-0.6369966149901188,1.7599999999999998,7.5,0,-0.001320058847808947,0.00349318903926088
2013-03-18,13.359999656677246,0.12146062227255666,0.11198471025830174,0.15570927091023679,0.023333062029402107,-0.6325937514056914,1.7,7.5,0,-0.005519239097522277,0.003292121270061399
2013-03-19,14.390000343322754,0.11967911907117963,0.11077012389843581,0.17277912033146525,0.013361469939897175,-0.6338777142825361,1.68,7.5,0,-0.0023225930206846046,0.0030936024860876987
2013-03-20,12.670000076293945,0.11091729054970174,0.11100709788394397,0.07100593051607884,0.033318816902899506,-0.6437425710909828,1.7,7.5,0,0.006985234115822525,-0.0038317561073986095
2013-03-21,13.989999771118164,0.11351275870672309,0.11079721055159314,0.2380530561927685,0.03075726323137573,-0.6433984580115459,1.68,7.5,0,-0.008542617682962494,0.002627521172076319
2013-03-22,13.569999694824219,0.11199808735694661,0.11121893707975242,0.20088490847553975,0.028982472644933255,-0.6429139308329499,1.67,7.5,0,0.008033604591429322,0.00037415909313121
2013-03-25,13.739999771118164,0.08517600603329252,0.11121062168537946,0.028443123069318066,0.04455811226695405,-0.639060518076426,1.69,7.5,0,-0.0041777651614200995,0.0007480383009301761
2013-03-26,12.770000457763672,0.08610758441619464,0.11180825668774914,-0.11257816865242776,0.04575836746488382,-0.6268093823826301,1.67,7.5,0,0.0080025223100193,0.001028781367666376
2013-03-27,13.149999618530273,0.07718332877033318,0.10878088418193359,0.03788473080867827,0.03274744316327083,-0.6175580351499194,1.62,7.5,0,0.0,0.004295960614508543
2013-03-28,12.699999809265137,0.07613470394184679,0.10418359464017107,-0.09220871929649233,0.03797088810303828,-0.5911108618820506,1.62,7.5,0,0.0030730688965885378,-0.0018600205761764022
2013-04-01,13.579999923706055,0.07865133953461281,0.09208348772892963,0.0007369365590812471,0.030465499589390266,-0.5781655011097571,1.6300000000000001,7.6,0,-0.003956877331931397,0.002658756134225504
2013-04-02,12.779999732971191,0.07841151867467724,0.09211127868819875,-0.06986899957341464,0.030064116956406872,-0.6207277875990361,1.63,7.6,0,0.004933925369327685,-0.001954196674183173
2013-04-03,14.210000038146973,0.08344015328434783,0.09481152297176255,0.11276425440594529,0.010567118899061034,-0.6388945871462904,1.59,7.6,0,-0.010139083362234347,0.004195898804570941
2013-04-04,13.890000343322754,0.08433729801044448,0.09466903255144947,0.056273821008307134,0.013289466576189346,-0.6189316261153569,1.56,7.6,0,0.004058604678260913,0.003991164662039859
2013-04-05,13.920000076293945,0.08615685717265358,0.09502188896141359,0.09606301459459643,0.0069137493440682984,-0.6217242676077479,1.48,7.6,0,-0.004490917355148283,0.0031437918322219094
2013-04-08,13.1899995803833,0.08809781274328192,0.09567695730911197,-0.028718729419279776,0.009423189214887495,-0.6291156586823898,1.52,7.6,0,0.006766918726329729,-0.003225613326772736
2013-04-09,12.84000015258789,0.08793686930889472,0.09476771483095478,0.004694868612704628,0.009082331288916334,-0.6202865252944186,1.54,7.6,0,0.0034567521235984167,0.0003691024550709354
2013-04-10,12.359999656677246,0.0966307770797281,0.0974146041622494,-0.13019003353296066,0.023738988566291308,-0.6391879545025123,1.6,7.6,0,0.012249213860784147,-0.00415929023385786
2013-04-11,12.239999771118164,0.09691367581011674,0.09739848976889823,-0.11879053501951742,0.025644576413399234,-0.6385109089454543,1.58,7.6,0,0.003277317886667852,0.001113688657982559
2013-04-12,12.0600004196167,0.09654461937001813,0.09771147857447461,-0.1336206642588217,0.01771395350074223,-0.6394967917983317,1.53,7.6,0,-0.002450273741847364,0.005563377876177
2013-04-15,17.270000457763672,0.12893034059171912,0.10987951245140022,0.30932532275803193,-0.004556307760422151,-0.6046975531283185,1.5,7.6,0,-0.023173805796290026,0.0022135257898587835
2013-04-16,13.960000038146973,0.13763235335128188,0.11292072739624193,0.08722740438078169,0.015745357276354177,-0.6099241097958368,1.51,7.6,0,0.014762787350339757,-0.002852441410289508
2013-04-17,16.510000228881836,0.14788174903921963,0.11740383773541789,0.3357605734206177,0.0032339263936362883,-0.6099925176262276,1.49,7.6,0,-0.014611472148955085,0.0018451715218259501
2013-04-18,17.559999465942383,0.1472940294732804,0.11790239288282486,0.4346405060707137,-0.0099554394649648,-0.6108947332854809,1.48,7.6,0,-0.006253449622382057,0.0005529525431937632
2013-04-19,14.970000267028809,0.14745452904319922,0.11903639807697691,0.24129351129032517,0.007255812090770419,-0.609954298473173,1.49,7.6,0,0.008693194818878425,-0.0005526469556541569
2013-04-22,14.390000343322754,0.14552632310919886,0.1192678008960307,-0.1667631753388995,0.0036629401066006206,-0.6111779107646019,1.48,7.6,0,0.00443795822874371,0.0005529525431937632
2013-04-23,13.479999542236328,0.14876534798766622,0.12045149091069836,-0.03438398958445554,0.01826378284688812,-0.617102347634791,1.51,7.6,0,0.01030901448057353,-0.0006446613659515377
2013-04-24,13.609999656677246,0.14641116636814575,0.12037254758105026,-0.1756511527559801,0.010820393284165952,-0.626097335317543,1.5,7.6,0,0.000634141365758456,0.0004604623093933391
2013-04-25,13.619999885559082,0.14690493580577646,0.12038574351967614,-0.22437355923756885,0.014918246032779914,-0.6262009443396435,1.51,7.6,0,0.004053987014745575,-0.0011049372738339835
2013-04-26,13.609999656677246,0.14690819025377433,0.1200948360658666,-0.09084840254458393,0.010021162370317027,-0.6276210861409868,1.48,7.6,0,-0.001766860582609664,0.003594784569215026
2013-04-29,13.710000038146973,0.14745080941297048,0.12043794592350411,-0.04725505830104548,0.020826511820464244,-0.6283570619225394,1.5,7.6,0,0.006698933069690938,-0.0003669331102469364
2013-04-30,13.520000457763672,0.14684176963464765,0.1189538816106932,0.0029674270686739224,0.018237197817215778,-0.6177594990873009,1.48,7.6,0,0.0023849227178800447,-0.00018432640075249918
2013-05-01,14.489999771118164,0.145542913070063,0.11796997476347462,0.06465834949592941,0.019648895050407456,-0.6055088199636319,1.46,7.5,0,-0.00876672737263029,0.0032662654442618955
2013-05-02,13.59000015258789,0.14815347664286682,0.11771562090762154,-0.002202623584674157,0.024958252849462514,-0.5905295716761549,1.46,7.5,0,0.009286783131976062,0.0
2013-05-03,12.850000381469727,0.1496969433600852,0.11918240421988578,-0.05584124132102042,0.04002325096526005,-0.5997664730135583,1.56,7.5,0,0.0101412322105634,-0.008528256682010737
2013-05-06,12.65999984741211,0.1486625099145472,0.11909713896564535,-0.0765864469593962,0.03565678717846765,-0.600000884287269,1.58,7.5,0,0.0025400792895391433,-0.0012950419412092185
2013-05-07,12.829999923706055,0.14901137035604362,0.11902495128715825,-0.0510355407319083,0.03732119395296629,-0.605256278547036,1.6,7.5,0,0.005069410136202102,-0.0013889016656494224
2013-05-08,12.65999984741211,0.14433560197012435,0.11917633110286756,-0.12629399258885132,0.02943194880195632,-0.6044973736318244,1.59,7.5,0,0.004550651208619749,0.0012055581447507624
2013-05-09,13.130000114440918,0.14495472371241452,0.11947580502235641,-0.03384842038131819,0.023179468543434112,-0.6018718306993583,1.59,7.5,0,-0.0028163064963815376,-0.00018599103506311554
2013-05-10,12.59000015258789,0.1444701713208005,0.11954286492655841,-0.020233480246177105,0.02903071161408688,-0.5991489255362181,1.64,7.5,0,0.003254400856157469,-0.0056512916151363335
2013-05-13,12.550000190734863,0.11153836504672143,0.11954479984297027,-0.00868875655632273,0.05428087561476502,-0.6042309925517986,1.68,7.5,0,0.0007953734764196696,-0.001769590747433436
2013-05-14,12.770000457763672,0.10614707255409986,0.12084986887210021,-0.004676497762990728,0.04967922348671827,-0.6187217383041235,1.7,7.5,0,0.010333621036239027,-0.004013566125971146
2013-05-15,12.8100004196167,0.08518426091624122,0.12047856074705231,0.01184838657286802,0.07098186570339449,-0.603659679801245,1.68,7.5,0,0.005386427003036376,0.0026244981466558848
2013-05-16,13.069999694824219,0.08298151595215912,0.11766654035976477,-0.004569719656796423,0.0726612301731886,-0.6093103683041208,1.6400000000000001,7.5,0,-0.004695194807685876,0.004766679137427454
2013-05-17,12.449999809265137,0.08386247728469497,0.11771846858201132,-0.011119963592214677,0.0737070808900091,-0.6164264455825413,1.69,7.5,0,0.009676676342381452,-0.0053957924962975135
2013-05-20,13.020000457763672,0.0847638553771766,0.11660780744823948,0.03745021991121478,0.06889904844424355,-0.6277437398756955,1.71,7.5,0,-5.988888326324826e-05,-0.0007480723462083283
2013-05-21,13.369999885559082,0.08086440705002,0.10833858365208826,0.04698507488546211,0.059512969998788856,-0.575459615601589,1.68,7.5,0,0.0014374192837522948,0.0026203556283663776
2013-05-22,13.819999694824219,0.08855073295539195,0.10955952495690735,0.07884459345222572,0.0509879308520611,-0.47262838679730734,1.7699999999999998,7.5,0,-0.0074171477342751535,-0.00793524027897341
2013-05-23,14.069999694824219,0.09035324644311242,0.10760777989778461,0.07651109589512872,0.04371660468602312,-0.4809936009436304,1.76,7.5,0,-0.002892623706060915,0.0010355471073784095
2013-05-24,13.989999771118164,0.08988087438410954,0.1074759869609168,0.12369477794746464,0.04467906693139412,-0.479108114454168,1.7499999999999998,7.5,0,-0.0008463408702146236,0.00037607775767334317
2013-05-28,14.479999542236328,0.08944400053814063,0.10780499508212914,0.11213510239180335,0.0439420693264887,-0.4723732844594635,1.8599999999999999,7.5,0,0.005988729595706843,-0.01174613065079666
2013-05-29,14.829999923706055,0.09456450695482971,0.10877021438097649,0.10919970461061235,0.034694644104193983,-0.482310585845772,1.8299999999999998,7.5,1,-0.006494381880668865,0.0040886513445286266
2013-05-30,14.529999732971191,0.08620515529895699,0.1077350715328803,0.051374822997490854,0.04769969793243112,-0.4820087949844788,1.8199999999999998,7.5,1,0.003692061450055961,9.464192333896726e-05
2013-05-31,16.299999237060547,0.100599523186594,0.11240814577263325,0.15849321894844492,0.023161165265615402,-0.4345201934599814,1.86,7.5,0,-0.014352067530045032,-0.0027458916719341753
2013-06-03,16.280000686645508,0.09637055558854682,0.11277118722623566,0.16368841694014646,0.018466446194610464,-0.42998222565974986,1.8299999999999998,7.5,0,0.005506254390587051,0.0014458271482511442
2013-06-04,16.270000457763672,0.09825579864883707,0.11321530488931797,0.12361885166543951,0.011002591904582193,-0.41248877686189617,1.82,7.5,0,-0.0048070582619129665,-0.0025637119958791255
2013-06-05,17.5,0.109352573756713,0.11711089702751235,0.18004046460080536,-0.00817981344219254,-0.4408675468384821,1.8,7.5,0,-0.014000421119676698,0.0048544465724720265
2013-06-06,16.6299991607666,0.11315131063296761,0.11820140978598458,0.14452852487189882,-0.0037345555784245033,-0.42668890213313976,1.78,7.5,0,0.009052965985390182,0.0012318154526247405
2013-06-07,15.140000343322754,0.12145453425703477,0.12068120695143558,-0.07116557963391545,0.011787978279316658,-0.4578351507918836,1.8499999999999999,7.5,0,0.012720534344047518,-0.007758158290676942
2013-06-10,15.4399995803833,0.12106490254639427,0.12036470732010347,-0.051597117373051504,0.008505895828492704,-0.4570001538045011,1.9000000000000001,7.5,0,0.0,-0.0024795493399047963
2013-06-11,17.06999969482422,0.1269286129487437,0.12247932224314735,0.04917020372170944,-0.0026909438451995227,-0.4642212411662772,1.86,7.5,0,-0.010315860864736903,0.002485712787406058
2013-06-12,18.59000015258789,0.12378194803710378,0.12321412651657278,0.06228572300502222,-0.02106129217203634,-0.4226532587360112,1.91,7.5,0,-0.008276638672331305,-0.004481835378037369
2013-06-13,16.40999984741211,0.1349465615408963,0.12654391872428689,-0.013229063406900998,-0.011497536168413647,-0.328038339670569,1.8699999999999999,7.5,0,0.015208564385411405,0.007566565064296427
2013-06-14,17.149999618530273,0.13570429165115486,0.1267983260388805,0.1327608473994517,-0.01306429199686765,-0.32305277322546583,1.85,7.5,0,-0.006272732205598652,0.0013307331916514453
2013-06-17,16.799999237060547,0.13390179968318572,0.12605054544477098,0.0880828817123247,-0.014975306693371326,-0.31884818973357604,1.92,7.5,0,0.0077216280534595505,-0.002373302242798525
2013-06-18,16.610000610351562,0.13736325545926195,0.12602064000428187,-0.026947808593818068,-0.00712880412910577,-0.3227682675529857,1.9300000000000002,7.5,0,0.007905426808114235,-0.0005704158747835697
2013-06-19,16.639999389648438,0.14521909993708818,0.12924649702368293,-0.10489514507443376,-0.02225247041375711,-0.17968572641163094,2.02,7.5,0,-0.013816729892088375,-0.013710612504248987
2013-06-20,20.489999771118164,0.16674043138221012,0.13869182268493246,0.24862888248895865,-0.039353814357169115,-0.12291345212074026,2.08,7.5,0,-0.02477796965945267,-0.0045373547595027874
2013-06-21,18.899999618530273,0.1676885476273063,0.13881051657927718,0.10204081859623804,-0.03347463231915038,-0.13027992829644955,2.14,7.5,0,0.0032097018580181658,-0.01057043478329156
2013-06-24,20.110000610351562,0.17210475943846493,0.14124489677152885,0.1970239002147811,-0.04487882653355657,-0.11705376509212356,2.15,7.5,0,-0.01263552174406124,-0.002450494553453475
2013-06-25,18.469999313354492,0.17486202532061856,0.1422863169146336,0.11198065229713206,-0.04143674933269237,-0.11160355987419993,2.17,7.5,0,0.009614123908661343,-0.001178132289357925
2013-06-26,17.209999084472656,0.1789788485971905,0.14332352747811017,0.03425479060887526,-0.025617855299276293,-0.08709223257906068,2.1599999999999997,7.5,0,0.009901156007615874,0.004032638683937995
2013-06-27,16.860000610351562,0.1799381734590062,0.14200755243575805,-0.17715955106467574,-0.023504374056031008,-0.049415483857377256,2.1300000000000003,7.5,0,0.005869117297605753,0.0053880815014391015
2013-06-28,16.860000610351562,0.17350875033360527,0.1421780110481438,-0.10793645763773552,-0.013344233001059247,-0.05633886422541179,2.16,7.5,0,-0.00409669949933289,-0.0011683898896840406
2013-07-01,16.3700008392334,0.1736785146094332,0.1421748204994585,-0.1859771087820361,-0.012997527685832178,-0.04448002481066032,2.16,7.3,0,0.005859583661596668,0.00038040544584161395
2013-07-02,16.440000534057617,0.1729757904160692,0.14166478103907393,-0.10990789684702973,-0.009152062115735604,-0.03917340682681521,2.14,7.3,0,-0.0009296817604296237,0.0003901325680732981
2013-07-03,16.200000762939453,0.16534664057908324,0.14154461319716918,-0.058686715587594196,0.005353411020438292,-0.040673587411247034,2.16,7.3,0,0.000434074686275876,-0.0019516783466724252
2013-07-05,14.890000343322754,0.16667226303704294,0.14106216062474847,-0.11684461421782422,0.007082870250244788,-0.08775485403491068,2.33,7.3,0,0.01078878937471539,-0.01682340550742012
2013-07-08,14.779999732971191,0.16157958212845874,0.14134798745329355,-0.12336896809501352,0.000106050689682613,-0.07427676361128391,2.28,7.3,0,0.005704658449307232,0.005869923815689848
2013-07-09,14.350000381469727,0.1635549308037711,0.1418354102167369,-0.1233964785708751,0.0073041833639579945,-0.05946041991771134,2.28,7.3,0,0.007197369388287855,0.0016815164460985965
2013-07-10,14.210000038146973,0.15857950209072127,0.1327705790275768,-0.13564479461487278,0.01817348689098397,-0.028090860430639523,2.3200000000000003,7.3,0,0.00036331378955711813,-0.003554510884211104
2013-07-11,14.010000228881836,0.1607192568369401,0.13229114874305334,-0.13518521178515341,0.04065525720593488,0.040765081024379084,2.2600000000000002,7.3,0,0.013621099888333932,0.01000702459972147
2013-07-12,13.84000015258789,0.1530421024934755,0.12816313839156318,-0.07051713677130467,0.02549376590157837,0.06143194535772713,2.2399999999999998,7.3,0,0.00041781046911060216,-0.0007847557647268077
2013-07-15,13.789999961853027,0.1505886905853848,0.12725235798004725,-0.0669823943846003,0.03590985575981498,0.07079437587352409,2.23,7.3,0,0.0038207006948212108,0.0031418853634650468
2013-07-16,14.420000076293945,0.1501177261836786,0.12683156290565076,0.0048780273842090605,0.024120642663290948,0.06654949924147249,2.21,7.3,0,-0.003746787802458962,0.0004896540908971847
2013-07-17,13.779999732971191,0.14815479753704394,0.12669572667876633,-0.03026040140896824,0.018696175265864978,0.06686847732557989,2.2,7.3,0,0.002566846664674216,0.0044021588428260205
2013-07-18,13.770000457763672,0.13810660750259096,0.12561597243604475,-0.0171306043681142,0.03862701074005592,0.05929459240303003,2.24,7.3,0,0.005477989162678387,-0.004674694747720198
2013-07-19,12.539999961853027,0.09562006840673112,0.1256138054966766,-0.09393064858397282,0.06690824914923144,0.06028001667933364,2.18,7.3,0,0.001776786241117545,0.005480101136399629
2013-07-22,12.289999961853027,0.09573338898256192,0.12548864570540683,-0.10877447455760814,0.06556903994410801,0.060869038050745256,2.18,7.3,0,0.001950448620011258,-9.759438690604139e-05
2013-07-23,12.65999984741211,0.07837213052675916,0.12552722346836073,-0.12205271980374155,0.07691359547896481,0.06744288803101671,2.1999999999999997,7.3,0,-0.0021235692221421854,-0.0011681968277350574
2013-07-24,13.180000305175781,0.07930410711895845,0.12539553073789325,-0.04354132361554408,0.06274853505441302,0.07714684573425724,2.27,7.3,0,-0.0036657205753211075,-0.006724224446577831
2013-07-25,12.970000267028809,0.07507671340965183,0.12539771333315153,-0.05809732491939135,0.0548888866502204,0.07798930608169732,2.29,7.3,0,0.002432344950820342,0.0014725203582286461
2013-07-26,12.720000267028809,0.0743076239162957,0.12371517058820367,0.014354091365498034,0.04985179819292296,0.09768784275588946,2.27,7.3,0,0.0010660979612462373,0.0008808465633616258
2013-07-29,13.390000343322754,0.07319482498857745,0.12286415005398652,0.08950369283027015,0.05092869911137865,0.096493503216679,2.28,7.3,0,-0.0030751370456147953,-0.0020547860496570314
2013-07-30,13.390000343322754,0.0725769914026491,0.1213960285172176,0.057661967196616315,0.04480656761823387,0.13043686335659802,2.3,7.3,0,0.0,-0.00029495258302614236
2013-07-31,13.449999809265137,0.07186751861336975,0.12134490892228549,0.020485546118183873,0.04652286986118326,0.130593708715173,2.29,7.3,0,0.0007114896115762992,0.0006871695556416313
2013-08-01,12.9399995803833,0.07859914191699711,0.12303346732681489,-0.002313082962825619,0.058160070052580615,0.09042498771651919,2.39,7.2,0,0.011558773382028154,-0.008826081945262243
2013-08-02,11.979999542236328,0.07282043791756948,0.12281306622434211,-0.058176156388189515,0.04864403322460875,0.08798607906979376,2.33,7.2,0,0.0016987626224178598,0.008518624097776373
2013-08-05,11.84000015258789,0.07293417203971288,0.12267040693264228,-0.11575803965589948,0.04117131910868976,0.09132161268120673,2.35,7.2,0,-0.0014620665398483723,-0.0031429262595598084
2013-08-06,12.720000267028809,0.07512622450718666,0.12330324596765056,-0.050037345714338044,0.027856892295908597,0.09308075889988193,2.35,7.2,0,-0.005682600905386859,0.00029578033645560886
2013-08-07,12.979999542236328,0.07684596288926861,0.12357408070225462,-0.034944258267204265,0.024153947738351444,0.0849757735561756,2.29,7.2,0,-0.00324058274131378,0.0036444594423017396
2013-08-08,12.729999542236328,0.06225127492189078,0.12209660285526366,-0.016228751542258668,0.014094358969243714,0.10264602560597952,2.2800000000000002,7.2,0,0.0036649683369351926,0.0014717088346514196
2013-08-09,13.40999984741211,0.06354626913434643,0.12188019677574119,0.11936563938372569,0.0107453453869919,0.09424811156073087,2.25,7.2,0,-0.0028860367572884904,0.0006856101207963761
2013-08-12,12.8100004196167,0.06259667030882586,0.12146055812503725,0.08192569717296783,0.005709407061659455,0.1086460434192047,2.29,7.2,0,-0.0011807362758885498,-0.0019585465850482375
2013-08-13,12.3100004196167,0.06137037377149268,0.12006295999075882,-0.03223269172995691,0.012475876331829339,0.11757728162339466,2.37,7.2,0,0.002956059658556498,-0.00902612247857193
2013-08-14,13.039999961853027,0.06416050445449269,0.12059063949812347,0.004622528638884793,0.004704233787807821,0.11287359043527397,2.37,7.2,0,-0.005128735364394399,0.0008906341092973502
2013-08-15,14.729999542236328,0.07865670793692936,0.12405985173736578,0.15710919653722577,-0.014744774529995675,0.1348307225595657,2.41,7.2,0,-0.013985997468359601,-0.005539665804619065
2013-08-16,14.369999885559082,0.07857695995657141,0.12328824438761526,0.07158837054962652,-0.019744239360939497,0.11940256697213901,2.48,7.2,0,-0.003306513681376244,-0.003879133623003961
2013-08-19,15.100000381469727,0.08001042082479955,0.12385923148294263,0.1787665797688982,-0.027906039816055106,0.13017686920307792,2.52,7.2,0,-0.006391986034204655,-0.004294440060499727
2013-08-20,14.90999984741211,0.08301437889291068,0.12424368362413198,0.21121034436783281,-0.02104804508742053,0.14145793310447569,2.46,7.2,0,0.0049163174373823,0.00541618345248529
2013-08-21,15.9399995803833,0.08451541574275272,0.12429789378752734,0.22239260943357952,-0.023498927704946215,0.18741388332282932,2.49,7.2,0,-0.006160121198797053,-0.006284102410115899
2013-08-22,14.760000228881836,0.09135111907858896,0.12495988153513315,0.002036706556540313,-0.01698892096258231,0.20360542598777903,2.48,7.2,0,0.00911522683343402,-0.0004021877228675974
2013-08-23,13.979999542236328,0.0923508274933534,0.12492345067845183,-0.027139898846810673,-0.014724407115822236,0.20820205178504436,2.42,7.2,0,0.003372204259229461,0.005624074147475566
2013-08-26,14.989999771118164,0.09259688913377231,0.12148751479395786,-0.007284808448518421,-0.015362659314006932,0.19645918236846302,2.38,7.2,0,-0.0037209355306285774,0.001997371783731383
2013-08-27,16.770000457763672,0.10728790012762332,0.12558138459598453,0.12474853315806023,-0.03120005781978874,0.14014827672026675,2.3400000000000003,7.2,0,-0.016084499187028478,0.005680669225390789
2013-08-28,16.489999771118164,0.10855179707395496,0.1253785901714545,0.03450440434212587,-0.02845127488836885,0.13130419374751404,2.38,7.2,0,0.0035508154023371485,-0.0040632973250642745
2013-08-29,16.809999465942383,0.09799641735936915,0.12188310211199808,0.13888883504548888,-0.0380291506553887,0.17143865668866787,2.36,7.2,0,0.0015864642100111848,0.0009952090747640252
2013-08-30,17.010000228881836,0.09713254176048633,0.12075132911655072,0.21673825363808352,-0.04270202419998237,0.16728477995016935,2.3899999999999997,7.2,0,-0.0031670933967113957,-0.0018887965156154651
2013-09-03,16.610000610351562,0.0999844961698177,0.11826676390009928,0.10807210566838821,-0.03696564744391917,0.20184105800708319,2.4299999999999997,7.2,0,0.004521430695441753,-0.005675604431664483
2013-09-04,15.880000114440918,0.10505596236148572,0.11945406585727442,-0.05307097907148406,-0.023449049048869908,0.19035860303120866,2.44,7.2,0,0.008273068407031792,-0.0033105069922857444
2013-09-05,15.770000457763672,0.10509311855519386,0.11743553609685216,-0.0436627849210498,-0.019032952742337295,0.2043781333920933,2.46,7.2,0,0.0012668990001871716,-0.007648322824675313
2013-09-06,15.850000381469727,0.10384339829392271,0.1160334661167633,-0.05710881112266819,-0.022144016810996425,0.19045561303333272,2.48,7.2,0,0.0004819194988585629,0.0060847302935784775
2013-09-09,15.630000114440918,0.11022443155174826,0.11354186673385504,-0.08112875343162962,-0.009922534149487072,0.15325576220420856,2.4499999999999997,7.2,0,0.009576136837618376,0.00201590901747406
2013-09-10,14.529999732971191,0.11364916653810613,0.11353755021627526,-0.12522581583074044,-0.0014193889859813735,0.1481839167521312,2.46,7.2,0,0.007397486625342786,-0.004627262599789073
2013-09-11,13.819999694824219,0.11371501105154001,0.11270980445986095,-0.1297229474037208,-0.0012375075686696935,0.15934774182095435,2.46,7.2,0,0.0031387380198426573,0.005053320513345616
2013-09-12,14.289999961853027,0.11257998321504088,0.11186447571519233,-0.09384910925491008,0.0012441120913389003,0.15824116870650246,2.4699999999999998,7.2,0,-0.002656784216642505,0.00010075490153838018
2013-09-13,14.15999984741211,0.09967485250111813,0.10789898511265371,-0.10662463680653289,0.017730104480402575,0.07983667878066797,2.4499999999999997,7.2,0,0.002249223438251846,0.001306742529964211
2013-09-16,14.380000114440918,0.09981383325470602,0.09441217117692019,-0.07997440760381669,0.027015408681834385,0.03888197765048198,2.4699999999999998,7.2,0,0.005786862033179352,0.002210455440060599
2013-09-17,14.529999732971191,0.09600777625452861,0.09456043373099962,0.0,0.03823556717976562,0.05716312607098878,2.4699999999999998,7.2,0,0.00446319618338209,0.0020033834111854443
2013-09-18,13.59000015258789,0.1015359186231009,0.09238916998061135,-0.016642514277512288,0.04511415916615191,0.11066174053071487,2.35,7.2,0,0.011574160364966168,0.01240015457985133
2013-09-19,13.15999984741211,0.09780131391619282,0.09111233952283482,-0.07907628533641975,0.049829899000477074,0.12385039895169457,2.42,7.2,0,-0.0016757399813968066,-0.003457449535842372
2013-09-20,13.119999885559082,0.09993614189103965,0.09099361826569849,-0.0734463257810768,0.03307308899853356,0.09844497979441229,2.41,7.2,0,-0.006991717865145408,0.0009915697092988118
2013-09-23,14.3100004196167,0.10211485422522248,0.0912178442621912,-0.00486785078352836,0.024836954200234018,0.0698110226082142,2.37,7.2,0,-0.004627141397094858,0.003762635479679366
2013-09-24,14.079999923706055,0.10134523701167966,0.09087211487066475,-0.030970393498632065,0.026242955742816765,0.058983671023306775,2.32,7.2,0,-0.002354113329549823,0.0036497939844124527
2013-09-25,14.010000228881836,0.0798404269107507,0.09065006033532966,0.03090508252966906,0.04000462952795192,0.05144992363328374,2.27,7.2,0,-0.0028904264983392602,0.002752010360509649
2013-09-26,14.0600004196167,0.07992427109968356,0.09077271779822958,0.06838910202431148,0.04030969226461778,0.04803367221620932,2.3200000000000003,7.2,0,0.0038451852055454427,-0.002156006674906563
2013-09-27,15.460000038146973,0.08328138929208499,0.09147810609619475,0.17835367172247318,0.03388737910680217,0.042621686791433654,2.3000000000000003,7.2,0,-0.004596792540950245,0.0013751937192389985
2013-09-30,16.600000381469727,0.08527871271515734,0.08996305575884879,0.16002794512247576,0.03164641961975723,0.15665395738233343,2.31,7.2,0,-0.005327737006638356,0.0016671681387665505
2013-10-01,15.539999961853027,0.08765383226287526,0.0906109002162488,0.1036931850893561,0.03513280296965493,0.12586927050382035,2.33,7.2,0,0.007916146873376606,-0.002225969352893431
2013-10-02,16.600000381469727,0.08459893050129275,0.08962387384188597,0.18486795933440203,0.02566901805594446,0.11898220201896825,2.32,7.2,0,-0.0009451492229343161,0.0016709755212473976
2013-10-03,17.670000076293945,0.09245007338715305,0.09181230243724361,0.2567567246755218,0.01492543799609325,0.10927619419443066,2.29,7.2,0,-0.009221076069077072,0.0013732673906872161
2013-10-04,16.739999771118164,0.09554849105256095,0.08886655252227604,0.08279429041480202,0.022122983905766613,0.008132263051746259,2.33,7.2,0,0.0075770363200600155,-0.0027438531829939716
2013-10-07,19.40999984741211,0.09602992154311167,0.09071099958842394,0.16927707237158462,0.0036753063142105358,0.003057463923475002,2.28,7.2,0,-0.008645090323658566,0.0008847926923600813
2013-10-08,20.34000015258789,0.10077651411889864,0.09348920024031136,0.3088803219123366,-0.01529829924613868,-0.0008823569132287328,2.2600000000000002,7.2,0,-0.011646483504706873,-0.0004908205101904484
2013-10-09,19.600000381469727,0.09990115008652768,0.09320693803461866,0.18072288741323428,-0.01766767666220148,-0.0007154334128247892,2.31,7.2,0,0.0007249976259524615,-0.0017677028819687024
2013-10-10,16.479999542236328,0.12736557885875435,0.10312138590473945,-0.06734581374756876,0.00618272452157953,-0.03580251212261067,2.36,7.2,0,0.021558071845032334,-0.00216550714067687
2013-10-11,15.720000267028809,0.12905889251805053,0.10335026070037358,-0.060931870850391534,0.010393351716101895,-0.014775028577462062,2.35,7.2,0,0.006443389898329599,0.0014790953954992858
2013-10-14,16.06999969482422,0.12824799137801973,0.10359079438833707,-0.1720762585700486,0.008592070555275111,-0.02798414783735778,2.35,7.2,0,0.003993793102836207,-0.0033478761452327976
2013-10-15,18.65999984741211,0.13012611180551156,0.10466703591158494,-0.08259588459059242,-0.0031733722086129124,-0.02948508871642135,2.38,7.2,0,-0.007254082375650395,0.00019808677214916415
2013-10-16,14.710000038146973,0.1332191000295823,0.10832278682960049,-0.24948980857907876,-0.0008163186518447274,0.011094828773058686,2.35,7.2,0,0.013966085305721077,0.004840134771749716
2013-10-17,13.479999542236328,0.13512123048165156,0.10874310083969105,-0.1820388400079349,0.007549367842887733,0.015422403772742701,2.28,7.2,0,0.006682750990085973,0.005701960863467859
2013-10-18,13.039999961853027,0.13393884952105864,0.10941926955774177,-0.17048347707708533,0.02149733339735338,0.013749815369651969,2.27,7.2,0,0.006754948806056094,9.828321168292575e-05
2013-10-21,13.15999984741211,0.1323054418850672,0.10942181180073504,-0.1810827568558918,0.026304826777049817,0.013814533456918462,2.3,7.2,0,5.7401843118976004e-05,-0.0006846685977731637
2013-10-22,13.329999923706055,0.1324547972150812,0.1096521654367869,-0.28563772600701565,0.03468422669838733,0.028835320689303685,2.23,7.2,0,0.0057912969288635985,0.006944402060846899
2013-10-23,13.420000076293945,0.13350209465256976,0.1102326403872799,-0.08769544245463712,0.03271435393536515,0.023649195246129993,2.1999999999999997,7.2,0,-0.004788763150147757,0.0017481521078077655
2013-10-24,13.199999809265137,0.1334005730997854,0.11036497553325486,-0.020771494249230527,0.03217610081933975,0.020091846960581933,2.1999999999999997,7.2,0,0.0033219787672065237,-0.002036504648350146
2013-10-25,13.09000015258789,0.1316932412351005,0.10834651745987932,0.0038343704663446054,0.0416791484834691,0.08596586901047089,2.21,7.2,0,0.004567694137245226,0.0017492492984374497
2013-10-28,13.3100004196167,0.1287920165419998,0.10834214864427932,0.011398219904545703,0.04892537831227339,0.08256862617166048,2.22,7.2,0,0.001591498952418835,-0.0009697394247494273
2013-10-29,13.40999984741211,0.127652200001842,0.10868138743408007,0.006001494685966335,0.046238029485443644,0.08133146620917588,2.2199999999999998,7.2,0,0.005333863775982772,0.0013591875361231853
2013-10-30,13.649999618530273,0.1297857988803494,0.10851093763208826,0.017138564897821063,0.04202636373034485,0.0916371990659618,2.2199999999999998,7.2,0,-0.004966877533223779,-0.002617983180075223
2013-10-31,13.75,0.12426565246033867,0.10845080965718637,0.04166668171834487,0.04874131098368295,0.10408808343076746,2.26,7.2,0,-0.0028363736800721684,-0.0011667978980027804
2013-11-01,13.279999732971191,0.12276072784472708,0.10833548066209485,0.01451486464236118,0.04334198095852426,0.09404402355460788,2.32,6.9,0,0.002389636064261458,-0.005545874754266045
2013-11-04,12.930000305175781,0.11597699532212087,0.1082195149726908,-0.028549970132297098,0.056143107736910114,0.09859002378979735,2.31,6.9,0,0.0035181889392761345,0.0019595982936768674
2013-11-05,13.270000457763672,0.10543309811413129,0.1084533210129203,-0.010439924775648257,0.06520424571027861,0.10630924154288948,2.37,6.9,0,-0.0031669436451724486,-0.004499686703918759
2013-11-06,12.670000076293945,0.10522444543070988,0.10872539570135495,-0.07179484026548622,0.06986733213500362,0.13142552857760464,2.37,6.9,0,0.005105816769422011,0.0030460031799064424
2013-11-07,13.90999984741211,0.09664463437339009,0.1115392554609876,0.011636352539062589,0.034048188767922705,0.10996736834666387,2.34,6.9,0,-0.012643678160919491,0.0026460097352130063
2013-11-08,12.899999618530273,0.1041834752209855,0.110288301991327,-0.028614467024232315,0.04128953302727778,-0.033708030248051885,2.45,6.9,0,0.01349142029282202,-0.011238030265004362
2013-11-11,12.529999732971191,0.10411925739349341,0.10991593373229006,-0.030935851721865193,0.037323393540018346,-0.04493809683183553,2.45,6.9,0,0.00016970834879859176,-0.0004934467118762331
2013-11-12,12.819999694824219,0.09961221095449983,0.1089850782785231,-0.033911133942439164,0.042781076607177226,-0.06518681406547387,2.46,6.9,0,-0.002030935362528963,-0.000889516894859721
2013-11-13,12.520000457763672,0.09219395055276747,0.10961073857349778,-0.01183895956014458,0.03667115973972379,-0.0605613257108528,2.43,6.9,0,0.008025002727015229,0.004156100485070535
2013-11-14,12.369999885559082,0.09119938616364871,0.10872751556845621,-0.11071171666040935,0.03492704664012414,-0.08405923683906662,2.4,6.9,0,0.004989090896770021,0.00482924343833413
2013-11-15,12.1899995803833,0.08983295041063992,0.1077422554952778,-0.055038764274619734,0.03245597684777879,-0.08283152496092172,2.4,6.9,0,0.004351144837104748,-0.0007849904697327936
2013-11-18,13.100000381469727,0.09152136606706676,0.10813897466050022,0.04549087475226732,0.02878407240101266,-0.09971014485849478,2.36,6.9,0,-0.00349927786351667,0.003533604802609336
2013-11-19,13.390000343322754,0.0908585306713351,0.10787599936467099,0.04446183011444682,0.02063677607293868,-0.08460641619544862,2.42,6.9,0,-0.0021739116704033723,-0.0037170446335297314
2013-11-20,13.399999618530273,0.08962882681497959,0.10203473482118776,0.07028747033478844,0.022340263931992066,-0.006645859530719616,2.5199999999999996,6.9,0,-0.0031277116390603377,-0.005497766424489625
2013-11-21,12.65999984741211,0.09270625129284765,0.10282453316950188,0.023443812816164922,0.027177122320342972,0.001990476672468821,2.5,6.9,0,0.008068858549239444,0.0008886082270360696
2013-11-22,12.260000228881836,0.09291848292219632,0.10305282645941856,0.005742465209858105,0.027621620426319105,0.007889831157295895,2.44,6.9,0,0.0050024082947803805,0.002860685016319753
2013-11-25,12.789999961853027,0.09329319223703361,0.10270917799589721,-0.023664153480117633,0.02496749395428277,-0.0002246542743940955,2.4400000000000004,6.9,0,-0.0009953972929455102,0.0007864603896428068
2013-11-26,12.8100004196167,0.09207629007431034,0.10258799241627073,-0.04331590058511725,0.019811861830168143,0.009766414591453098,2.42,6.9,0,0.00027698968571554516,0.0021623008373989894
2013-11-27,12.979999542236328,0.08942774935034715,0.101678539431541,-0.031343290167944904,0.02739799409647725,0.02589957392468439,2.46,6.9,0,0.0024349317209311216,-0.00225587543515815
2013-11-29,13.699999809265137,0.0883992974745349,0.10178074795237008,0.08214849718703743,0.02963810567539915,0.026967999246360123,2.4699999999999998,6.9,0,-0.0006621843218737045,-0.0005891929025068077
2013-12-02,14.229999542236328,0.08948126514572974,0.10211352383350496,0.16068509596872693,0.02451616997066086,0.04572883041830045,2.5100000000000002,6.9,0,-0.0025967521033065655,-0.004294770127720504
2013-12-03,14.550000190734863,0.09113011512760887,0.10138632038149617,0.13760752416975341,0.016513181161246226,0.030457322867157598,2.51,6.9,0,-0.004320774535897853,0.001780616036381577
2013-12-04,14.699999809265137,0.08998879653891516,0.10061141095696394,0.14754093112707256,0.019628855092031827,0.058706764617184735,2.54,6.9,0,-0.00011159047849518267,-0.004542396993133746
2013-12-05,15.079999923706055,0.09054020244033978,0.10115550891380748,0.16178740027196614,0.009990256216725557,0.06318721493531862,2.58,6.9,0,-0.004395495150789519,-0.0024797036894910196
2013-12-06,13.789999961853027,0.08386880940973157,0.1029677392970223,0.006569354294955865,0.03435705048015825,0.0661229798253074,2.58,6.9,0,0.011177054970777034,0.0008949004739979838
2013-12-09,13.489999771118164,0.07156019557886957,0.10298169647899451,-0.05200279655117046,0.023182501354044538,0.06623441344225169,2.56,6.9,0,0.0025422904351006803,0.0011913363769957552
2013-12-10,13.90999984741211,0.07346104956337245,0.10300893165354612,-0.04398627731498539,0.019343255983387708,0.04588564449749118,2.5100000000000002,6.9,0,-0.003583187070706595,0.004168598509236565
2013-12-11,15.420000076293945,0.08482311221109867,0.10579982705192556,0.04897961063747802,0.009946294343882167,0.07530465755874745,2.55,6.9,0,-0.011230855961174013,-0.0038534623458817974
2013-12-12,15.539999961853027,0.08095094177067637,0.10372069425499492,0.03050398146380906,-0.0014014645283144667,-0.011694661254584389,2.5500000000000003,6.9,0,-0.003301168508181851,-0.0028776636154256297
2013-12-13,15.760000228881836,0.07872744022004026,0.10362464255447229,0.1428571626162709,-0.006470825288876103,-0.018947189166245913,2.54,6.9,0,-0.00011271136030843731,0.001492642492259888
2013-12-16,16.030000686645508,0.08046964898626967,0.10302319490996285,0.1882876915213474,-0.004609756773019225,-0.015458678539306752,2.5500000000000003,6.9,0,0.006232484954836748,-0.0004966398323683618
2013-12-17,16.209999084472656,0.08030515889156085,0.10273814397490202,0.16534861698711323,-0.004291504385614986,-0.009257974473255303,2.5100000000000002,6.9,0,-0.003180670426857546,0.0031809517826542066
2013-12-18,13.800000190734863,0.10054800757787967,0.10773865687681396,-0.10505835781736483,0.014913889552649717,-0.04529630605070031,2.5700000000000003,6.9,0,0.017072326754451028,-0.003765278427330321
2013-12-19,14.149999618530273,0.09977756776978634,0.10751724567392544,-0.0894466117590007,0.016921595636779863,-0.028674127067412444,2.59,6.9,0,-0.001155695511342203,-0.004176916556954846
2013-12-20,13.789999961853027,0.09792198812638432,0.10779940440787074,-0.12500001512808223,0.014649865013712793,-0.012983557745629683,2.52,6.9,0,0.00581690431210613,0.0030957050486533078
2013-12-23,13.039999961853027,0.09812530919671136,0.10742445903154772,-0.18652530235282094,0.014993217426148453,-0.015160875964661466,2.56,6.9,0,0.005342496056371937,-0.0031856368362020993
2013-12-24,12.479999542236328,0.09802017175584035,0.1065126743178691,-0.23010485829140148,0.018231442292299338,-0.0071655226881572635,2.6100000000000003,6.9,0,0.002191817646370442,-0.0038956447779601167
2013-12-26,12.329999923706055,0.09908005901200072,0.10594415425652925,-0.1065217570080722,0.023124481637501804,0.0007314319762204302,2.58,6.9,0,0.005083750175859381,-0.0008628139847691729
2013-12-27,12.460000038146973,0.09904994047013252,0.1058726129582762,-0.11943460254021099,0.020583817153702277,0.004811595327330947,2.62,6.9,0,-5.43556278254087e-05,-0.0006040986887836386
2013-12-30,13.5600004196167,0.09895218048953931,0.10355733657457143,-0.016678719570164646,0.02109322376573397,0.015069176548818387,2.6,6.9,0,-0.00016338228092083185,0.0027157553098118292
2013-12-31,13.720000267028809,0.09877728087334998,0.10302471274704528,0.05214726281940507,0.02859679187800257,0.016110302433473698,2.66,6.9,0,0.0047327287235172655,-0.0045138659689147875
2014-01-02,14.229999542236328,0.1044437534619783,0.10344032336834229,0.14022436411775807,0.02316048822830785,-0.011223797409024863,2.61,6.9,0,-0.009583103419340211,0.003929681550056241
2014-01-03,13.760000228881836,0.10445249206638249,0.09977787584869376,0.11597731662807376,0.02310643084049313,-0.013384708347072357,2.5999999999999996,6.9,0,-0.00016441831552249653,-0.0006018828770303353
2014-01-06,13.550000190734863,0.10352629891913498,0.10021641561544942,0.0874799477729371,0.024645948745056545,-0.025716450669971705,2.58,6.9,0,-0.0028973607291142844,0.0028115513214743704
2014-01-07,12.920000076293945,0.09853732338803363,0.09180807669633839,-0.04719766397624081,0.01954322488732707,0.013222638913261274,2.56,6.9,0,0.006141406033592922,0.0016023543193199874
2014-01-08,12.869999885559082,0.09839586414111458,0.09124985370608749,-0.061953379367812644,0.017179702547786224,0.010687083715529948,2.5799999999999996,6.9,0,0.00021817994921158324,-0.004899422186457669
2014-01-09,12.890000343322754,0.09699180814194788,0.09109426864541989,-0.09416719901756132,0.021505065107887855,0.016294433474415098,2.5300000000000002,6.9,0,0.0006538852638131587,0.0026129881098624352
2014-01-10,12.140000343322754,0.08545856232115548,0.08937029367548478,-0.11773254786426168,0.035920247353553814,0.027313708596693353,2.4899999999999998,6.9,0,0.0027223664917224166,0.00841911095625747
2014-01-13,13.279999732971191,0.09956109501628321,0.0905486697025295,-0.019926232764800322,0.025522814242559422,-0.05950843620524785,2.4499999999999997,6.9,0,-0.013304939994178921,0.0028814542429904666
2014-01-14,12.279999732971191,0.10503963748243011,0.0920751359762592,-0.049535629995625774,0.03681580707408738,-0.1162948293180842,2.4899999999999998,6.9,0,0.010897984673093442,-0.003766284503017192
2014-01-15,12.279999732971191,0.10461299660375763,0.09175797907365768,-0.04584305810677636,0.03594765662543953,-0.12058631370216277,2.4899999999999998,6.9,0,0.0053899426466490485,-0.000894692233344152
2014-01-16,12.529999732971191,0.10363672832280296,0.09186349349803169,-0.027928673449419184,0.03790214700774386,-0.12593101117585045,2.4499999999999997,6.9,0,-0.0013000022482235751,0.0027877966783176333
2014-01-17,12.4399995803833,0.08873881752567324,0.09194437436327398,0.024711633325904536,0.01616445678101064,-0.17056968749411,2.44,6.9,0,-0.004229106372853231,0.002382371347024792
2014-01-21,12.869999885559082,0.08872221192388093,0.0912741242602916,-0.03087348310664295,0.020331326790135495,-0.16376962425155697,2.45,6.9,0,0.002940151719275752,-0.0010893952958281883
2014-01-22,12.84000015258789,0.08689526911327694,0.09114795639785817,0.04560264102556344,0.015091529626926503,-0.15942224985215012,2.43,6.9,0,0.0006516443386599402,-0.0027761658322345006
2014-01-23,13.770000457763672,0.09063733653887103,0.09272597273304319,0.12133556654662647,0.0014248821577687032,-0.20986996572218639,2.4,6.9,0,-0.008192895657925359,0.006761896509998477
2014-01-24,18.139999389648438,0.11779693351057738,0.1031489560863453,0.44772544104013057,-0.022084866434104344,-0.25309225260105006,2.38,6.9,0,-0.021335935751299218,0.004049118862590628
2014-01-27,17.420000076293945,0.11618441174765314,0.10317787536986972,0.4003215967759062,-0.03181765934653702,-0.2467903712561515,2.4099999999999997,6.9,0,-0.004919440964503252,-0.003049715866266456
2014-01-28,15.800000190734863,0.11915782742345221,0.10327419127688124,0.22766125339778887,-0.02599924000162257,-0.24960454475421529,2.39,6.9,0,0.005954949475954097,0.0014804062598454681
2014-01-29,17.350000381469727,0.12263723296123756,0.10508815198315533,0.3512461195705554,-0.035197313020885246,-0.27776746215743625,2.33,6.9,0,-0.009605438791357335,0.004729211796060451
2014-01-30,17.290000915527344,0.1283923128222343,0.10712667448678258,0.255628201942365,-0.02956260822909862,-0.2768518870057963,2.3600000000000003,6.9,0,0.010600635599615993,-0.0009809709510615328
2014-01-31,18.40999984741211,0.1259269523813039,0.10768148055536764,0.014884259473445516,-0.02591298378882645,-0.29418559083334667,2.33,6.9,0,-0.005858339985376659,0.003925770572076992
2014-02-03,21.440000534057617,0.14657550600894492,0.11716992794936391,0.2307692560365886,-0.04767877834255718,-0.3545690223012893,2.31,6.9,0,-0.022505559811382914,0.005435925267240238
2014-02-04,19.110000610351562,0.15029587361241975,0.11759288994824443,0.20949369491512337,-0.03822159434889283,-0.3764748918917805,2.33,6.9,0,0.007004532566659671,-0.0030197123793110903
2014-02-05,19.950000762939453,0.14730819280577062,0.1146635678355819,0.14985592647286605,-0.04529143404633096,-0.3602718558934524,2.3800000000000003,6.9,0,-0.001254537160615965,-0.0036148183520073873
2014-02-06,17.229999542236328,0.15708737119983193,0.11451416646305873,-0.0034702932396684094,-0.03291188374026466,-0.3049476088344864,2.4,6.9,0,0.013187845999452108,-0.0018630878489748204
2014-02-07,15.289999961853027,0.16469198317440684,0.11723926216195625,-0.16947310762730183,-0.021563908660732323,-0.2763442023939905,2.41,6.9,0,0.012395726738536839,0.002652208528422184
2014-02-10,15.260000228881836,0.16445356040804252,0.11717344771251138,-0.28824627571061856,-0.022428309930150103,-0.2783969081289173,2.3800000000000003,6.9,0,0.0018365094652481595,0.0004900464819179717
2014-02-11,14.510000228881836,0.16307017442228455,0.11813331836484872,-0.24071168155682765,0.0015963804348275712,-0.3282082117308601,2.4,6.9,0,0.010943965269842204,-0.004407474708919112
2014-02-12,14.300000190734863,0.15806342919353666,0.1177543008209886,-0.2832080379014539,-0.008711417199295801,-0.34868628878665614,2.4499999999999997,6.9,0,0.0004944608003039086,-0.0023602398578879136
2014-02-13,14.140000343322754,0.1579553119299297,0.11788302682300521,-0.17933832159072216,-0.008935315554462253,-0.3253358753523907,2.41,6.9,0,0.005162859274193243,0.004732830598657811
2014-02-14,13.569999694824219,0.15928955925612454,0.11806104578358727,-0.11249184246697397,-0.0021688456305889448,-0.32084179836813514,2.43,6.9,0,0.005518597590736807,-0.0006871617423509502
2014-02-18,13.869999885559082,0.15856892410408235,0.11793215912756341,-0.09108783240330298,0.003267494475579502,-0.32944106983777904,2.4,6.9,0,0.001196009110739249,0.002455079160420537
2014-02-19,15.5,0.1600122852059376,0.11861887389048158,0.06822879086849287,-0.006298072666758303,-0.33864751216312333,2.4,6.9,0,-0.006622294401867568,-0.001959507878975031
2014-02-20,14.789999961853027,0.16149026358602545,0.11811311031362381,0.03426571780297172,-0.0010851287920261576,-0.3483319005192375,2.42,6.9,0,0.005901046313852687,-0.0010797716913933941
2014-02-21,14.680000305175781,0.15866324686561792,0.11778372654678368,0.038189529613981144,0.006017509180984426,-0.36106283268529127,2.4,6.9,0,-0.0011407964207971188,0.0012779287160025188
2014-02-24,14.229999542236328,0.13717583698799615,0.118215282449389,0.048636688449141374,0.03365186609442783,-0.3627472614732927,2.4,6.9,0,0.005547047698787333,-0.0009813372247967633
2014-02-25,13.670000076293945,0.13520606717461897,0.11822839633918368,-0.01441959703787521,0.03836847322330561,-0.3624370430627027,2.3600000000000003,6.9,0,-0.00037883671223370996,0.0034378086265904884
2014-02-26,14.350000381469727,0.13449032085070456,0.1181623779166665,-0.07419352377614663,0.032277874686910346,-0.3596132566499687,2.34,6.9,0,5.447396947144689e-05,0.0029370031663449314
2014-02-27,14.039999961853027,0.12823030826037363,0.11854321611284176,-0.050709939278866134,0.04775852256507873,-0.35589049025308755,2.32,6.9,0,0.00524710221381941,0.0011715561699403576
2014-02-28,14.0,0.12450265841987161,0.11842637526242807,-0.04632154571114222,0.039390507925434415,-0.3738057484764574,2.33,6.9,0,0.0025293856585248964,-0.0009758042464543815
2014-03-03,16.0,0.12554553762914855,0.11904024399907659,0.12438513806765061,0.03816380626574456,-0.38565261217895913,2.2800000000000002,6.9,0,-0.00703163838959342,0.004946822342861257
2014-03-04,14.100000381469727,0.09450293877200873,0.12217973290435669,0.0314557646507605,0.07699398850334704,-0.43666095922297476,2.37,6.9,0,0.014055421239666632,-0.007684613809389784
2014-03-05,13.890000343322754,0.09418105240083599,0.12169297579679653,-0.03205575093509927,0.07047172118149914,-0.4505284952483597,2.37,6.9,0,0.0009061208523664099,0.0010785001743682798
2014-03-06,14.210000038146973,0.0926722351053328,0.11984268273313532,0.012108267575202225,0.07427131397377185,-0.45884434633070303,2.37,6.9,0,0.002290466398871871,-0.004308766593325797
2014-03-07,14.109999656677246,0.08600112982042582,0.11978768151989586,0.007857118334088975,0.060738552962539716,-0.45273843097485655,2.42,6.9,0,0.00042456283155556385,-0.004326038060653237
2014-03-10,14.199999809265137,0.07917307060844098,0.11948040349189655,-0.11250001192092896,0.04719482222680371,-0.4481937737485755,2.42,6.9,0,-0.0005307527249098776,0.0010858141190344117
2014-03-11,14.800000190734863,0.08327299487436894,0.11745647616644157,0.049645375200491504,0.040108844815261335,-0.4972691193141116,2.4,6.9,0,-0.004942545134194787,0.0009867404110430744
2014-03-12,14.470000267028809,0.0763696625812263,0.11713948354486498,0.041756652942407824,0.029124050821073277,-0.5078391122035507,2.36,6.9,0,0.0002671873023123439,0.003942185348337457
2014-03-13,16.219999313354492,0.08863137181197722,0.1197507355623409,0.1414496319360763,0.017080800775063354,-0.5290841132171871,2.3200000000000003,6.9,0,-0.011213753531537418,0.0058908913504969185
2014-03-14,17.81999969482422,0.0880150638593721,0.11942125701092504,0.26293409839959114,0.009015875244773985,-0.5269392764266432,2.29,6.9,0,-0.0028075631344115504,9.791668371672557e-05
2014-03-17,15.640000343322754,0.09151962333422685,0.12038480302086661,0.10140848967603877,0.012552889409378043,-0.5348500936710749,2.3200000000000003,6.9,0,0.009043352363885093,-0.004001234116521868
2014-03-18,14.520000457763672,0.09438413740150703,0.11630911523875084,-0.0189189006326147,0.018562082493340792,-0.5044515565077149,2.3200000000000003,6.9,0,0.007137802568213614,0.002449392156174124
2014-03-19,15.119999885559082,0.09311309617304132,0.11689946471338865,0.04492049803284082,0.019888574795495106,-0.4466364894437224,2.3099999999999996,6.9,0,-0.005328600181106924,-0.00928596246800728
2014-03-20,14.520000457763672,0.0930703975611426,0.1169037952154085,-0.10480881180994572,0.019826184665553193,-0.4586281887362749,2.34,6.9,0,0.005839511849658141,0.00019746626650785082
2014-03-21,15.0,0.0944026208122207,0.11682854615537772,-0.15824914383378363,0.017031275235619203,-0.45549134278330833,2.3,6.9,0,-0.0038782442812631546,0.0018742298612848263
2014-03-24,15.09000015258789,0.09428546111843905,0.11714075588207593,-0.035166251832576045,0.007237620019564517,-0.4548977728164661,2.2700000000000005,6.9,0,-0.004136018425607069,0.000393526199173877
2014-03-25,14.020000457763672,0.09548758863759241,0.11708421206987756,-0.03443526062236835,0.012401568281189768,-0.4542446554877047,2.2800000000000002,6.9,0,0.004746063178164839,-0.0005895658728110043
2014-03-26,14.930000305175781,0.0994530639811165,0.11809143387027325,-0.012566109908821343,0.005065295081410737,-0.4646250226497031,2.26,6.9,0,-0.007192327167114265,0.004233891282283242
2014-03-27,14.619999885559082,0.09798848872452018,0.11818434630002449,0.006887012716445318,-0.0022885784387564057,-0.4659902554674263,2.2399999999999998,6.9,0,-0.0021081015549031523,0.000980447338887247
2014-03-28,14.40999984741211,0.0992045845085937,0.11821753772610206,-0.039333343505859375,0.00010033529130004659,-0.46625616380605783,2.28,6.9,0,0.004929835490438128,-0.003526779082749898
2014-03-31,13.880000114440918,0.09956483098855202,0.11756365651519575,-0.08018555506372615,0.015435940562316341,-0.4519383954668729,2.29,6.9,0,0.008194604721133647,9.833462172625929e-05
2014-04-01,13.100000381469727,0.08940961594086305,0.11823011998067834,-0.0656205453819717,0.008000963003770512,-0.45800498146110696,2.33,6.2,0,0.006630551783240346,-0.0020676697447349346
2014-04-02,13.09000015258789,0.09000578166197347,0.11813769523809832,-0.12324180274464014,0.01045918288221559,-0.45602886380441987,2.3499999999999996,6.2,0,0.0033470384834415334,-0.004342440057787722
2014-04-03,13.369999885559082,0.08998556891237368,0.11765506357397584,-0.08549931667473465,0.006815266652511198,-0.4637189148413383,2.34,6.2,0,-0.0013239918189960065,0.0006942889646472938
2014-04-04,13.960000038146973,0.09982263511891869,0.1203617486157669,-0.031228300765454353,-0.005509690253547972,-0.4968742491831472,2.31,6.2,0,-0.011822162097097744,0.006140342306540925
2014-04-07,15.569999694824219,0.106937013205338,0.1226098593988566,0.12175789383639879,-0.015978160392009166,-0.5020725349356077,2.3,6.2,0,-0.01105163348852145,0.0023629892903322958
2014-04-08,14.890000343322754,0.10710224955465412,0.12276808509682689,0.13664121448309463,-0.007013089769816627,-0.5348392370764847,2.29,6.2,0,0.004123067026979399,0.001375014140598152
2014-04-09,13.819999694824219,0.11411316454423112,0.12136480942177794,0.055767726029553044,0.00339416782503843,-0.5242769400802079,2.34,6.2,0,0.010750747734667776,-0.00029434600607547434
2014-04-10,15.890000343322754,0.13112216760918596,0.1272605017429208,0.1884817112441055,-0.0065424255393699005,-0.5253746436091835,2.28,6.2,0,-0.021005684928521506,0.004218735321744438
2014-04-11,17.030000686645508,0.13450187587694096,0.12810253909104385,0.21991408596772777,-0.012720367878560901,-0.5261767108108545,2.26,6.2,0,-0.009008731190709884,0.002050715467730946
2014-04-14,16.110000610351562,0.13345288394347665,0.1291369738000193,0.03468214040536233,-0.013860235617351502,-0.530560219908011,2.28,6.2,0,0.007878357232840694,-0.0015594419581687058
2014-04-15,15.609999656677246,0.1332616740306497,0.12960118757633918,0.04835455317349058,-0.014105259448803031,-0.5212606222660144,2.25,6.2,0,0.006887561403524867,0.0011723081910570698
2014-04-16,14.180000305175781,0.13768106929914772,0.13120325250694975,0.02604924879169057,0.0015616245927745354,-0.5237864585011458,2.26,6.2,0,0.010477754026365416,-0.00156111775020229
2014-04-17,13.359999656677246,0.13612497527788484,0.13122108189632298,-0.15921967476285526,-0.0028623826113458595,-0.5171018774335099,2.3,6.2,0,0.0013966087497905288,-0.005665466776860639
2014-04-21,13.25,0.1359301156159077,0.13017321216341432,-0.22196127623234263,0.004510778236810786,-0.503948660642882,2.31,6.2,0,0.003487404954292561,-0.00019646053874233793
2014-04-22,13.1899995803833,0.13569900205542726,0.12220061749533113,-0.1812539366442979,0.013267089836707324,-0.4869839658105269,2.28,6.2,0,0.004544919123998126,-0.00039319409993454624
2014-04-23,13.270000457763672,0.13522349213614393,0.1217879121931816,-0.1499038597295952,0.006119004319391719,-0.5082258970597493,2.27,6.2,0,-0.0023419108168667435,0.002556669009847301
2014-04-24,13.319999694824219,0.13234178456360932,0.12136569538558385,-0.0606488428662203,0.015461871815008799,-0.5153259722408773,2.27,6.2,0,0.0020269306901452566,-0.0002947477264272358
2014-04-25,14.0600004196167,0.13583697461101069,0.12087892511275113,0.05239526803352845,0.009264074141775103,-0.5000535030020046,2.25,6.2,0,-0.008198662173656168,0.0013727351750807415
2014-04-28,13.970000267028809,0.1352165943480345,0.11928624330046689,0.054339642794627,0.0074938405857380985,-0.50135064768611,2.2600000000000002,6.2,0,0.0031672041218731017,-0.0014692245519670744
2014-04-29,13.710000038146973,0.13308016820979865,0.11872503640322153,0.039423841873129195,0.00395708898184699,-0.4890713074863083,2.27,6.2,0,0.004655393123364826,0.0008828318093496712
2014-04-30,13.40999984741211,0.13137251613436646,0.10822240693690202,0.010550066678146175,0.0003187182598141103,-0.4417167559769711,2.25,6.2,0,0.0029824923515109347,0.0026462569622922594
2014-05-01,13.25,0.13079571408404553,0.10761778224765164,-0.005255232464563719,-0.0029126631782041557,-0.43367183478632976,2.2199999999999998,6.3,0,0.00010587450553822819,0.0028790472907036513
2014-05-02,12.90999984741211,0.130809723717379,0.10763642258082987,-0.08179235689069353,-0.0030219220725241636,-0.44885765647743403,2.18,6.3,0,-0.0014334247968388336,0.001464912694699283
2014-05-05,13.289999961853027,0.12338665689178183,0.10475042601147794,-0.04867575462977469,0.010836711350136419,-0.4426401027171254,2.1999999999999997,6.3,0,0.0019141423564188464,-0.0005850109773193335
2014-05-06,13.800000190734863,0.12070645910088108,0.1039476921703496,0.006564562533732499,0.013236569061981562,-0.47958784251739495,2.1799999999999997,6.3,0,-0.008703741551732591,0.0011701246794042497
2014-05-07,13.399999618530273,0.12153363048070354,0.10446074438937622,-0.0007457292315902198,0.015018854907292711,-0.47485989578745574,2.21,6.3,0,0.005889322197742963,0.0007801405105742898
2014-05-08,13.430000305175781,0.11576877999435668,0.10236196186783732,0.013584928692511822,0.0031535618474398674,-0.4538560588550655,2.21,6.3,0,-0.0010646523185977586,0.0010713970304561116
2014-05-09,12.920000076293945,0.08446853900085372,0.10237764219756522,0.0007746110766873038,0.02620633613276846,-0.457389977908819,2.22,6.3,0,0.0014919025100355032,-0.0007780209422382223
2014-05-12,12.229999542236328,0.08020292771105508,0.10366441945068965,-0.07975924925953903,0.045617274168150646,-0.49718827927895076,2.25,6.3,0,0.009736105432451403,-0.002628337153215643
2014-05-13,12.130000114440918,0.07748170357333346,0.10317857766205185,-0.12101449660958419,0.03837323508155932,-0.4889829505293344,2.2199999999999998,6.3,0,0.0008957734570202991,0.0039032960206550893
2014-05-14,12.170000076293945,0.07853001963670303,0.10375308483604052,-0.09179101322774785,0.026384307239959215,-0.5007102820155175,2.15,6.3,0,-0.004737836777432114,0.004569947235702143
2014-05-15,13.170000076293945,0.07847945932777806,0.1044797981666704,-0.019359659193874723,0.006822974841950824,-0.5339731047252483,2.12,6.3,0,-0.0087804235274751,0.003580154291772386
2014-05-16,12.4399995803833,0.07918691852276188,0.10405973459320313,-0.0371517409501696,0.008906403790620132,-0.5337812340778977,2.14,6.3,0,0.0034688088643102244,-0.0021214599856740346
2014-05-19,12.420000076293945,0.07928174083743912,0.10421273705409273,0.015535612524060216,0.009089038297433127,-0.5351954554623934,2.18,6.3,0,0.0036690585017458144,-0.0012562070332217123
2014-05-20,12.960000038146973,0.08120626733627406,0.10460490781720538,0.06842538465584425,-0.0018099615073357,-0.5395007049621093,2.17,6.3,0,-0.006305000419164042,0.002902985269235714
2014-05-21,11.90999984741211,0.08607213730879716,0.10589746223697598,-0.021364028533433888,0.008961897195153057,-0.546301644718226,2.17,6.3,0,0.008424207412788043,-0.00154352778086142
2014-05-22,12.029999732971191,0.08618201240651555,0.10596897184939844,-0.0865603900317935,0.009370241021032122,-0.549703081992659,2.19,6.3,0,0.002432467818602957,-0.0010629299504081313
2014-05-23,11.359999656677246,0.08058876173115698,0.10576308337078169,-0.08681671705271699,0.021793842088565718,-0.5480720516025913,2.17,6.3,0,0.004008696096522879,0.002030672007269585
2014-05-27,11.510000228881836,0.08228322013986045,0.10631839049543616,-0.07326890835927014,0.02482879668440985,-0.5438196873322236,2.13,6.3,0,0.0061468334669929625,0.00028983726295317425
2014-05-28,11.680000305175781,0.08153574344351108,0.10517551433231913,-0.09876541120398075,0.019334101303530415,-0.5232424603828886,2.07,6.3,0,-0.0007311410624718517,0.005501185358696592
2014-05-29,11.569999694824219,0.08261615983912485,0.1018676044197003,-0.02854745230427258,0.02156016115172399,-0.48115520412616436,2.08,6.3,0,0.0051728429458937075,-0.0012478371887936213
2014-05-30,11.399999618530273,0.08255357284667995,0.10188947081291147,-0.052369087982125806,0.023098457831947528,-0.48203342755248557,2.11,6.3,0,0.001611864661702489,-0.0007686754297385745
2014-06-02,11.579999923706055,0.08198667532188202,0.10183167600668237,0.019366221274442985,0.02573684585301317,-0.4763506530575757,2.15,6.3,0,0.001141699884548819,-0.004576099399631439
2014-06-03,11.869999885559082,0.08219326619023033,0.10185327645097052,0.03127711985390813,0.023246042470209005,-0.4682808405116433,2.19,6.3,0,-0.0005188122021992925,-0.0050319162040385335
2014-06-04,12.079999923706055,0.07347248187452779,0.10187831711430766,0.03424654178759057,0.03431848180753683,-0.4686627978438416,2.1999999999999997,6.3,0,0.0020229724851879016,-0.0007782566356059339
2014-06-05,11.680000305175781,0.07398374626465494,0.10195553801202618,0.009507399589713916,0.034969174856127605,-0.4585764113824386,2.19,6.3,0,0.0065221303715483625,0.0014597274589096543
2014-06-06,10.729999542236328,0.07396522688958068,0.1022883936355466,-0.05877193848365447,0.04102716954673302,-0.46491001914344676,2.19,6.3,0,0.004782425236492971,-0.0007776310163023492
2014-06-09,11.149999618530273,0.07402833929251536,0.09917671775841037,-0.03713301450853246,0.0405410689894703,-0.4281368596701591,2.19,6.3,0,0.0010242626768539598,-0.0014596999106544217
2014-06-10,10.989999771118164,0.06835571807640202,0.0988779495624944,-0.07413648887322377,0.030612688350165618,-0.426226411374328,2.19,6.3,0,0.0001016520708765345,-0.0017531559176169331
2014-06-11,11.600000381469727,0.07060786280108534,0.09788024313238512,-0.03973506169436036,0.02611082586005664,-0.41010268154515445,2.21,6.3,0,-0.0034762813313289342,0.0013664449072143814
2014-06-12,12.5600004196167,0.07368584800430668,0.0983112013097484,0.07534247358289559,0.023696301296793676,-0.4467993007925893,2.16,6.3,0,-0.007079771858345851,0.0038984828901584834
2014-06-13,12.180000305175781,0.06377053769990583,0.09764784652342806,0.13513521200367595,0.03591295532295535,-0.5669324815387495,2.15,6.3,0,0.0030486576310515545,-0.0019412381496620723
2014-06-16,12.649999618530273,0.06352854653318504,0.09706976653959117,0.1345291525846457,0.033182447516928226,-0.5695418559449118,2.12,6.3,0,0.0008238188565787841,0.0
2014-06-17,12.0600004196167,0.0632297625951254,0.09669774220120682,0.09736129852436459,0.032267011669408596,-0.5610245284053146,2.1500000000000004,6.3,0,0.0027797725509373095,-0.0041837933342835365
2014-06-18,10.609999656677246,0.05902438341841558,0.09706831883539756,-0.08534488726172329,0.0464412891768724,-0.5076108730267825,2.13,6.3,0,0.007339636600728117,0.005275569751059805
2014-06-19,10.619999885559082,0.05445562329429644,0.09674896484459918,-0.15445863608632115,0.03886242623386571,-0.502063284393593,2.16,6.3,0,0.0011206836170063461,-0.00252675190012841
2014-06-20,10.850000381469727,0.054423516468460595,0.09528749177103105,-0.1091953932990366,0.03844573946316454,-0.4831507467945779,2.13,6.3,0,0.002030393070962422,0.001169333312701637
2014-06-23,10.979999542236328,0.054354671853191934,0.09510313781785228,-0.1320158202888525,0.033982674497460064,-0.48003001733434403,2.15,6.3,0,-0.0003063642542737721,-0.0006811131694018924
2014-06-24,12.130000114440918,0.05812090273263671,0.09585969337087652,0.005804286267715009,0.021475254581032832,-0.48878435665390724,2.0999999999999996,6.3,0,-0.00602387427709139,0.004089561068407077
2014-06-25,11.59000015258789,0.0589462804984862,0.09495781912451991,0.09236574247143303,0.026842844844713554,-0.48889899424081856,2.09,6.3,0,0.004519760292189368,0.0009693449590548742
2014-06-26,11.630000114440918,0.05754660688446999,0.09423667027375882,0.09510360073122226,0.02082716978285082,-0.4813963121198792,2.07,6.3,0,-0.0007158801771522949,0.0026149565241477823
2014-06-27,11.260000228881836,0.05760265474684747,0.09411353565885022,0.037788003041210105,0.02116580739885987,-0.48248704371101825,2.09,6.3,0,0.0019441280105387815,0.0
2014-06-30,11.569999694824219,0.057867238619901014,0.09405360641714318,0.05373407806788699,0.019480617695810665,-0.48269171242003056,2.0599999999999996,6.3,0,-0.0005104448227206682,0.0007731648486262177
2014-07-01,11.149999618530273,0.0609826474965632,0.0911231033540352,-0.0807914663367515,0.026836931092342198,-0.45059758426681934,2.1100000000000003,6.2,0,0.006693190383976422,-0.0032691300324123596
2014-07-02,10.819999694824219,0.060936123079193556,0.08758172234082628,-0.06643662188319654,0.02580399512190734,-0.4287336204639326,2.1500000000000004,6.2,0,0.0010149978592841613,-0.004075918011962942
2014-07-03,10.319999694824219,0.059352082568407634,0.08770930148239763,-0.11263975982167684,0.024169416466597315,-0.4400707430301137,2.13,6.2,0,0.004918276615639705,-0.002045623635184679
2014-07-07,11.329999923706055,0.05998431262667743,0.08594629442059731,0.00621666904097129,0.015746459186147588,-0.45319714161199337,2.11,6.2,0,-0.003481089869349474,0.002440815591960188
2014-07-08,11.979999542236328,0.06520459563207748,0.07442703210343855,0.035436461385173645,0.008182274499033637,-0.443747688921918,2.0700000000000003,6.2,0,-0.006430286960697029,0.004577282347917544
2014-07-09,11.649999618530273,0.06676198013074218,0.07157267116461048,0.044843050861548495,0.012600324603363022,-0.43561766337818714,2.0599999999999996,6.2,0,0.0044842913217670866,0.0001942788995628053
2014-07-10,12.59000015258789,0.06717545565735909,0.07115234152352244,0.1635859988619368,0.012111461717418281,-0.43585645604165,2.09,6.2,0,-0.003957382758203898,0.0021323299140996177
2014-07-11,12.079999923706055,0.06073284511640663,0.07018321668512027,0.17054266288055486,0.020730156788244747,-0.44865724074550145,2.05,6.2,0,0.0013754991268153383,0.0016442775680105548
2014-07-14,11.819999694824219,0.062003196325255264,0.06795338305914134,0.04324799421162617,0.022751697566858464,-0.4505810346170803,2.07,6.2,0,0.005035180465563727,-0.002220767550092928
2014-07-15,11.960000038146973,0.06291331120025014,0.06821927088680073,-0.0016694077507136695,0.01999641903456406,-0.46084036834298875,2.0700000000000003,6.2,0,-0.0018723862822295212,-0.0008708133650044969
2014-07-16,11.0,0.06334310689263897,0.06825357752920755,-0.05579396049905405,0.020933870793865994,-0.4532080893283354,2.05,6.2,0,0.003701400945338884,0.0014525565706033916
2014-07-17,14.539999961853027,0.07278265326734788,0.0724208284469994,0.15488481220266803,0.0019755860598775765,-0.5025298992527313,2.0,6.2,0,-0.011366209292756668,0.005803811890351618
2014-07-18,12.0600004196167,0.08114599751667557,0.07465641158890857,-0.0016555880973233572,0.011082062433872997,-0.508847872046905,1.99,6.2,0,0.010219390192010458,-0.0020196365359501645
2014-07-21,12.8100004196167,0.08139214672922121,0.07484994636182332,0.08375640865929856,0.007145079386340569,-0.5064163936943588,1.9800000000000002,6.2,0,-0.0018713443024970244,0.00028936260103940015
2014-07-22,12.239999771118164,0.08255486050805406,0.07271346300673344,0.023411348835963075,0.011844203332364023,-0.5043446978561882,1.99,6.2,0,0.0043579928463759465,0.0012526826321248574
2014-07-23,11.520000457763672,0.0788842558958545,0.0726256063658695,0.04727276888760645,0.020236197317264004,-0.5023177804798866,1.98,6.2,0,0.0022199261427060524,-9.697312271195191e-05
2014-07-24,11.84000015258789,0.07783814877817596,0.07227713983117043,-0.18569462285755323,0.015697019561078385,-0.48896960566906017,1.99,6.2,0,5.050722749988523e-05,-0.004041701533172626
2014-07-25,12.6899995803833,0.0800962495810135,0.07309529319585359,0.052238734564374445,0.011666101419042896,-0.513384258831866,1.95,6.2,0,-0.00468166171442852,0.0038652659573754633
2014-07-28,12.5600004196167,0.07993786893074682,0.07308393762845948,-0.019516002483275563,0.010111655289862354,-0.51231401365196,1.96,6.2,0,0.000404619896886782,-0.0011543805369705895
2014-07-29,13.279999732971191,0.08169315423976536,0.07370883413942549,0.08496731873370122,0.006284625976213043,-0.5119745938159218,1.9300000000000002,6.2,0,-0.0042972299828741845,0.0013480313986180548
2014-07-30,13.329999923706055,0.0781541717008354,0.07368971146024803,0.15711800295307898,-0.0002540328782217882,-0.4748643224900939,2.01,6.2,0,0.00015187675055194916,-0.007024128814157371
2014-07-31,16.950000762939453,0.10478700704859086,0.08271661488821101,0.4315878838257161,-0.020990774998990158,-0.4015719615685528,2.05,6.2,0,-0.019748066511348195,-0.00029070082908799755
2014-08-01,17.030000686645508,0.10257347365127276,0.08232567405107984,0.3420016745289063,-0.028759022030405035,-0.41702002355062695,2.05,6.1,0,-0.00305555368113386,0.005885353524679671
2014-08-04,15.119999885559082,0.10669770532660763,0.08339809464337858,0.20382160672097394,-0.018328655027525564,-0.4077883640888341,2.04,6.1,0,0.007220742316212947,0.0005796960272677065
2014-08-05,16.8700008392334,0.10953366012494468,0.0860183976992034,0.27033141403979544,-0.021555368150196874,-0.3974220177074839,2.0200000000000005,6.1,0,-0.009696109527253194,0.0004822910974675576
2014-08-06,16.3700008392334,0.1077156800615969,0.08381274479358145,0.22805708424056403,-0.025619258778026177,-0.38083875880815526,2.0100000000000002,6.1,0,0.00031224707478005875,0.0008682397314743184
2014-08-07,16.65999984741211,0.10831922196508229,0.08461250209965564,-0.017109197786080332,-0.02704421458468964,-0.40426729240856735,1.9900000000000002,6.1,0,-0.005414017368349122,0.004529021337728922
2014-08-08,15.770000457763672,0.11738147034251985,0.08712048143919132,-0.07398709207744758,-0.01714063097622953,-0.3898916656491473,1.99,6.1,0,0.011568363106582602,-0.0008631009539656898
2014-08-11,14.229999542236328,0.11620245393532486,0.08509436802288346,-0.058862457014486,-0.019230557283838823,-0.3699400492494685,1.97,6.1,0,0.0028981000958521186,-0.000480262967954892
2014-08-12,14.130000114440918,0.11616417473843714,0.08499070302144392,-0.1624185292522481,-0.018759836270105246,-0.36039294574497005,2.01,6.1,0,-0.0013933342015859385,-0.0014410061160571308
2014-08-13,12.899999618530273,0.11827384165548799,0.08570732374873453,-0.21197318526622777,-0.015761421873460302,-0.32846807385840626,2.0,6.1,0,0.006768451033349443,0.003270873525430762
2014-08-14,12.420000076293945,0.11281352517593694,0.08487475053415643,-0.2545017893128485,0.00025536586938623707,-0.3038583073003275,1.98,6.1,0,0.004722102965135644,0.0020136004097195404
2014-08-15,13.149999618530273,0.10620937873393457,0.08339695125563294,-0.16613828555366683,-0.010065171775416881,-0.29378838792124207,1.92,6.1,0,-0.0002039552872959982,0.00401910794204019
2014-08-18,12.319999694824219,0.1105766262527774,0.08481385946066836,-0.13422346513385353,0.0001011139608102507,-0.31258691105943576,1.9500000000000002,6.1,0,0.008379089186681066,-0.003145323781971854
2014-08-19,12.210000038146973,0.11106488621887925,0.08504758638705809,-0.13588110833287947,0.0009583867622604547,-0.3249838116384274,1.94,6.1,0,0.005218914585355394,-0.0010518123998676243
2014-08-20,11.779999732971191,0.11119223063932307,0.08440733090325901,-0.08682169912239779,0.00140932968756724,-0.3312711546115386,1.9400000000000002,6.1,0,0.002671437405584287,-0.002967147517747515
2014-08-21,11.760000228881836,0.11164178263095986,0.08446939329166428,-0.053140084006267574,0.004278842410323058,-0.3258992603283855,1.9200000000000002,6.1,0,0.0029161262793844234,0.002111916776692091
2014-08-22,11.470000267028809,0.11035877120315776,0.08410158618829884,-0.12775660838302227,0.0074346317163442865,-0.3208770404349446,1.8699999999999999,6.1,0,-0.0015540293922042814,9.645716984230113e-05
2014-08-25,11.699999809265137,0.11160087771027292,0.0845637027959214,-0.05032466728222007,0.012133405065188674,-0.31534575850309604,1.86,6.1,0,0.005070604585167615,0.0007657088989263539
2014-08-26,11.630000114440918,0.1100770634809074,0.08455953575149892,-0.04750204110515932,0.01716131673645882,-0.3210411685649592,1.87,6.1,0,0.0006490602526136868,-0.00019142276437000838
2014-08-27,11.779999732971191,0.11014236042063602,0.08455237576520906,0.0,0.016601000420030987,-0.34080846028539863,1.86,6.1,0,-0.0003990696983823261,0.002776729632699926
2014-08-28,12.050000190734863,0.07929271291046806,0.08454815993107438,0.024659860221839525,0.03651163485665987,-0.3405862043043876,1.8399999999999999,6.1,0,-0.0005493465657381291,0.0013363159340944453
2014-08-29,12.09000015258789,0.07723390188060601,0.0837963065015972,0.054054042818229675,0.04264952779830122,-0.3523707636410316,1.87,6.1,0,0.0028480349275123995,9.496002720355001e-05
2014-09-02,12.25,0.0752838543663572,0.08337417020515121,0.04700856407701148,0.03465898350787766,-0.3230435540477387,1.89,6.1,0,-0.0004982866931857455,-0.006388402059352538
2014-09-03,12.359999656677246,0.0628719355811336,0.08339692696316194,0.06276866165546213,0.04421664809114856,-0.32397462268537064,1.8900000000000001,6.1,0,-0.0005481752111977656,0.0014414887019644773
2014-09-04,12.640000343322754,0.06386458529587036,0.08348942227342439,0.07300514684601356,0.04238053566461897,-0.312243526135683,1.9100000000000001,6.1,0,-0.001446665456083518,-0.0035512489591730256
2014-09-05,12.09000015258789,0.05783350123778635,0.0834736660126593,0.0033194988564217986,0.05276596175897197,-0.3078746264350822,1.94,6.1,0,0.004495222936598209,0.00028966953423026354
2014-09-08,12.65999984741211,0.04994429359523899,0.08220270011215057,0.04714637614807704,0.03803584196661247,-0.27845914102980324,1.94,6.1,0,-0.0025853269897661013,-0.0010592788290547661
2014-09-09,13.5,0.05759146244701971,0.08329338024837546,0.1020408163265305,0.028482912903117885,-0.24794094460454652,1.94,6.1,0,-0.0063314602148767385,-0.0023126701489959434
2014-09-10,12.880000114440918,0.0571676867904924,0.08355458481108954,0.04207123561550841,0.033793492080422816,-0.2550869633864046,1.96,6.1,0,0.003762978751380208,-0.0025123449459054648
2014-09-11,12.800000190734863,0.05390666557136875,0.08343815280105728,0.012658215432457043,0.02802366391779887,-0.24992142934612974,1.96,6.1,0,0.001149455550679468,-0.001259288544050885
2014-09-12,13.3100004196167,0.05811850460529743,0.0832327274809595,0.1009098636584933,0.017215252508531176,-0.266406347362047,2.04,6.1,0,-0.0058413210317851405,-0.003781863029071575
2014-09-15,14.119999885559082,0.058284288077374825,0.08324578359625612,0.11532385906350684,0.016656607892102437,-0.2672665423707753,2.02,6.1,0,-0.0007530334460515986,0.0018489943420023636
2014-09-16,12.729999542236328,0.056900500106722776,0.08448968243845253,-0.05703707094545718,0.015808965241912,-0.269180703252942,2.05,6.1,0,0.0075383479600763525,-0.00029098351179779325
2014-09-17,12.649999618530273,0.05451366118034291,0.08449891561003126,-0.017857181200858108,0.01189579170500532,-0.27074033236406525,2.0300000000000002,6.1,0,0.0013465368155680668,-0.0025271975553725623
2014-09-18,12.029999732971191,0.056631273367295835,0.0840011043461439,-0.060156284866388354,0.014578947072925619,-0.24992950812925385,2.04,6.1,0,0.00533013336181698,-0.0006815533412661834
2014-09-19,12.109999656677246,0.05629688741458723,0.08365809576315893,-0.09015783058660565,0.010717260698507092,-0.25804099459191526,2.0,6.1,0,-0.0009011691126707966,0.0038021261560323705
2014-09-22,13.6899995803833,0.06317687042382344,0.08531698884088508,-0.030453279650204168,0.004472732628072462,-0.27002030233992064,1.9899999999999998,6.1,0,-0.007722741585725057,0.002137093154319647
2014-09-23,14.930000305175781,0.06382594416133229,0.08616958763159252,0.17282017612335054,-0.006316180948440553,-0.28031101642974016,1.9700000000000002,6.1,1,-0.005724730657823085,0.0021327271401301306
2014-09-24,13.270000457763672,0.0700400206293829,0.08752767949142627,0.04901192552806033,0.000812912873375149,-0.29672651521908655,1.98,6.1,1,0.007828125561397448,-0.0028049223761369424
2014-09-25,15.640000343322754,0.09062719095801294,0.09287596791161166,0.30008318291624425,-0.014942784300325807,-0.33455168251748135,1.96,6.1,1,-0.016135686752178025,0.004848916459193386
2014-09-26,14.850000381469727,0.09573276698185015,0.09426354710429571,0.22625935610837877,-0.006570485307086149,-0.34893082509859424,1.9500000000000002,6.1,1,0.007945286604982726,-0.0021233041349627557
2014-09-29,15.979999542236328,0.0951207598635162,0.09381856352968385,0.16727538583232815,-0.011193412859506258,-0.34367489630594467,1.92,6.1,1,-0.0018187217401610667,0.00319278385766375
2014-09-30,16.309999465942383,0.09540792450947413,0.09369859576503148,0.09243128818210389,-0.013304754241584615,-0.3342932694429566,1.94,6.1,1,-0.002632464758145381,-0.0008679186936509931
2014-10-01,16.709999084472656,0.10581750070018486,0.09688585731797929,0.25923123647643864,-0.026142376463886507,-0.38657551194088985,1.89,5.7,1,-0.013551769797454094,0.008401425095757808
2014-10-02,16.15999984741211,0.10594107678189739,0.0964226962384522,0.03324804940374326,-0.024581062719381652,-0.3849240225594677,1.91,5.7,1,0.00015424109140926845,-0.0029721220395719783
2014-10-03,14.550000190734863,0.11289867067726002,0.09874076367781197,-0.020202032527164904,-0.018255649809022834,-0.37520709600536817,1.8800000000000003,5.7,1,0.011009190226664245,-0.000288506576604064
2014-10-06,15.460000038146973,0.11272956279062496,0.09873946429711557,-0.03254064574375981,-0.016862705833237346,-0.37867723833354017,1.8900000000000001,5.7,1,-0.001170149240223184,0.001634552356776009
2014-10-07,17.200000762939453,0.1228095161016594,0.1031566200141724,0.05456783115508501,-0.025871120942762782,-0.41759268123798143,1.8399999999999999,5.7,0,-0.01543637235763795,0.005858827611671336
2014-10-08,15.109999656677246,0.13889833213158329,0.10932051532534373,-0.09575101827995725,-0.012550138078871398,-0.34700804851335004,1.8900000000000001,5.7,0,0.017489200945199457,0.0035323293104287945
2014-10-09,18.760000228881836,0.1544965785999788,0.11637602436046168,0.16089111423389624,-0.03324547840789105,-0.296806774284499,1.88,5.7,0,-0.01983300594111126,-0.001712594659675215
2014-10-10,21.239999771118164,0.15773733627128048,0.11639560576995674,0.4597937795659517,-0.03866503322470305,-0.28547931869892706,1.86,5.7,0,-0.011414501541357147,0.0039076648166265215
2014-10-13,24.639999389648438,0.16580149479718506,0.1188529711074269,0.5937903834961293,-0.053744019649003105,-0.31322910236175344,1.86,5.7,0,-0.016426687233693116,0.005221345568026781
2014-10-14,22.790000915527344,0.16221677966318745,0.11892609988778803,0.3249999944553821,-0.0593707328835098,-0.30984485761780595,1.8199999999999998,5.7,0,0.0015472319465881235,0.001983122516035829
2014-10-15,25.270000457763672,0.16188545948480879,0.11907872894013814,0.6724024508231294,-0.06699133693385761,-0.32745838020201057,1.8099999999999998,5.7,0,-0.00676597439477411,0.005655009317723003
2014-10-16,25.200000762939453,0.1589164298757769,0.11889963055585932,0.3432836063692022,-0.07273470470410093,-0.32387681225419057,1.8199999999999998,5.7,0,-0.0008584272753688893,-0.0027179402623997984
2014-10-17,21.989999771118164,0.16805162172842605,0.1217377890874161,0.035310734843784664,-0.060936722702906954,-0.34666855755807324,1.83,5.7,0,0.011810780837382406,-0.0029131876202308504
2014-10-20,18.56999969482422,0.17299129239643746,0.12332495935711733,-0.2463473963142344,-0.04443904040058233,-0.32896486164880934,1.83,5.7,0,0.00970981632694179,0.0014138452233349863
2014-10-21,16.079999923706055,0.18911337084194738,0.1301756862775654,-0.29442741212220025,-0.019897608596716077,-0.35165783734371836,1.85,5.7,0,0.019810991026600888,-0.0027297295065976668
2014-10-22,17.8700008392334,0.18735661998345163,0.13068013924500693,-0.29283733614879226,-0.03442589924317263,-0.344656728848014,1.84,5.7,0,-0.007111150230864838,-0.0002832357371505001
2014-10-23,16.530000686645508,0.1848529814399311,0.13292803554935095,-0.344047611658986,-0.007181331256361223,-0.38469349196217406,1.8800000000000001,5.7,0,0.011624956528402786,-0.004153533257342024
2014-10-24,16.110000610351562,0.18470744780429868,0.12735012691206266,-0.2673942347416228,-0.007427203853177411,-0.4104031808851936,1.8800000000000001,5.7,0,0.00769566788520204,0.0008530258030494675
2014-10-27,16.040000915527344,0.18466604113899632,0.12720211331930328,-0.13624118583060774,-0.006986048255663846,-0.409807648184716,1.86,5.7,0,-0.0013750734153762378,0.0010422689780238414
2014-10-28,14.390000343322754,0.1890231486279841,0.12846386171222407,-0.10509947689065635,0.007054984854031554,-0.4258407667566254,1.88,5.7,0,0.011470127214773473,-0.0024599540573575496
2014-10-29,15.149999618530273,0.18191848630511823,0.1267748207695211,-0.15221046966776808,0.019346580209037567,-0.4194274437349756,1.8599999999999999,5.7,0,-0.0015116898944992352,-0.0033203726804694744
2014-10-30,14.520000457763672,0.18287602425890334,0.1273242114986701,-0.12159710498413367,0.025722645800881017,-0.41428173828653947,1.8399999999999999,5.7,0,0.00641025760921754,0.0010472285539504522
2014-10-31,14.029999732971191,0.18318125604211521,0.12852711455810753,-0.1291124021462703,0.026155267830493045,-0.4111526963449584,1.85,5.7,0,0.011435606519238917,-0.0016164699283841566
2014-11-03,14.729999542236328,0.18296867570515996,0.12663185292123158,-0.0816709038976976,0.02791789392174371,-0.4093323487751014,1.8399999999999999,5.7,0,0.000545540003755729,-0.0003715491516169678
2014-11-04,14.890000343322754,0.17298676532838167,0.12685967207633586,0.03474635080408528,0.040412081520149634,-0.4067977678117416,1.83,5.7,0,-0.0034691493536699314,-9.566792358728371e-05
2014-11-05,14.170000076293945,0.1640678554255751,0.12729338055469042,-0.06468644006021429,0.02898695465499168,-0.40885542848571954,1.8399999999999999,5.7,0,0.006315798202949807,0.0002859984062584253
2014-11-06,13.670000076293945,0.14352998578237638,0.12686984234637544,-0.05853996933004513,0.054010460273166805,-0.4306384294842379,1.85,5.7,0,0.0040032673679182285,-0.003052530845627066
2014-11-07,13.119999885559082,0.13381989052213936,0.12660762995682429,-0.06486100247554283,0.06717810031734395,-0.4214640769417303,1.8099999999999998,5.7,0,0.0009357914464593886,0.006411582407763516
2014-11-10,12.670000076293945,0.11179443006545148,0.1266868712221558,-0.13985061303196966,0.08841564081362785,-0.42452569834946374,1.8299999999999998,5.7,0,0.0031470634408445886,-0.0040884899586791645
2014-11-11,12.920000076293945,0.11199546836734695,0.12569944352459797,-0.13230357431873618,0.08779934331148476,-0.41441783361350565,1.8299999999999998,5.7,0,0.0009801222559686629,9.581666326918814e-05
2014-11-12,13.020000457763672,0.10625399062724088,0.12538921606889783,-0.0811573473774495,0.09402958761702251,-0.4114030582770319,1.82,5.7,0,-0.0010773419552145835,-0.00038219671530614896
2014-11-13,13.789999961853027,0.10514737866003504,0.12531861537689942,0.008778338324019641,0.09620477523759319,-0.4092773023533949,1.82,5.7,0,0.0011281006986338937,0.0016235241298363512
2014-11-14,13.3100004196167,0.1026478129966091,0.12522221726278998,0.01448174814900316,0.08367399199523828,-0.41328709095566046,1.7799999999999998,5.7,0,0.0002447104613405582,0.002097553941959429
2014-11-17,13.989999771118164,0.10104760472902388,0.12514921040176047,0.10418308499413409,0.07393596048082696,-0.41308832198268497,1.7999999999999998,5.7,0,0.0006364362472939256,-0.0011418361384163411
2014-11-18,13.859999656677246,0.08157274883360473,0.12526622025208228,0.07275538504895551,0.059153459135588005,-0.4107610619155903,1.7899999999999998,5.7,0,0.005773508437796782,0.0011431414185993916
2014-11-19,13.960000038146973,0.07466843891773542,0.12534362193934445,0.07219658581676858,0.06502687523033823,-0.4030995566460185,1.8199999999999998,5.7,0,-0.0016051970564386897,-0.0026645963767930603
2014-11-20,13.579999923706055,0.06773490150453572,0.12535456621333615,-0.015228429204343086,0.05463506952609043,-0.4014219235327207,1.8099999999999998,5.7,0,0.0017542103169161383,0.0018130268537295269
2014-11-21,12.899999618530273,0.06591517358951723,0.1257169430893588,-0.03080396605263469,0.05218091887802534,-0.3922100178626332,1.78,5.7,0,0.005350745885306818,0.0019996683147860406
2014-11-24,12.619999885559082,0.06425914077413088,0.1257138551177746,-0.09792708420105878,0.056586640956485246,-0.39024862659108683,1.7699999999999998,5.7,0,0.0028063974782850387,0.0011404406462172112
2014-11-25,12.25,0.0564496660167371,0.12572344776024755,-0.11616159426826589,0.04384899834320133,-0.41317075980686185,1.76,5.7,0,-0.0007236148741964765,0.002468544712145304
2014-11-26,12.069999694824219,0.05476794497447764,0.12575925976510433,-0.13538684370760423,0.04810466044291695,-0.40981235922678866,1.7100000000000002,5.7,0,0.002559041470927781,0.0017041319469581762
2014-11-28,13.329999923706055,0.05476566416337088,0.12581566993508778,-0.018409425729346673,0.0392216260779219,-0.4244486014043615,1.7100000000000002,5.7,0,-0.0021194028732082204,0.0038760948140117435
2014-12-01,14.15999984741211,0.05121505422340025,0.12651794719314582,0.09767443923578889,0.02033142519891351,-0.40244041591373114,1.7300000000000002,5.6,0,-0.00694952067969945,-0.0024525839180727926
2014-12-02,12.850000381469727,0.054691051379923014,0.12693693834244546,0.018225079080534057,0.026366765510626333,-0.4163446237717031,1.7299999999999998,5.6,0,0.006463845254534251,-0.004444267347462172
2014-12-03,12.5,0.052339312962846836,0.12626278286999673,0.020408163265306145,0.033918298390689605,-0.435047158063884,1.7200000000000002,5.6,0,0.003862864637361074,0.0003798148246456634
2014-12-04,12.380000114440918,0.050196556232351586,0.1261708185753925,0.02568354825639574,0.026292587651191468,-0.43282292554135204,1.7,5.6,0,-0.001106329059549882,0.0035130956986331174
2014-12-05,11.890000343322754,0.04920135061797014,0.12618171615465,-0.10802697589085564,0.023874218539815084,-0.42266976993889527,1.6600000000000001,5.6,0,0.0016374210987948334,-0.005582650975765047
2014-12-08,14.210000038146973,0.05659053912687591,0.12638076961545774,0.0035310869543547785,0.016080911055732283,-0.46054690200777487,1.6199999999999997,5.6,1,-0.006682918208805511,0.0033299841281131393
2014-12-09,15.350000381469727,0.05611670957309858,0.12637709306134687,0.1945525234073231,0.012207068015725131,-0.45880808575616877,1.58,5.6,1,-0.0006774688651270955,0.003699066347158997
2014-12-10,18.530000686645508,0.08142250612710288,0.13012527428691173,0.48240005493164073,-0.004995171787632646,-0.47926690626014506,1.5900000000000003,5.6,1,-0.016031318036773934,0.004534961784228075
2014-12-11,20.079999923706055,0.08347981287226158,0.1304725344393215,0.6219708996838624,0.0011281006986338937,-0.48526774194121347,1.5699999999999998,5.6,1,0.005070040906136164,-0.001693141147755095
2014-12-12,21.079999923706055,0.10124286922407466,0.13437598503628137,0.7729183612298436,-0.01616196003552428,-0.5216206834439866,1.54,5.6,0,-0.01616196003552428,0.008197070997941536
2014-12-15,20.420000076293945,0.10340013571656224,0.13510838978339243,0.43701618729599767,-0.023159167571142114,-0.4945109295481213,1.52,5.6,0,-0.006869183839549375,-0.003644863330246162
2014-12-16,23.56999969482422,0.10594963706217803,0.13518160254195455,0.5355048279528085,-0.03160929465326545,-0.5019751504958548,1.4899999999999998,5.6,0,-0.008019533864303985,0.005064671383657737
2014-12-17,19.440000534057617,0.12780836946843643,0.1405163248311841,0.04910954202327367,-0.018292071774093865,-0.5407515998383609,1.52,5.6,0,0.0196048163013276,-0.0069058240145513095
2014-12-18,16.809999465942383,0.15676236841804228,0.14840335649686892,-0.1628486289934281,0.00760166831892195,-0.567433221025483,1.5500000000000003,5.6,0,0.024728679643892137,-0.005637210834048001
2014-12-19,16.489999771118164,0.15729399151728848,0.14439025885802978,-0.21774194351044984,0.01011678762388235,-0.5414755225631409,1.5,5.6,0,0.004254733522080167,0.0036851084527018685
2014-12-22,15.25,0.15701249516165186,0.1438623579521365,-0.25318315656109713,0.009362755850590654,-0.5370570824581855,1.46,5.6,0,0.004600271865878636,0.0
2014-12-23,14.800000190734863,0.15681523892650032,0.14375127255798056,-0.37208314033263123,0.007896654029851069,-0.5108580923520366,1.5299999999999998,5.6,0,0.0013498187837865938,-0.008285720389443862
2014-12-24,14.369999885559082,0.1567615804379396,0.14356766370785856,-0.26080249532998845,0.008723569937546971,-0.514462122663049,1.54,5.6,0,9.622864422542676e-05,0.0007225275183855295
2014-12-26,14.5,0.15689627564024827,0.14037725455718134,-0.13741817604590167,0.00939281021596261,-0.4825581630510921,1.52,5.6,0,0.003224191876884497,0.0013307905954731414
2014-12-29,15.0600004196167,0.15660670408863295,0.14035704494888915,-0.08671918564887271,0.012895701572894547,-0.4850724435065522,1.5000000000000002,5.6,0,0.0013435377021040473,0.0034153844550313117
2014-12-30,15.920000076293945,0.15568075023270103,0.13953702950481714,0.04393443123238994,0.014510809002183267,-0.4869785413304329,1.5100000000000002,5.6,0,-0.0053660573435253545,0.0011350192483980948
2014-12-31,19.200000762939453,0.15856632630244327,0.14127259353337107,0.29729733212835296,-0.0020072080921726965,-0.48434850151249736,1.5,5.6,0,-0.009923153142374685,0.0011332692385723764
2015-01-02,17.790000915527344,0.15789276942881822,0.13715411030055422,0.23799589820492217,-0.006379349664950906,-0.45432643553768837,1.46,5.6,1,-0.0005349933426138653,0.005095558140173928
2015-01-05,19.920000076293945,0.17007708460952312,0.13840573253814484,0.3737931087099273,-0.023243118000221052,-0.5322970112387868,1.3599999999999999,5.6,0,-0.018059591305686906,0.006100775999557273
2015-01-06,21.1200008392334,0.17221360246812134,0.13340904506002163,0.4023904548982036,-0.03402482552513475,-0.6004016932881222,1.3199999999999998,5.6,0,-0.009418924568497244,0.0067177903949104945
2015-01-07,19.309999465942383,0.17813367028361057,0.13310029118490568,0.21293965913331858,-0.015407551997865143,-0.5870241840116273,1.3399999999999999,5.6,0,0.012461316860247207,-0.0001852489817214531
2015-01-08,17.010000228881836,0.18980773208073942,0.13227378860005598,-0.11406252328306343,0.002743477824302065,-0.5846746933162268,1.4099999999999997,5.6,0,0.01774511105755905,-0.00407868740142614
2015-01-09,17.549999237060547,0.18271249129312286,0.13376235722166907,-0.013490818781089597,0.010914230622478094,-0.5958288670977429,1.3900000000000001,5.6,0,-0.008013549744814719,0.0049330371630531555
2015-01-12,19.600000381469727,0.1842653787565657,0.13406299759125576,-0.016064241646516764,-0.0020646594541350316,-0.5935778027656341,1.3599999999999999,5.6,0,-0.007833816993050191,0.0035190835339955484
2015-01-13,20.559999465942383,0.17461397187478217,0.13427062006735244,-0.026515215484780308,0.011475999772758039,-0.6019180599232608,1.3699999999999999,5.6,0,-0.0028125824833410418,0.0009229414495213195
2015-01-14,21.479999542236328,0.17416459231086073,0.13338777159684828,0.11237701379128673,0.012323350681022971,-0.6007599935579494,1.35,5.6,0,-0.006037201371069223,0.004610723379748993
2015-01-15,22.389999389648438,0.1749650016888285,0.13384403840248463,0.3162844849132762,0.011158727088802278,-0.622981852650574,1.33,5.6,0,-0.009160754061493304,0.008536011314612457
2015-01-16,20.950000762939453,0.16695407871838774,0.1304579069505576,0.19373228909885554,0.004722059890861274,-0.6379458859750259,1.34,5.6,0,0.013114384383833944,-0.007371942293017741
2015-01-20,19.889999389648438,0.14020486579525726,0.12944668533041803,0.014795867476251834,-0.0174330553918155,-0.6447334086041084,1.29,5.6,0,0.0021323986052916855,0.0022926616393448285
2015-01-21,18.850000381469727,0.14061498215111737,0.12781418745578008,-0.08317116385655887,-0.016656959720097286,-0.6347474372222786,1.34,5.6,0,0.005047959628724508,-0.004757228812164116
2015-01-22,16.399999618530273,0.15024521113622719,0.13028804850266326,-0.2364990703895129,-0.006603534804081379,-0.6434357263131839,1.3699999999999999,5.6,0,0.014871024787400211,-0.0024814367759621314
2015-01-23,16.65999984741211,0.1512112813995391,0.13086856825165788,-0.2559178069868764,-0.013381723776962784,-0.6473716206123946,1.29,5.6,0,-0.005482637881275676,0.006542322032257797
2015-01-26,15.520000457763672,0.15156411902105835,0.12903107441663988,-0.25918854928069746,-0.011166237477955976,-0.6417251344056165,1.29,5.6,0,0.0023419801629704917,-0.002288643655193101
2015-01-27,17.219999313354492,0.15728076691297926,0.1320722874140099,-0.1342383186639775,-0.0273456197921782,-0.6419144267066724,1.29,5.6,0,-0.013190647869134708,0.001376372131429493
2015-01-28,20.440000534057617,0.16204414206717707,0.13426697568973134,0.08435013901383903,-0.04110746327420778,-0.661789894630289,1.23,5.6,0,-0.01282422149171536,0.007696460823221507
2015-01-29,18.760000228881836,0.16631710969939537,0.13355599927909875,0.14390247958817093,-0.027023141036314313,-0.6668127176519556,1.26,5.6,0,0.009243238714773616,-0.0035464436709116143
2015-01-30,20.969999313354492,0.16839029660776217,0.13607452612525062,0.25870345170572606,-0.029628842093505692,-0.6817864022926375,1.21,5.6,0,-0.012574649180323139,0.008759661845800792
2015-02-02,19.43000030517578,0.17541827582594452,0.13824189901372544,0.251932972428244,-0.017085898850610626,-0.6842767267468935,1.19,5.6,0,0.01238401476023343,-0.0012498672548353351
2015-02-03,17.329999923706055,0.17091234153778892,0.1407658935581512,0.006387956721128019,0.015466809840994022,-0.7020492444287547,1.27,5.6,0,0.014460870084949784,-0.008436502249298705
2015-02-04,18.329999923706055,0.16758079891407446,0.1408066739368144,-0.10322898998147423,0.02121912160814521,-0.7015204081115402,1.29,5.6,0,-0.003807582945806298,0.0016468481397817758
2015-02-05,16.850000381469727,0.1656531383820234,0.14225351297756295,-0.10181235736189287,0.01883245345939555,-0.7192275669750919,1.31,5.6,0,0.010095116379211788,-0.0036539933483100695
2015-02-06,17.290000915527344,0.15369735460741105,0.14227437775907317,-0.1754887228576868,-0.0017002506437909792,-0.6617097801378488,1.2999999999999998,5.6,0,-0.002765679648856434,-0.01118449689198342
2015-02-09,18.549999237060547,0.1517641364454239,0.14259524837452028,-0.045290841703220064,0.0018601255918551107,-0.6577847368913331,1.31,5.6,0,-0.0044756895121049745,-0.00046334848990059463
2015-02-10,17.229999542236328,0.1530693241238642,0.14417547587017446,-0.005770362487592107,0.02052792429612471,-0.6619429541067288,1.3399999999999999,5.6,0,0.010653353134232324,-0.002504731224574508
2015-02-11,16.959999084472656,0.15240301139525939,0.14416743676917806,-0.07474090807068612,0.023999911009793484,-0.6625318664033469,1.33,5.6,0,0.0005799963792545437,-0.0003720367830200022
2015-02-12,15.34000015258789,0.15263198723463442,0.1454110808267947,-0.08961425487814312,0.04012700886849507,-0.6578847075290708,1.38,5.6,0,0.009616838389139515,0.0003721752459011629
2015-02-13,14.6899995803833,0.14690939789061902,0.14559871721932754,-0.15037600910761684,0.05406464074822748,-0.659280984796228,1.3599999999999999,5.6,0,0.004116425113870781,-0.003347602634486635
2015-02-17,15.800000190734863,0.1416519260813226,0.14521133365076203,-0.14824793312290463,0.04205709619489073,-0.6512024733767294,1.4400000000000002,5.6,0,0.0015733311714998255,-0.007090797119939207
2015-02-18,15.449999809265137,0.1418301642482349,0.14514791216719214,-0.10330817064781883,0.03993877304069682,-0.6520949315901646,1.4499999999999997,5.6,0,9.523550618206755e-05,0.0047924244251893455
2015-02-19,15.289999961853027,0.1416614141645244,0.1451469248520184,-0.09846693471514156,0.033976487803364375,-0.6497469039870124,1.44,5.6,0,-0.0007142859648157085,-0.002524886935008075
2015-02-20,14.300000190734863,0.13402470604223318,0.14524612815549864,-0.06779660700834977,0.024939668365089096,-0.6549979131220305,1.46,5.6,0,0.0060011846001974956,-0.0005622002409639837
2015-02-23,14.5600004196167,0.13177973353328765,0.14517153400083546,-0.00884950064533696,0.03044367458152819,-0.6526685178773007,1.42,5.6,0,-0.00014200182979995368,0.0045958442119589105
2015-02-24,13.6899995803833,0.13183219179945793,0.14523247930737568,-0.13354434081518995,0.030956288563638967,-0.6371466518072754,1.3900000000000001,5.6,0,0.0028406144178672044,0.0066301685699305946
2015-02-25,13.84000015258789,0.12029335232799379,0.14519476423748084,-0.10420709880603063,0.04384931492034361,-0.638938314119715,1.35,5.6,0,-0.0008497182611569842,0.0009283027800306431
2015-02-26,13.90999984741211,0.10745231289659503,0.14513657199936042,-0.09025507638220243,0.05616067080271869,-0.6253249837841148,1.3699999999999997,5.6,0,-0.0011812839968493583,-0.005931816327677031
2015-02-27,13.34000015258789,0.10670456730222232,0.14454380758053784,-0.06713286890506254,0.04292307344271595,-0.6401090985642487,1.37,5.6,0,-0.00340630978835077,0.003542752989654341
2015-03-02,13.039999961853027,0.09228255397502531,0.14451775969161568,-0.1043956328267528,0.06287288929520018,-0.6378969433683551,1.42,5.6,0,0.006313564551395645,-0.007444373015157546
2015-03-03,13.859999656677246,0.08869932187781145,0.14465345056466766,0.012417829182225892,0.04556240797932998,-0.6318069746931743,1.44,5.6,0,-0.004104179405311159,-0.002156048414628464
2015-03-04,14.229999542236328,0.0788073109837485,0.1449308386630469,0.028179146340219674,0.02631351942006721,-0.6320109406652957,1.46,5.6,0,-0.004215436644302573,0.0007517698968739772
2015-03-05,14.039999961853027,0.07647068936520461,0.144914304542053,0.009345802722284358,0.03136345696629661,-0.6369573516164283,1.46,5.6,0,0.0010941448351875493,0.0005630597040608976
2015-03-06,15.199999809265137,0.08792096853373622,0.14721130176145272,0.1394302575263775,0.006694788000316754,-0.5422495102661481,1.5100000000000002,5.6,0,-0.014064845738707143,-0.010227243541528264
2015-03-09,15.0600004196167,0.08809647179792367,0.14741932777381367,0.15490801101786378,0.013670797752886488,-0.5323529846116294,1.5000000000000002,5.6,0,0.004144772682167952,0.004645583790056085
2015-03-10,16.690000534057617,0.10540471466468192,0.14750989041931684,0.20418477254557366,0.001710533317762053,-0.531035669034178,1.4400000000000002,5.6,0,-0.016221844211860792,0.004245709482075366
2015-03-11,16.8700008392334,0.09799135628826405,0.14726434765470256,0.18552363892642676,-0.011169429504513828,-0.5303285133951509,1.41,5.6,0,-0.0023415961865690393,0.0017854949797535546
2015-03-12,15.420000076293945,0.1087151382086177,0.14547470367582957,0.09829060670871836,0.0008220311470736874,-0.4943090369784139,1.4300000000000002,5.6,0,0.012713941276746077,0.0009374608875527546
2015-03-13,16.0,0.1046571600427753,0.1453199730095382,0.052631592156154205,-0.014789850214159905,-0.5034588419125176,1.4499999999999997,5.6,0,-0.006132233684313593,-0.001498770780776093
2015-03-16,15.609999656677246,0.11496382587457644,0.14647127108111355,0.036520532651787674,-0.005720046477079355,-0.46881906470263424,1.44,5.6,0,0.013360279236710904,0.0034721362124008337
2015-03-17,15.65999984741211,0.11513366258086008,0.1414506428452615,-0.061713640125036995,-0.01023273067205921,-0.44366847625586964,1.36,5.6,0,-0.002972455078817937,0.002057276057519708
2015-03-18,13.970000267028809,0.1234215489768326,0.1344280607136468,-0.17190281137747532,0.0015706224161280424,-0.3404845168920904,1.3599999999999999,5.6,0,0.01202175353956636,0.011479283440748667
2015-03-19,14.069999694824219,0.12451204789219951,0.13456837593444582,-0.08754866243776227,-0.0022857518920698094,-0.3332318581119796,1.35,5.6,0,-0.004561862628813751,-0.004705359386661612
2015-03-20,13.020000457763672,0.12672850329946214,0.13542485363774137,-0.1862499713897705,0.0005168936384487566,-0.3162582002453584,1.33,5.6,0,0.008827108685237839,0.004078786882411034
2015-03-23,13.40999984741211,0.12692803095718586,0.13548895988809326,-0.14093528876690764,-0.0012907601169082072,-0.3218426749776916,1.3199999999999998,5.6,0,-0.0019484651456200819,0.0012930859795667882
2015-03-24,13.619999885559082,0.12793502509359458,0.13602904781515823,-0.1302681980670739,-0.009715825437179082,-0.32574200687360183,1.2999999999999998,5.6,0,-0.0056193029884041845,0.003042661351962739
2015-03-25,15.4399995803833,0.13752088925538863,0.13922489632762222,0.10522543201548107,-0.023397224069671374,-0.287993562801332,1.3399999999999999,5.6,0,-0.014653607739922858,-0.004320930291915159
2015-03-26,15.800000190734863,0.1375907818590853,0.1392688049544772,0.12295668325757259,-0.02457070498618452,-0.2813998695254558,1.4,5.6,0,-0.0023814594736897288,-0.005631684596056896
2015-03-27,15.069999694824219,0.13786864265257334,0.13893115598086006,0.15745001267170888,-0.018995883990437945,-0.2761014417963578,1.37,5.6,0,0.002289470989221165,0.0038990498823132658
2015-03-30,14.510000228881836,0.14343748825481906,0.1396044114010846,0.08202836644192857,-0.0132573164907267,-0.2742812147146203,1.38,5.6,0,0.012200184415482873,-9.186685382422954e-05
2015-03-31,15.289999961853027,0.1458509000982585,0.14082896370677142,0.122613809862407,-0.01785030273277699,-0.2798629976374784,1.38,5.6,0,-0.00873977070885057,0.002589599210306437
2015-04-01,15.109999656677246,0.14566343444288965,0.1358458522515749,-0.021373052634361733,-0.017180282535471214,-0.2554789100074328,1.32,5.4,0,-0.003536114773644794,0.0047592225382551145
2015-04-02,14.670000076293945,0.14637043492048396,0.13442439455226196,-0.07151899372150328,-0.014722681265467497,-0.2383794124563922,1.3699999999999999,5.4,0,0.0035974424369973335,-0.0028511102148310874
2015-04-06,14.739999771118164,0.13964863339628733,0.13277770914095688,-0.02189780559978327,0.006061542464229186,-0.23654879100976917,1.41,5.4,0,0.006733254897019592,0.001291038709555492
2015-04-07,14.779999732971191,0.13927402990880633,0.12799364992068188,0.018607822179900868,-0.0007425498296300681,-0.2149520716890119,1.3699999999999999,5.4,0,-0.0026463563107870236,0.000829403519062577
2015-04-08,13.979999542236328,0.12571355049607544,0.12698974183957415,-0.08567694067266285,0.019164504098467594,-0.20245364960817092,1.38,5.4,0,0.003376833583556005,-0.0009212449230466824
2015-04-09,13.09000015258789,0.12563677886564015,0.12607340604561054,-0.1336862706808004,0.026075427702354492,-0.1980820340971982,1.41,5.4,0,0.004423495203293992,-0.004052629605515334
2015-04-10,12.579999923706055,0.11939173987177099,0.12625307316349396,-0.14246763065565593,0.018722948055818645,-0.19716727737830206,1.3900000000000001,5.4,0,0.005457205134381082,-0.00027797965936426916
2015-04-13,13.9399995803833,0.11825593515706938,0.12594314142624066,-0.05427409790754534,0.020372617586355668,-0.18963819624341904,1.4,5.4,0,-0.004522813405127057,0.0020362546893324396
2015-04-14,13.670000076293945,0.1090551173787669,0.1242451342684706,-0.0751014666259473,0.008845988859631726,-0.1552215997484513,1.3699999999999999,5.4,0,0.0019128653176656574,0.0029543560506890554
2015-04-15,12.84000015258789,0.10915311626180675,0.1218756181465374,-0.08154502338889746,0.016394186285835888,-0.11682864513901721,1.4,5.4,0,0.00448731661233559,0.0005521808673147888
2015-04-16,12.600000381469727,0.10085181158152949,0.12186475630251094,-0.037433137158618845,0.004033948305368851,-0.11893588132227931,1.4,5.4,0,-0.0002853118529161369,0.0007363437600051981
2015-04-17,13.890000343322754,0.10797604920783252,0.12408661552884236,0.1041335792974134,-0.002967581663683827,-0.11900158270618764,1.36,5.4,0,-0.011503450573031815,0.0020228047453167974
2015-04-20,13.300000190734863,0.10832160051714332,0.1217850688635707,-0.045911004943576916,-0.002661594670952172,-0.11123310302292881,1.3499999999999999,5.4,0,0.009136715441744103,-0.0018350301697624971
2015-04-21,13.25,0.10818449764273645,0.12121534993101928,-0.030724219016084353,-0.0019048381071044007,-0.0923788828223576,1.3699999999999999,5.4,0,-0.001191167476119137,-0.0021152095626781886
2015-04-22,12.710000038146973,0.107481447282364,0.12149883503534364,-0.010124619384425548,0.008668041826841888,-0.10165160865179897,1.42,5.4,0,0.00491422940363595,-0.005803664837433997
2015-04-23,12.479999542236328,0.09157640082496325,0.118147216942292,-0.009523875841295881,0.026244284269931084,-0.0910765487910683,1.41,5.4,0,0.0025162502932707387,0.003058187502509746
2015-04-24,12.289999961853027,0.09057670302351957,0.1147261468549579,-0.11519080935364301,0.03108104316233673,-0.03572670326789547,1.39,5.4,0,0.0023203843475911867,0.0035104218042341095
2015-04-27,13.119999885559082,0.0927410853170832,0.11391401538987343,-0.013533857337925004,0.024448603590342177,-0.016525462778871763,1.4,5.4,0,-0.004157766494259141,-0.0015650125794917091
2015-04-28,12.40999984741211,0.08366531455334134,0.11053351941951757,-0.06339623793116156,0.015318139157556976,0.04640597928698367,1.44,5.4,0,0.0031788848107250356,-0.004609976147848194
2015-04-29,13.390000343322754,0.07811716482466186,0.10847390058628194,0.05350120402320013,0.02005519303433201,0.06317271119800522,1.5,5.4,0,-0.004114961074352608,-0.003705187732947257
2015-04-30,14.550000190734863,0.08609955717716511,0.10689339798102658,0.1658654426623165,0.01341739642226547,0.1353546449156591,1.4699999999999998,5.4,0,-0.010020395866049858,-0.0002784030301283824
2015-05-01,12.699999809265137,0.09292392719504881,0.10863890995639486,0.033360443342938195,0.02073245750164321,0.10464933860242366,1.52,5.6,0,0.010841621011838942,-0.005467677148083161
2015-05-04,12.850000381469727,0.09076651141399321,0.10694481415153385,-0.020579230674120597,0.016792531066862182,0.12359813998812703,1.56,5.6,0,0.002847364001132613,-0.002060111219720606
2015-05-05,14.3100004196167,0.10015936329037263,0.10953216983480937,0.15310238481596783,0.007815266194009185,0.11721576774865497,1.5699999999999998,5.6,0,-0.011451995177851448,-0.001689025123014054
2015-05-06,15.149999618530273,0.10074401448429277,0.10946684291743786,0.1314413166602484,0.00028849648701956276,0.1281650759667774,1.6,5.6,0,-0.004116788123756043,-0.00488821096315839
2015-05-07,15.130000114440918,0.10050462168464398,0.10763035133073452,0.03986253718920141,-0.00014383249678373566,0.15476787613220436,1.5500000000000003,5.6,0,0.003989379055288289,0.0042503000287601456
2015-05-08,12.859999656677246,0.10937828350452991,0.11083249374984107,0.012598413371265105,0.00752253524878399,0.17953728580983186,1.5700000000000003,5.6,0,0.013166518671186456,0.0038568230529332226
2015-05-11,13.850000381469727,0.1095310007034347,0.10967856974708853,0.07782100936292924,0.007269397041234971,0.19943591734814436,1.6599999999999997,5.6,0,-0.004772925240698389,-0.009838426114822552
2015-05-12,13.859999656677246,0.1100060586568961,0.1095706761212574,-0.031446593273510626,0.0023386198622799004,0.20614783336625334,1.67,5.6,0,-0.00299169060959803,0.0007564469533503093
2015-05-13,13.760000228881836,0.10880450673375065,0.10952863113675679,-0.09174913694045916,-0.0019483670102438122,0.21725562164126477,1.6800000000000002,5.6,0,0.0001911397968343831,-0.0013226433181537933
2015-05-14,12.739999771118164,0.11499861696358817,0.11155846761728092,-0.15796433081593986,0.008746392800730085,0.2358309459425088,1.67,5.6,0,0.010427268654775279,0.003408065558291762
2015-05-15,12.380000114440918,0.1059544755464834,0.11155207928630309,-0.03732500428078156,0.021591839215402198,0.23249943691847377,1.59,5.6,0,0.0010841329339565942,0.007171972279961469
2015-05-18,12.729999542236328,0.10196748587348492,0.11107613788198946,-0.08086648435994825,0.015487449909471485,0.2194273649300197,1.65,5.6,0,0.0031067501097032935,-0.006746251653759416
2015-05-19,12.850000381469727,0.10179115493158304,0.11107956063385623,-0.07287152238282624,0.016364807494217315,0.2221676892165636,1.6400000000000001,5.6,0,-0.0003282198296424843,-0.004433114006560768
2015-05-20,12.880000114440918,0.10075076324168701,0.11096278521448001,-0.06395349562522712,0.010681849573292101,0.21509494832818662,1.6599999999999997,5.6,0,-0.0007047031270167592,0.002178871539196825
2015-05-21,12.109999656677246,0.10086310670026331,0.11108116602461558,-0.049450559321762344,0.011081483617839893,0.22129037061219406,1.5899999999999999,5.6,0,0.002912655575505463,0.0059565716749800934
2015-05-22,12.130000114440918,0.10116413305419651,0.11117491889817033,-0.02019386087956354,0.00633107549328038,0.22270450780359188,1.5699999999999998,5.6,0,-0.0023888611230894474,-0.002255328090105424
2015-05-26,14.0600004196167,0.1075539002102196,0.11320032586809663,0.10447768461951767,-0.00033228336547519444,0.18468798110465448,1.5,5.6,0,-0.010751674135738631,0.006215965201390672
2015-05-27,13.270000457763672,0.11225653240082605,0.11412885125458529,0.032684829869702225,0.005958850909786317,0.2115043172311547,1.5,5.6,0,0.009492115658769729,-0.0005616383490606447
2015-05-28,13.3100004196167,0.1111867451781878,0.11381698235955416,0.033385116564841555,0.008975818794320523,0.20635823634386494,1.5099999999999998,5.6,0,-0.001128205526240822,0.000937228938912904
2015-05-29,13.84000015258789,0.10717084889937002,0.11422119051285219,0.14285718785770163,0.012856534433390188,0.2056309254128551,1.5100000000000002,5.6,0,-0.006212743333094739,0.0005609717771277722
2015-06-01,13.970000267028809,0.10042160212717202,0.11427000131478425,0.15169003588032504,0.0040337003797268345,0.19852801779094542,1.5499999999999998,5.3,0,0.0020363385522526034,-0.00441206549745643
2015-06-02,14.239999771118164,0.10001348312778731,0.11038036520676602,0.012802229454440761,0.00018914641581857516,0.12759123108439976,1.63,5.3,0,-0.0009926473520791568,-0.00696186556244105
2015-06-03,13.65999984741211,0.09063058563832532,0.1102063870770622,0.02938955359419504,0.014456570883999875,0.10288362829952073,1.69,5.3,0,0.0026493715911373172,-0.008528106259977242
2015-06-04,14.710000038146973,0.09490576328595049,0.10628561084035301,0.10518404014975902,0.010046322470560032,0.12367406940217988,1.65,5.3,0,-0.00844629071776204,0.004873674273561113
2015-06-05,14.210000038146973,0.0942951634318532,0.10622139849251382,0.02673409548264316,0.00430918458691254,0.13379648739025785,1.6800000000000002,5.3,0,-0.0017133549413751448,-0.007227491265455077
2015-06-08,15.289999961853027,0.08345775016847563,0.10398376213834165,0.0944881653252081,-0.014837995927892034,0.12082017329938083,1.6900000000000002,5.3,0,-0.006149527146449452,0.0014369321386986655
2015-06-09,14.470000267028809,0.08209291356581977,0.10314555831764903,0.016151720478053466,-0.010256179784675634,0.11730843963978481,1.7,5.3,0,-0.0001442982144327365,-0.003252937407411949
2015-06-10,13.220000267028809,0.09262454025608077,0.10244244598638015,-0.032210804194603204,0.004620027100268542,0.062219202218168804,1.75,5.3,0,0.011993704169904973,-0.0038383102470389563
2015-06-11,12.850000381469727,0.09322402051884165,0.10238842904355977,-0.12644457184593938,0.007666053500006598,0.07963430072945626,1.6600000000000001,5.3,0,0.0032237377288095725,0.00789996039474028
2015-06-12,13.779999732971191,0.08944317906649776,0.10076595026804551,-0.03026040140896824,-0.010366945545788542,-0.004163192399500103,1.6500000000000001,5.3,0,-0.007655144569534866,-0.0005737510521249822
2015-06-15,15.390000343322754,0.09020491017986053,0.10071344351821787,0.006540247332846194,-0.015675358947069062,-0.025189092938033973,1.64,5.3,0,-0.004285704303348181,0.0023913348751953833
2015-06-16,14.8100004196167,0.09191114067759519,0.0996912934847003,0.023496900228993978,-0.013374118786139255,-0.036439339455199726,1.6099999999999999,5.3,0,0.005451900726458181,0.003815968282455895
2015-06-17,14.5,0.09226220593053708,0.09966041989279599,0.0968229733068584,-0.011454095144049492,-0.03322803166003749,1.65,5.3,0,0.0016171917886860232,0.0005700713292040582
2015-06-18,13.1899995803833,0.10011583121753226,0.10115293218478201,0.026459080842041738,-0.0004696163802883069,-0.021732725912193128,1.69,5.3,0,0.010399220234870166,-0.0007596004231874565
2015-06-19,13.960000038146973,0.10067418443609127,0.09675975061979526,0.01306243168823129,-0.007796705203419685,-0.0818694517428802,1.6099999999999999,5.3,0,-0.0044392270982684945,0.005323187515100969
2015-06-22,12.739999771118164,0.10219817916885927,0.09702604801847392,-0.17218976693228882,-0.000325375079179957,-0.11515949248993812,1.69,5.3,0,0.005123190281351997,-0.008415304317422212
2015-06-23,12.109999656677246,0.09396697965885219,0.09696452194310066,-0.1823092968561396,0.011254986886637397,-0.12092058141924164,1.72,5.3,0,0.0007079082143628401,-0.003051764563527515
2015-06-24,13.260000228881836,0.09167544439519637,0.09520928301167488,-0.08551722559435615,-0.005529172978434138,-0.14320649429739826,1.6999999999999997,5.3,0,-0.007262785203484889,0.0029652373437103474
2015-06-25,14.010000228881836,0.09216526257249076,0.09360669372864322,0.06216836046894758,-0.007433051210884001,-0.12210733317395475,1.7199999999999998,5.3,0,-0.003040509250828105,-0.002479470912571169
2015-06-26,14.020000457763672,0.08953188939542256,0.09326045508152737,0.004298024316099047,-0.0014181131527974955,-0.1067510786507164,1.7700000000000002,5.3,0,-0.0001904102309704392,-0.004780551956243606
2015-06-29,18.850000381469727,0.11579462836365481,0.10279816417807229,0.4795918932591394,-0.024345480467675706,-0.239332954776775,1.69,5.3,0,-0.020970342721907564,0.011624028682369447
2015-06-30,18.229999542236328,0.11638675132703939,0.1019399739456773,0.5053674697822654,-0.021331576747982472,-0.25109938217919725,1.71,5.3,0,0.0020933958280311415,-0.0027536675293901025
2015-07-01,16.09000015258789,0.12014765978297891,0.10311866604166012,0.21342382163327445,-0.016094165940585214,-0.26588106871471384,1.7400000000000002,5.2,0,0.008015118078954053,-0.005226863906674262
2015-07-02,16.790000915527344,0.11670181537264022,0.1029145245963083,0.19842973884572057,-0.008621509182253795,-0.2662124411520685,1.7599999999999998,5.2,0,-0.0009155491869937693,0.003547222999999544
2015-07-06,17.010000228881836,0.11693898714441076,0.10267242117045333,0.2132667384801996,-0.009746341187001129,-0.26507413488075166,1.6999999999999997,5.2,0,-0.002846025035263766,0.007070297547644211
2015-07-07,16.09000015258789,0.11725243568934095,0.10287773969825394,-0.14641910732240737,0.002647168341112449,-0.25292105260279885,1.69,5.2,0,0.006288998270962631,0.0026565030823104685
2015-07-08,19.65999984741211,0.1317863598679139,0.10808255029263332,0.07844214706987085,-0.014032650598677643,-0.27224458741816177,1.6700000000000002,5.2,0,-0.016777678927304085,0.00397378350794364
2015-07-09,19.969999313354492,0.12350084804737743,0.10807385861463847,0.24114351298763337,-0.023955033063029152,-0.2798951266223804,1.7199999999999998,5.2,0,0.0018094028435104992,-0.006974069200133215
2015-07-10,16.829999923706055,0.13211034252971426,0.11083699834203783,0.0023823112565597437,-0.014841019537182643,-0.3134938687726509,1.77,5.2,0,0.012591538419186143,-0.00692817351505548
2015-07-13,13.899999618530273,0.13569826760340875,0.11317365163687806,-0.18283366069983886,0.0037157735859603136,-0.31823747896144416,1.75,5.2,0,0.011037004164050623,-0.0026752162669192447
2015-07-14,13.369999885559082,0.13535245696547119,0.11089497658091602,-0.16904911381193044,0.012408841851369035,-0.3003289106310374,1.75,5.2,0,0.00433806407124826,0.0031615438008010255
2015-07-15,13.229999542236328,0.13418384549097528,0.10936772941927805,-0.3270600384069777,0.006584717083917724,-0.2978983797939645,1.7199999999999998,5.2,0,-0.0003322025680108087,0.0038210389606774253
2015-07-16,12.109999656677246,0.13687892889739828,0.11050460983648663,-0.39359038191959506,0.0130236978218492,-0.29596753843560386,1.69,5.2,0,0.008024395966583997,-0.0003809729833670339
2015-07-17,11.949999809265137,0.1319981632285151,0.1100957087369402,-0.289958415719726,0.003447655457217369,-0.2872334163588969,1.6599999999999997,5.2,0,0.0008479868738304752,9.534890624807169e-05
2015-07-20,12.25,0.13085270925209197,0.10999616488832277,-0.11870501178508219,0.008443859960705735,-0.29286727655175965,1.67,5.2,0,0.000517708313376497,-0.001998899569537471
2015-07-21,12.220000267028809,0.13052127349118725,0.11023460826957722,-0.08601343518128124,-0.0006605247997468755,-0.3041476644276146,1.6400000000000001,5.2,0,-0.003951214967475303,0.002766130106796272
2015-07-22,12.119999885559082,0.1306432710984797,0.10994961801392636,-0.08390020371003115,-0.003159529373033987,-0.30896404370644737,1.58,5.2,0,-0.0017945183395877695,0.001235979381986274
2015-07-23,12.640000343322754,0.12958452837994922,0.11039496358037539,0.043765541013312426,-0.0015200378240356471,-0.3137823632512406,1.5699999999999998,5.2,0,-0.00563004223006669,0.004085159211385747
2015-07-24,13.739999771118164,0.13435835261281293,0.11212365074139684,0.1497907941776866,-0.008862904720686293,-0.3236776200884414,1.57,5.2,0,-0.010372194531692691,0.0009460627502566599
2015-07-27,15.600000381469727,0.13571363769876477,0.11085887614249307,0.2734694188954878,-0.014440872932254822,-0.33677330693999435,1.5499999999999998,5.2,1,-0.0058171859171144424,0.003308411357412888
2015-07-28,13.4399995803833,0.12026613513835034,0.11150009070983827,0.09983627550698282,0.01903428843203514,-0.32480477812098096,1.5699999999999998,5.2,1,0.01228304092369581,-0.0028267047404620937
2015-07-29,12.5,0.12204540768023965,0.11224432064928423,0.03135314505189779,0.023900984031928196,-0.3247640690983165,1.59,5.2,1,0.006879185251919884,-0.0014168540186952905
2015-07-30,12.130000114440918,0.1193870370893082,0.10964919379875693,-0.040348118277643064,0.016000161169031468,-0.34260028846109375,1.5599999999999998,5.2,1,0.00023687680829675983,0.0011352201523773253
2015-07-31,12.119999885559082,0.1195222828064954,0.10933532755711248,-0.11790392376602243,0.015387695954252267,-0.35931166121855385,1.5300000000000002,5.2,1,-0.0015178172732956963,0.005859250017833828
2015-08-03,12.5600004196167,0.11974933317020157,0.10931536720256059,-0.1948717876612397,0.014851177387934955,-0.37423182877699684,1.48,5.2,1,-0.0033729091241466724,0.003048923242873647
2015-08-04,13.0,0.11827122463532798,0.1059828969081325,-0.032738065038745545,0.006537528439012119,-0.4054088861797539,1.49,5.2,1,-0.001954509407001037,-0.00516024391861869
2015-08-05,12.510000228881836,0.09971916633279693,0.10574481932233692,0.0008000183105467684,0.027086866777059404,-0.4535238326509704,1.5499999999999998,5.2,1,0.0032956591911237343,-0.003865743990845827
2015-08-06,13.770000457763672,0.1052755714307021,0.10691500357648641,0.13520200559357898,0.016837420782818135,-0.4608377628705227,1.52,5.2,1,-0.008187795741247839,0.003502340403025439
2015-08-07,13.390000343322754,0.09601494527652538,0.10698413517456777,0.10478551730655306,0.00226529352474647,-0.4619874233244424,1.4500000000000002,5.2,1,-0.0019197418078253925,0.0039620905710113785
2015-08-10,12.229999542236328,0.09849613596060507,0.10798146893623412,-0.026273954327657778,0.0038136673993658388,-0.5042097944772498,1.5100000000000002,5.2,1,0.01259892922883643,-0.00413420715549595
2015-08-11,13.710000038146973,0.10240721940514436,0.10951358564779731,0.054615387549767025,-0.009540382930610658,-0.5344426400495281,1.4699999999999998,5.2,1,-0.009022962473315244,0.006604576720443456
2015-08-12,13.609999656677246,0.10257634225665704,0.10933757772307873,0.08792960892645252,-0.008024309291319587,-0.5336858560870152,1.4700000000000002,5.2,1,0.001197965820094904,-0.0003746813594613929
2015-08-13,13.489999771118164,0.0976590335009391,0.10935735316964673,-0.020334108739091583,-0.0171453797054264,-0.5353102378004677,1.47,5.2,1,-0.0012442399293020046,-0.0026258445314490952
2015-08-14,12.829999923706055,0.09879893000103486,0.10964111335965912,-0.04182228568022084,-0.014401586836978342,-0.5365307738712762,1.4700000000000002,5.2,1,0.003642011047987559,-0.0010341348395103145
2015-08-17,13.020000457763672,0.1012405010856133,0.1100981382465503,0.06459533484028968,-0.009408039045886607,-0.5461802978073578,1.4400000000000002,5.2,1,0.005586844916653622,0.0017883309896673527
2015-08-18,13.789999961853027,0.10082569448796735,0.11014769195727504,0.0058351512387644355,-0.008359562301666346,-0.5469207599731952,1.4600000000000002,5.2,1,-0.0028969625321845216,-0.0015975122148493837
2015-08-19,15.25,0.1042221344396439,0.10912529379136962,0.12049966088854003,-0.014429973553742426,-0.5421331180983172,1.4500000000000002,5.2,1,-0.007905118066460548,0.006116512466176172
2015-08-20,19.139999389648438,0.12563836095951833,0.11531719036608819,0.4188287408741709,-0.029546115414559426,-0.5361117248347914,1.4,5.2,1,-0.020881152694518956,0.002711408490031486
2015-08-21,28.030000686645508,0.15921674791567705,0.13021862128213008,1.1847233712647447,-0.048894271287826085,-0.524007197730549,1.4099999999999997,5.2,1,-0.030102625148598294,0.004010743930031424
2015-08-24,40.7400016784668,0.21255585759518442,0.1547375770780379,2.1290322769669348,-0.08361168348537762,-0.4631582681691243,1.42,5.2,1,-0.04210700471882878,0.0016721568715085677
2015-08-25,36.02000045776367,0.20471468063180645,0.15590602996753067,1.6120377489053666,-0.10538412991975987,-0.42865844796782226,1.4500000000000002,5.2,1,-0.011767765800653085,-0.005472013817671484
2015-08-26,30.31999969482422,0.2544554603641923,0.17643227130116076,0.9881967012999489,-0.0773831062751481,-0.46674488450509877,1.5100000000000002,5.2,1,0.038393993804307414,-0.0061539313195431156
2015-08-27,26.100000381469727,0.27385326847680946,0.18415200644705212,0.3636364270515857,-0.054786025344058964,-0.4591713388036548,1.5,5.2,1,0.024735055639864445,-0.00056319374174163
2015-08-28,26.049999237060547,0.2739973939842567,0.1834825826916584,-0.07063865148345516,-0.05330174623971018,-0.45333401740404955,1.47,5.2,1,5.010943919847577e-05,0.00018823165151182764
2015-08-31,28.43000030517578,0.27468339196969804,0.184090100559208,-0.30216006053326916,-0.057772015901294105,-0.4608274484955961,1.47,5.2,1,-0.00807894067174797,-0.0016898509789982086
2015-09-01,31.399999618530273,0.2908737977271954,0.1931896540393054,-0.12826209829316126,-0.08410526440600885,-0.473400663460847,1.47,5.0,1,-0.029847737337325708,0.004491978180439116
2015-09-02,26.09000015258789,0.301390104680554,0.1975781944084291,-0.13951185965738688,-0.06978617950688304,-0.48324639609358255,1.4800000000000002,5.0,1,0.018981168851319508,-0.002718925431567931
2015-09-03,25.610000610351562,0.30118645903571334,0.1957737581606864,-0.018773937316340028,-0.06143506723696135,-0.47144545957324235,1.4700000000000002,5.0,1,0.0007163238127410043,0.0024437443531315495
2015-09-04,27.799999237060547,0.30420040176509044,0.19764619369993539,0.0671785048465694,-0.07386396804734152,-0.5019542872843396,1.42,5.0,1,-0.015136771441939256,0.003094959624209137
2015-09-08,24.899999618530273,0.3161009698974946,0.20452481961822502,-0.12416463766280228,-0.06240201124825262,-0.5224956732217673,1.4600000000000002,5.0,1,0.025130959925400376,-0.004393798975163565
2015-09-09,26.229999542236328,0.31756838519634967,0.20601585643846768,-0.16464968595868845,-0.0665164966559485,-0.5176293070908612,1.46,5.0,1,-0.013371692535858903,0.0003756699379020567
2015-09-10,24.3700008392334,0.3187111583778886,0.2060145055899769,-0.06592561530452445,-0.06255966715882877,-0.5318005059798613,1.48,5.0,1,0.005441821902630206,-0.00225262774753765
2015-09-11,23.200000762939453,0.31980252564742495,0.20626160122547604,-0.09410385747659789,-0.05712655739058792,-0.5257279618668358,1.4900000000000002,5.0,1,0.004544234799197078,0.002633452463103536
2015-09-14,24.25,0.31891907377413925,0.20496285415829238,-0.12769781778727518,-0.06403397870037708,-0.5258421522749634,1.4500000000000002,5.0,1,-0.003710596312897052,0.0009388792515137023
2015-09-15,22.540000915527344,0.3223452044463797,0.2067528854839896,-0.09477906582964957,-0.057599884745619945,-0.5401095602076557,1.46,5.0,0,0.012499532014928594,-0.00787394068892966
2015-09-16,21.350000381469727,0.32488605685487393,0.2073221269894189,-0.18604648287960057,-0.04667080652790567,-0.5438862667045966,1.48,5.0,0,0.008666509194115823,-0.00028357797996392264
2015-09-17,21.139999389648438,0.32418541220857927,0.20731495982251733,-0.1325400631248631,-0.04123434634288681,-0.5311051403733423,1.51,5.0,1,-0.00224759245796724,0.008316985674837962
2015-09-18,22.280000686645508,0.3210464381679904,0.20932803387859472,-0.03965517439825206,-0.03678938266590903,-0.5383112937998963,1.44,5.0,0,-0.01634182893472802,0.00468646627407332
2015-09-21,20.139999389648438,0.30356379468623534,0.20967254032224764,-0.16948456125161082,-0.0017622595751697334,-0.5432201329996826,1.4800000000000002,5.0,0,0.0051676616639912965,-0.005691567152487087
2015-09-22,22.440000534057617,0.26503001249266006,0.21111397700468912,-0.004436573975506786,0.028591836931287196,-0.5565264076645922,1.4500000000000002,5.0,0,-0.01297969842278579,0.004973551993210146
2015-09-23,22.1299991607666,0.2606790009377876,0.20703540863795725,0.03653390001687584,0.03917605865827567,-0.5301891783980067,1.4600000000000002,5.0,0,-0.0015988448458372773,-0.0011205910803735453
2015-09-24,23.469999313354492,0.22291385523963114,0.2070232299293758,0.11021759654576813,-0.0028653061117205336,-0.5306884805346553,1.46,5.0,0,-0.0036157314051683542,0.0014951639588451915
2015-09-25,23.6200008392334,0.20280402761664257,0.20619206906927118,0.06014363156600244,-0.027186248724018536,-0.5231877014814386,1.47,5.0,0,-0.0002590826985007233,-0.0026128339889145424
2015-09-28,27.6299991607666,0.21953854630586736,0.2119983822807877,0.3718967228453778,-0.051648517943318484,-0.544753721028007,1.4300000000000002,5.0,0,-0.025097042292368643,0.005707704313330453
2015-09-29,26.829999923706055,0.21880097140978477,0.21201869269015183,0.19563276671877317,-0.04336535789626206,-0.5505272270150877,1.4099999999999997,5.0,0,0.0005847679256627547,0.003442564438374207
2015-09-30,24.5,0.20456665951881456,0.2154218324880128,0.10709448391824061,0.004465003892338171,-0.5505185591199997,1.42,5.0,0,0.018658486116113426,0.0001856184745610001
2015-10-01,22.549999237060547,0.19264615638665042,0.21308125752025764,-0.039198981815498524,-0.01167370534840162,-0.5413022327517317,1.4099999999999997,5.0,0,0.002609228821397691,0.0007796863513229724
2015-10-02,20.940000534057617,0.20031527381288822,0.21547074713160483,-0.11346317569660014,0.0023718476028171676,-0.5173985654696255,1.4100000000000001,5.0,0,0.014937957084387943,0.004824744924324165
2015-10-05,19.540000915527344,0.20099330265231796,0.21709393756953868,-0.2927976290613393,0.03588860240598879,-0.5242260787017942,1.46,5.0,0,0.017794539852549862,-0.005539774693032129
2015-10-06,19.399999618530273,0.1817442275244515,0.21581334834234703,-0.2769288231943262,0.007031975967401793,-0.518418260688318,1.44,5.0,0,-0.003425992137292222,0.0020422458581383918
2015-10-07,18.399999618530273,0.17608168055707824,0.21634898058858493,-0.2489796074069276,0.029039918783141605,-0.5301262339960824,1.4300000000000002,5.0,0,0.008190343118671173,-0.0025015735632415437
2015-10-08,17.420000076293945,0.1776016578714158,0.2172721236371286,-0.22749442724306324,0.03270872241607803,-0.5389852254627859,1.4700000000000002,5.0,0,0.00902649198351968,-0.0026006338781223715
2015-10-09,17.079999923706055,0.1773069258174432,0.21654749080585398,-0.18433622310914033,0.028650301790403843,-0.5385087397980857,1.4700000000000002,5.0,0,0.0005964972102541211,0.0005588025037954747
2015-10-12,16.170000076293945,0.17626896146034673,0.21655051246401572,-0.17246676977151254,0.03345576381589721,-0.5339100972358045,1.4700000000000002,5.0,0,0.000943687934613413,0.0033502224555990168
2015-10-13,17.670000076293945,0.17361289032288527,0.21683697747833608,-0.08917523588938048,0.014265155077349156,-0.5349855796501454,1.42,5.0,0,-0.0063019329796804024,0.0009278289385925564
2015-10-14,18.030000686645508,0.1720559290243964,0.21689587554774994,-0.020108638019326164,0.0007298041319880877,-0.5326332011740176,1.42,5.0,0,-0.0047941279188030705,0.005467709254954656
2015-10-15,16.049999237060547,0.18004048897326147,0.21940368466432758,-0.07864528319364172,0.018384454730233868,-0.5423902394318528,1.4300000000000002,5.0,0,0.015354531577892683,-0.0034099660572178836
2015-10-16,15.050000190734863,0.16828115820298842,0.2193877475177983,-0.11885244391328531,0.04001037676348296,-0.5422214205946791,1.4300000000000002,5.0,0,0.004546662455747086,-0.0008330483164445956
2015-10-19,14.979999542236328,0.16793817234275507,0.2184011136561911,-0.07359310627352555,0.03517254607429665,-0.5429976905869343,1.4300000000000002,5.0,0,0.0004919093157225163,-0.00046216603066251416
2015-10-20,15.75,0.15920480977783347,0.218099980368577,-0.10865874748183024,0.04744454077180782,-0.5348340966676759,1.42,5.0,0,-0.0012785497077945074,-0.0034268758955080525
2015-10-21,16.700000762939453,0.16154826613889667,0.2168970268779386,-0.07376593860538017,0.042613870071741555,-0.5307154100026097,1.4,5.0,0,-0.006203334171412278,0.0034386597557378717
2015-10-22,14.449999809265137,0.16812966764069778,0.21929574274354127,-0.09968844260757981,0.06407476644664412,-0.5181348104050206,1.4300000000000002,5.0,0,0.01689358671509167,0.0010179876729188297
2015-10-23,14.460000038146973,0.1698096170491209,0.2204978977334868,-0.03920266744920764,0.07601763160588426,-0.5260076295289767,1.4299999999999997,5.0,0,0.010961718081672345,-0.0056429363452373815
2015-10-26,15.289999961853027,0.13410759577393003,0.22053243703764494,0.02069428765619441,0.10100528116721774,-0.5332795948847945,1.4099999999999997,5.0,0,-0.0024575122809977756,0.0026052594642644866
2015-10-27,15.430000305175781,0.13546186032743715,0.22046081486946237,-0.020317440941220233,0.09823543647917887,-0.5327024960138066,1.4,5.0,0,-0.00193244470880638,0.0025049814257700476
2015-10-28,14.329999923706055,0.12777820205249857,0.22166414492484618,-0.14191621143472588,0.0903821587239011,-0.5535549155336569,1.37,5.0,0,0.011374248362060468,-0.005183725095803449
2015-10-29,14.609999656677246,0.12885392578548283,0.2215713132298559,0.011072653946301081,0.0869201025020292,-0.5401231971994847,1.44,5.0,0,-0.0005741408724073693,-0.006140874427189247
2015-10-30,15.069999694824219,0.12566808241380276,0.22109496927897687,0.042185315011618485,0.06630748467180969,-0.5374640705133945,1.4100000000000001,5.0,0,-0.004309573789874288,0.001966292007672177
2015-11-02,14.149999618530273,0.1180631479924916,0.2223379885329823,-0.07455855763027708,0.060059539903950965,-0.5448496495031252,1.4300000000000002,5.0,0,0.011830852865972963,-0.002872898243252653
2015-11-03,14.539999961853027,0.11564506206193523,0.22094501189049015,-0.05767986556838989,0.06678778404502728,-0.5370099568584988,1.43,5.0,0,0.0028993065625888548,-0.0026280736186845566
2015-11-04,15.510000228881836,0.11616349589308199,0.22021501167232355,0.08234475306756361,0.05491210062285501,-0.5313706232188761,1.4100000000000001,5.0,0,-0.00303302250590487,-0.0010346101490467108
2015-11-05,15.050000190734863,0.11436047063062207,0.22022342761395322,0.03011639592041493,0.044431596102523896,-0.530847145475355,1.4099999999999997,5.0,0,-0.0009981410680144354,-0.0006599548818606582
2015-11-06,14.329999923706055,0.11463761797956445,0.22020708646535941,-0.049104166297516016,0.04326243616891934,-0.5174926531564643,1.44,5.0,0,-0.0005235927397329032,-0.0067863882698737665
2015-11-09,16.520000457763672,0.1216529952858086,0.22096773226340402,0.16749122990291387,0.03255258249394366,-0.5089797776788322,1.4699999999999998,5.0,0,-0.009331732767809409,-0.0017086247705691004
2015-11-10,15.289999961853027,0.11799048640865419,0.22072039457954384,0.05158184332652627,0.0414982629176146,-0.5113476145564235,1.4499999999999997,5.0,0,0.002307125286110656,0.0019015581100589873
2015-11-11,16.059999465942383,0.11736417278331947,0.22078900899419102,0.03546094319433801,0.04240046823575705,-0.5128092295586354,1.4499999999999997,5.0,0,-0.003932023715265687,-0.00047467049750160584
2015-11-12,18.3700008392334,0.11957625142286658,0.22206028211878237,0.2205980469383919,0.012305362757000005,-0.5091592247355651,1.4299999999999997,5.0,0,-0.013959731660964092,0.0005689401571564723
2015-11-13,20.079999923706055,0.12569270069564734,0.2190624662762106,0.40125610820749547,-0.003591491916463019,-0.5084519186404848,1.42,5.0,0,-0.01122835256766419,0.0037959077556672938
2015-11-16,18.15999984741211,0.13703148745087576,0.21197910350401267,0.09927356805112608,0.011063589408200514,-0.47793899585448424,1.3900000000000001,5.0,0,0.015207048916337618,0.0013228500697519685
2015-11-17,18.84000015258789,0.13694620141090844,0.1922329642668254,0.2321779071021417,0.011619851670751524,-0.4965826804890957,1.3900000000000001,5.0,0,-0.0007290777859316755,-0.00028281344602487657
2015-11-18,16.850000381469727,0.14457033613696832,0.19242371029853972,0.049190594134368215,0.03408461125434181,-0.5355710547629726,1.37,5.0,0,0.015865630900735228,-0.0004718841469718571
2015-11-19,16.989999771118164,0.13313389223927058,0.17687366266508964,-0.07512253702068006,0.016028384016950392,-0.4994461331580278,1.33,5.0,0,-0.0008624667820218423,0.0021723668227040527
2015-11-20,15.470000267028809,0.1281890438075999,0.17009673256354502,-0.2295816570813215,0.008674236841838212,-0.5142383887430317,1.3299999999999996,5.0,0,0.0036442441014838955,-0.001319871289340968
2015-11-23,15.619999885559082,0.12787707684108615,0.17014184387923592,-0.13986784048431533,0.009999460456033171,-0.5146700937230826,1.31,5.0,1,-0.0011469138612075769,0.0013216156518953692
2015-11-24,15.930000305175781,0.12756903121619012,0.16910049424999424,-0.15445858937598722,0.013310522544391468,-0.5257445234326802,1.31,5.0,1,0.0013395012409995743,0.0009429862383714127
2015-11-25,15.1899995803833,0.1211679102261598,0.15635881224464898,-0.09851636578667144,0.0017711802662410125,-0.5065323753056191,1.2999999999999998,5.0,1,-0.00014304408039089722,0.0005641130277376227
2015-11-27,15.119999885559082,0.12119185056512191,0.15210246352256362,-0.11006473871400246,0.003495957703790298,-0.4982130450693681,1.3000000000000003,5.0,1,0.0011465985601928352,0.0010356234096691175
2015-11-30,16.1299991607666,0.12111527531802364,0.15250857597467568,0.042663146887233605,0.003654847924718485,-0.4992765910740452,1.27,5.0,1,-0.004151919470908649,0.0003765638566239904
2015-12-01,14.670000076293945,0.11843920620213567,0.149562531153108,-0.060819450462571756,0.0013784847957529767,-0.4529141173434966,1.2399999999999998,5.0,1,0.00953594595551821,0.005318096647193293
2015-12-02,15.90999984741211,0.12335677500838767,0.14324327666408726,-0.0012555214928133829,-0.011706141431629624,-0.39955030530129687,1.2400000000000002,5.0,1,-0.010205191655933588,-0.0028091340546392285
2015-12-03,18.110000610351562,0.1321088019507372,0.14351999195475362,0.19223180451823163,-0.022580416527496427,-0.28572442075333393,1.37,5.0,1,-0.014002728611809623,-0.010516313574683966
2015-12-04,14.8100004196167,0.15102447886440562,0.148184139701567,-0.020502610336555538,-0.002522301516310388,-0.23637962727800135,1.3199999999999998,5.0,0,0.019502874587571828,0.003700992045177154
2015-12-07,15.84000015258789,0.1525091514755726,0.14877317960264486,-0.017978860710921918,-0.008046231027868833,-0.25071209975847736,1.29,5.0,0,-0.00605859089614702,0.0032142019894072504
2015-12-08,17.600000381469727,0.15074258074600214,0.1493142781024149,0.19972735446065393,-0.005430450143838583,-0.24984115490164716,1.3000000000000003,5.0,1,-0.006719341750306196,0.0005652986234043755
2015-12-09,19.610000610351562,0.15273027552017127,0.148445416833401,0.23255818971873143,-0.015439181631945242,-0.22039271990643303,1.29,5.0,1,-0.007779472365160411,0.0015075193452269708
2015-12-10,19.34000015258789,0.15267108329520793,0.14757138854533794,0.06791824962906223,-0.009001718642639434,-0.22145908668145634,1.2900000000000003,5.0,1,0.0025806777984855866,-0.002163309758757448
2015-12-11,24.389999389648438,0.1600863231491597,0.1530570875082474,0.6468601417014463,-0.014450372270363832,-0.2810367974274706,1.25,5.0,1,-0.019381125407287203,0.008011422614945696
2015-12-14,22.729999542236328,0.15624222735379642,0.14935031560398807,0.4349747047523085,0.0017774717293768116,-0.2594588852709247,1.26,5.0,1,0.005052544501783274,-0.007386530704887928
2015-12-15,20.950000762939453,0.15102389701964558,0.1504318706020234,0.19034092663979685,-0.00286959010814114,-0.26161072517990974,1.2999999999999998,5.0,1,0.010497689734947802,-0.0025435529754457287
2015-12-16,17.860000610351562,0.15976663612931288,0.1503064973688469,-0.08924018080224971,0.012458782132436674,-0.24695809334135052,1.2799999999999998,5.0,1,0.014632199448150418,-0.0026440871348800687
2015-12-17,18.940000534057617,0.15866794138626303,0.15395239644445877,-0.02068250338026756,-0.018540556210596026,-0.27405340972036124,1.2400000000000002,5.0,1,-0.015238017918452917,0.004166152808595225
2015-12-18,20.700000762939453,0.16966222983149037,0.15845089074200497,-0.15129146039565244,-0.035193296889731274,-0.29330622805458156,1.22,5.0,1,-0.01781515733765937,0.003583158717677115
2015-12-21,18.700000762939453,0.17236470228944298,0.1591766927850781,-0.17729867401925947,-0.030766599862412036,-0.2929243470923735,1.2400000000000002,5.0,1,0.008249134363468746,0.00046966575197338045
2015-12-22,16.600000381469727,0.17641713446614687,0.15051427975705214,-0.20763724215060064,-0.020848827369638556,-0.24903674765090592,1.2500000000000002,5.0,1,0.009073944871707429,-0.002817305391395575
2015-12-23,15.569999694824219,0.1826021145883557,0.1521534436187429,-0.12821953176194578,-0.010049432182662743,-0.25757352783027154,1.26,5.0,1,0.012383619138730095,-0.002260066748781542
2015-12-24,15.739999771118164,0.18264778305114474,0.14810131724528497,-0.16895462897085256,-0.011541985930222376,-0.2706808800027843,1.22,5.0,1,-0.0016505337420936739,0.0018342985157260294
2015-12-28,16.90999984741211,0.18263930169057602,0.1482591280129146,-0.18309182491977616,-0.014929872935370958,-0.2719244592910647,1.1900000000000002,5.0,1,-0.0022847778900276783,0.000188117120211162
2015-12-29,16.079999923706055,0.18645157655903033,0.14682652842036992,-0.14010699103423785,-0.0002664561703530355,-0.33664164525703083,1.2299999999999998,5.0,1,0.010671934220558565,-0.005282998991024579
2015-12-30,17.290000915527344,0.18456497970299174,0.14361256680310452,0.041566296277188775,-0.01672893920725471,-0.3056457147375892,1.23,5.0,1,-0.007087951970094597,0.0003790742954576931
2015-12-31,18.209999084472656,0.18442965344595055,0.14505568922458725,0.16955680419994001,-0.016528514655271942,-0.3063778533718014,1.21,5.0,1,-0.010003437339217158,0.0011377046038432148
2016-01-04,20.700000762939453,0.18440730618808046,0.14722911724678422,0.31512077915798686,-0.016505075264273805,-0.3236691221556906,1.2200000000000002,5.0,1,-0.013979229022943351,0.004261954110335253
2016-01-05,19.34000015258789,0.16860043920499587,0.14613021577678662,0.1437019708517422,-0.03368754311676825,-0.3160160139875963,1.21,5.0,1,0.0016913181396991384,-0.00028312416578679667
2016-01-06,20.59000015258789,0.1724320525714985,0.14844858314383633,0.2804726523806096,-0.04006092644809267,-0.343186402911045,1.1900000000000002,5.0,1,-0.012614202969624566,0.006037183032908899
2016-01-07,24.989999771118164,0.18883999308690397,0.15631095406253515,0.44534403978404713,-0.05675356448363256,-0.35518719744682603,1.2000000000000002,5.0,1,-0.02399176554540683,0.002157180973051842
2016-01-08,27.010000228881836,0.19028225212657077,0.15734430634742924,0.48325104815149533,-0.0597924827278985,-0.36182017195621025,1.19,5.0,1,-0.010976173619710039,0.0025257485406360303
2016-01-11,24.299999237060547,0.18974536561165103,0.1571259628383229,0.17391296335439765,-0.061284528170467145,-0.35830267004186306,1.23,5.0,1,0.0009896503884336827,-0.0031733743070679887
2016-01-12,22.469999313354492,0.1833966936098362,0.15468349674209497,0.16184069990029326,-0.035007628697214965,-0.3154840071678426,1.19,5.0,1,0.008068750899775212,0.004494176873693467
2016-01-13,25.219999313354492,0.19895704804392864,0.16213008398917003,0.22486639759372085,-0.0638057222111238,-0.34037402111630743,1.17,5.0,1,-0.024941057544913936,0.003914418402350961
2016-01-14,23.950000762939453,0.2053744994646553,0.16602641957622266,-0.04161660735110029,-0.05832171246281681,-0.3475854213121964,1.2000000000000002,5.0,1,0.016416951700783056,-0.002042563717737589
2016-01-15,27.020000457763672,0.20442667012158391,0.17133873386607992,0.0003702417177746664,-0.09182469492100986,-0.37672780581777804,1.1799999999999997,5.0,1,-0.021466333596009912,0.004652188237076693
2016-01-19,26.049999237060547,0.2015659786292372,0.1710848711252071,0.07201646316642796,-0.07654408978186145,-0.3735339724441598,1.1800000000000002,5.0,1,0.0013312049177971463,-0.0012967340805568606
2016-01-20,27.59000015258789,0.19773161365150302,0.16861238632225647,0.22785941235834617,-0.07184295831623,-0.40559232685096863,1.1599999999999997,5.0,1,-0.012815048488049485,0.004914227492291978
2016-01-21,26.690000534057617,0.19583369831574815,0.16727053661879324,0.05828712374011569,-0.07427957446648525,-0.39171046018370964,1.1800000000000002,5.0,1,0.005602258873719679,-0.0024911481156256743
2016-01-22,22.34000015258789,0.2095259444740963,0.17328911363858432,-0.06722340538890081,-0.06378325889831438,-0.39992471511903854,1.19,5.0,1,0.02051536742743032,-0.002219488224906252
2016-01-25,24.149999618530273,0.20507813335271366,0.1756101989997485,-0.10621764584051885,-0.08921460846791462,-0.4120668944847262,1.15,5.0,1,-0.01511672409007947,0.0033369949020611855
2016-01-26,22.5,0.2149266657991227,0.1763775133356245,-0.136276366258394,-0.07526215129511127,-0.3844198476102145,1.1599999999999997,5.0,1,0.013643330543567478,0.0007396908862291607
2016-01-27,23.110000610351562,0.21627660716309868,0.17743211876193987,-0.1623776555802633,-0.08323211373355921,-0.39299541548539635,1.1800000000000002,5.0,1,-0.010883704445938447,0.0007375444612935933
2016-01-28,22.420000076293945,0.2121077067505576,0.1778780257267652,-0.15998502706341133,-0.08818733571083937,-0.3875154913759217,1.17,5.0,1,0.005209151486462504,0.0012921271183115035
2016-01-29,20.200000762939453,0.23520576908848395,0.18363534295889988,-0.09579227283042513,-0.059291690712407585,-0.2979796079385477,1.18,5.0,1,0.024377759330268978,0.0053436560647348585
2016-02-01,19.979999542236328,0.23385545275562306,0.18344515689558658,-0.17267081334006762,-0.05012977543815089,-0.29423061983426146,1.16,4.9,1,-0.0003614850577788875,-0.0023028058714271715
2016-02-02,21.979999542236328,0.23691607906603496,0.1866071194301584,-0.02311113145616317,-0.05402465105393739,-0.32709493523186184,1.12,4.9,1,-0.01802233739525705,0.007083437120524616
2016-02-03,21.649999618530273,0.23845372422802924,0.18723903966760347,-0.06317615548514166,-0.04996030548860109,-0.33063667779167627,1.16,4.9,1,0.005995045156743206,-0.0010962914600510798
2016-02-04,21.84000015258789,0.23573600836934258,0.1873298243606334,-0.025869755652647153,-0.03631411909141702,-0.33836632288436314,1.1700000000000002,4.9,1,0.001568415619947361,0.002377553448366543
2016-02-05,23.3799991607666,0.23013635965749676,0.19013339781575067,0.15742565731291602,-0.031434987966333594,-0.3469174683727015,1.12,4.9,1,-0.019050246478451882,0.0012774610724253233
2016-02-08,26.0,0.23165805783539034,0.19151712086141892,0.30130133111553925,-0.033868505836736174,-0.36733169722275966,1.0899999999999999,4.9,0,-0.013461094224778036,0.007471074414906909
2016-02-09,26.540000915527344,0.2315420147631076,0.1915007128174805,0.20746139528022312,-0.03477182079148633,-0.3694453090446381,1.05,4.9,0,5.374370677735385e-05,0.00018141916554825777
2016-02-10,26.290000915527344,0.22871440399027068,0.18979918361478615,0.21431877038120994,-0.04332386972738622,-0.3727607819171312,1.0,4.9,0,-0.0008628711499619746,0.002983443267427832
2016-02-11,28.139999389648438,0.21651459308731016,0.19022319526981607,0.28846150151304095,-0.03161562694105147,-0.37638518941868176,0.9899999999999999,4.9,0,-0.013007837442518544,0.004598116490585946
2016-02-12,25.399999618530273,0.22158237263935426,0.19256520932261859,0.08639865398940572,-0.027614245034932705,-0.4292173878270578,1.03,4.9,0,0.02061680509862418,-0.007627818424608912
2016-02-16,24.110000610351562,0.2170705489339612,0.19619073542073925,-0.0726922842172476,0.010489787094684955,-0.4431038551577837,1.04,4.9,0,0.01687861137483626,-0.002984582424436666
2016-02-17,22.309999465942383,0.22414862591417858,0.1963666087452253,-0.15938211392864643,0.02563009697609897,-0.4533382163587904,1.07,4.9,0,0.016334290480862546,-0.0024488130592901225
2016-02-18,21.639999389648438,0.2189105397108088,0.1964587788377436,-0.1768733877499613,0.03468894345415641,-0.4538311838755089,1.04,4.9,0,-0.004095767582037002,0.004637152840592629
2016-02-19,20.530000686645508,0.21857110604026625,0.1962067139496447,-0.27043350632773433,0.028442981317377214,-0.4519224185635079,1.0,4.9,0,-0.00046811973940930063,0.0
2016-02-22,19.3799991607666,0.21257122313190135,0.19884206281665362,-0.2370078955974413,0.02235964507242505,-0.45515036150484683,0.99,4.9,0,0.014478923758720619,-0.0009954394034635827
2016-02-23,20.979999542236328,0.21021095351791338,0.20019539610393672,-0.12982169178259484,0.024941160443154198,-0.45697648650691813,0.98,4.9,0,-0.012629838650703995,0.0019926884252614574
2016-02-24,20.719999313354492,0.20557113246185707,0.20053876476204108,-0.07126849801207413,0.015772867069466567,-0.45754414558881296,1.0,4.9,0,0.004576098404420081,0.0
2016-02-25,19.110000610351562,0.2043459924468832,0.20232784134097442,-0.11691307073266866,0.03938765289557722,-0.441985649658286,0.99,4.9,0,0.012111366828226222,0.002984652555730438
2016-02-26,19.809999465942383,0.2045264052253156,0.2022392400952016,-0.03507068663526525,0.03162199170473046,-0.4317883160141439,0.96,4.9,0,-0.0023011490973817716,-0.0048683799299744646
2016-02-29,20.549999237060547,0.1883481557679115,0.2015276109626486,0.06037152357893416,-0.0008258521737655178,-0.4585012293377748,0.96,4.9,0,-0.00784223004047524,0.0016301228451938155
2016-03-01,17.700000762939453,0.20593202803651608,0.20688872213871126,-0.15633931605640294,0.023031074811769248,-0.5108248073107534,0.9800000000000001,5.0,0,0.023506529456796432,-0.007815888841773755
2016-03-02,17.09000015258789,0.19314140055396395,0.20526429247344846,-0.175193015495275,0.046487161191516746,-0.611399743355968,0.9900000000000001,5.0,0,0.00449247514968687,-0.0017346493737336877
2016-03-03,16.700000762939453,0.19276127313919286,0.20126796453469856,-0.12611197124225382,0.044328219373594324,-0.6487211781196671,0.9800000000000001,5.0,0,0.0039196400756731364,0.0011885166229521626
2016-03-04,16.860000610351562,0.19277612085835596,0.20109854551951054,-0.14891463579605335,0.04608547331315682,-0.6457491156513719,0.9999999999999999,5.0,0,0.003253719159044488,-0.003378719249495288
2016-03-07,17.350000381469727,0.1757050532442784,0.20069012831514618,-0.15571771164934334,0.06725177850787345,-0.6454209421251799,0.9999999999999999,5.0,0,0.0007981142849937672,-0.002015738540319223
2016-03-08,18.670000076293945,0.17268944557885185,0.20128891827932696,0.05480221873128355,0.07000361212232153,-0.6502259515515164,0.9500000000000001,5.0,0,-0.01091737307336571,0.005784534039266376
2016-03-09,18.34000015258789,0.1722873277384752,0.20149575437747977,0.07314218776122816,0.0752307204326681,-0.650165912886224,0.9999999999999999,5.0,0,0.004939137714144115,-0.003925953856854014
2016-03-10,18.049999237060547,0.1718045340860656,0.19756321020195924,0.0808382282902047,0.07702272870997673,-0.6274454250060344,0.9999999999999999,5.0,0,0.000802317512379247,-0.003574222700255425
2016-03-11,16.5,0.1650659997858429,0.20006879466585126,-0.02135234859544033,0.10882635526485696,-0.6455268927635129,1.01,5.0,0,0.016137257933666938,-0.0028518532808408104
2016-03-14,16.920000076293945,0.1560475807290811,0.19892368407715252,-0.02478387871593557,0.08503476737994164,-0.641290794554741,1.0,5.0,0,-0.0012821101824121994,0.0007379127605426916
2016-03-15,16.84000015258789,0.1497006993697829,0.19658180606830983,-0.09801820654675197,0.06528598468525892,-0.6344705726400595,0.99,5.0,0,-0.0016296570481241224,-0.0001842979231225783
2016-03-16,14.989999771118164,0.1419149610560786,0.19446963704467327,-0.18266086987992858,0.05423092042455213,-0.6045280828436823,1.0699999999999998,5.0,0,0.005787225135827079,0.005255450113621274
2016-03-17,14.4399995803833,0.14012925890674335,0.19126728739550675,-0.19999998943297115,0.06528216878249404,-0.5947145390108078,1.04,5.0,0,0.006344056179482083,0.0011004733681658774
2016-03-18,14.020000457763672,0.13946878122419162,0.1907191783034822,-0.15030300255977747,0.06996914754689953,-0.5939078314113989,1.04,5.0,0,0.003929573974437384,0.0017409184782695153
2016-03-21,13.789999961853027,0.13330696690010807,0.1898719498990412,-0.18498818559854846,0.05619462124525554,-0.5861044879963361,1.0499999999999998,5.0,0,0.0014187652954453789,-0.0028352462035492465
2016-03-22,14.170000076293945,0.1211329946062456,0.18818469826542555,-0.1585510719774924,0.06913006257286547,-0.5769531666707824,1.0299999999999998,5.0,0,-0.0005373051972497045,-0.002109834830400281
2016-03-23,14.9399995803833,0.12605903459946852,0.18864691151459342,-0.0033355698130963507,0.057236405022271786,-0.5796656862780541,1.0099999999999998,5.0,0,-0.006599421315959697,0.004595750236642049
2016-03-24,14.739999771118164,0.12157888804598575,0.18859131449618302,0.020775637081209553,0.04412223740934462,-0.5789950364849675,1.02,5.0,0,-0.0004430609652948947,-0.0010061657287905312
2016-03-28,15.239999771118164,0.12059174406615782,0.18727830088349443,0.08701849311844412,0.04714869219052775,-0.5703207033697988,0.9999999999999999,5.0,0,0.0005907445423771751,0.001465059727532525
2016-03-29,13.819999694824219,0.11666125504507889,0.1876983211742232,0.0021754701272065358,0.06518852304896017,-0.5327691914324528,1.03,5.0,0,0.009250240673982502,0.006767052912776572
2016-03-30,13.5600004196167,0.08894351202233972,0.18670781270703363,-0.04304866996421264,0.04529089277783127,-0.5360036605299789,1.07,5.0,0,0.004387515251757401,-0.001362587152744732
2016-03-31,13.949999809265137,0.0899962059905787,0.18441354894627007,-0.06626504678206724,0.038090551877557166,-0.5264970661815014,1.05,5.0,0,-0.002426831526387896,0.0036389309564315298
2016-04-01,13.100000381469727,0.09143702522234647,0.18485038431180417,-0.11126183277572932,0.041081242856199296,-0.5273811807993577,1.03,5.1,0,0.0068118862341854935,-0.00029070614540782636
2016-04-04,14.119999885559082,0.09317242751503045,0.18297534518271588,-0.07349080724276857,0.034344944615678275,-0.5139529794577993,1.03,5.1,0,-0.0032378167412910885,0.0011799558384495423
2016-04-05,15.420000076293945,0.1020137645916019,0.1770376970885997,0.1157742703908271,0.02319723531427198,-0.5273620897388251,1.01,5.1,0,-0.009988042214847948,0.003990139717464203
2016-04-06,14.09000015258789,0.09703471931922966,0.1763993778716056,0.039085524820815065,0.04578927613575101,-0.529532415147162,1.03,5.1,0,0.010921422333933117,-0.002167278551862828
2016-04-07,16.15999984741211,0.10869518622289231,0.17850159090926818,0.1584229439687277,0.028197010282992263,-0.5473244516295596,1.0,5.1,0,-0.011965947162834945,0.005159691752725903
2016-04-08,15.359999656677246,0.10876189405901915,0.1779502942819831,0.17251902361807137,0.03014335232315002,-0.5658350648942471,1.02,5.1,0,0.00269680232898617,-0.0015311499824454122
2016-04-11,16.260000228881836,0.09466415810112146,0.16968447487377097,0.15155809919739394,0.011404102966268814,-0.5565594453785895,1.03,5.1,0,-0.0023472077616116804,-0.00018005052305847258
2016-04-12,14.850000381469727,0.09925312204621793,0.16761687929320873,-0.03696496057094789,0.022133470695235857,-0.5566136642901091,1.05,5.1,0,0.009312677267949265,-0.003969259849577522
2016-04-13,13.84000015258789,0.10359217058742524,0.16167183630330884,-0.01774308000657354,0.03414319957738354,-0.536885292043294,1.02,5.1,0,0.010100862973564606,0.0007239835500105762
2016-04-14,13.720000267028809,0.1025873503592739,0.1617104601568164,-0.15099007446921764,0.028242356316542816,-0.5329354885652872,1.03,5.1,0,4.818167288322961e-05,-0.00235287056366984
2016-04-15,13.619999885559082,0.10123772525084034,0.15894147027403271,-0.11328123763087183,0.020630395698447712,-0.5186474225466017,1.02,5.1,0,-0.0011057938260492506,0.0029935158457594646
2016-04-18,13.350000381469727,0.10299167061381044,0.15910557564666847,-0.17896677776444436,0.023779191787980825,-0.5189066732794375,1.03,5.1,0,0.0070268455528856855,-0.000994571549775447
2016-04-19,13.239999771118164,0.10322551877535342,0.1544025273065635,-0.1084175467335724,0.025553543695820746,-0.511743316288746,1.02,5.1,0,0.0031543634703268264,-0.0016301737278605621
2016-04-20,13.279999732971191,0.1030124086086936,0.15036499761307195,-0.040462457618686276,0.027082255050315585,-0.4888486700724898,1.05,5.1,0,0.0009525145974658145,-0.005078320136578385
2016-04-21,13.949999809265137,0.10184615510347805,0.1491307046453471,0.016763814705532454,0.02834467721422218,-0.4871905490320863,1.06,5.1,0,-0.00537839846019339,-0.0016404711034684327
2016-04-22,13.220000267028809,0.1017508699391142,0.1468592340163523,-0.02936854786279275,0.028800498556208254,-0.48963707722978633,1.0499999999999998,5.1,0,0.0,-0.001095181960584779
2016-04-25,14.079999923706055,0.10233668658669201,0.14687522458394078,0.054681612088161025,0.02642191178651232,-0.4888559436999727,1.06,5.1,0,-0.0017226212755716563,-0.0010971710225623488
2016-04-26,13.960000038146973,0.09797967729093711,0.1391089870962562,0.05438068576099386,0.018525648125812477,-0.591684869060904,1.08,5.1,0,0.00148607867736672,-0.0021050309239442067
2016-04-27,13.770000457763672,0.09723752451399366,0.13906773910694245,0.03689764568111564,0.016163475584006992,-0.5826898827603163,1.04,5.1,0,0.0020581319767996042,0.005502235392969235
2016-04-28,15.220000267028809,0.1028819440334497,0.13486964060490694,0.09103946058265744,0.009390998197514211,-0.5579433357686328,1.06,5.1,0,-0.00907540912949134,0.003465085830132386
2016-04-29,15.699999809265137,0.10205331595332905,0.13529468558518462,0.18759451529071014,-0.0028512195301897414,-0.5513379944467928,1.06,5.1,0,-0.005399051196531945,-0.0003634267774730304
2016-05-02,14.680000305175781,0.10520124661769176,0.1359622020699896,0.04261366368756336,0.008339275071901797,-0.558689049447877,1.0799999999999998,5.1,0,0.007948339276540262,-0.0029042893939335013
2016-05-03,15.600000381469727,0.10359916550756873,0.13084311504549856,0.11747853430095301,0.00964805095103971,-0.5882227471903481,1.06,5.1,0,-0.008703054312026337,0.005934629688316928
2016-05-04,16.049999237060547,0.09798986057982267,0.127916297680893,0.16557724789409045,-0.006830996907910225,-0.5620868367089172,1.04,5.1,0,-0.00557840895340167,0.001815634451453052
2016-05-05,15.90999984741211,0.08782312093952616,0.12793175318993447,0.045335057048458305,0.005001201602265581,-0.5622211719621943,1.04,5.1,0,-0.00019492429403233924,0.0027183857922921106
2016-05-06,14.720000267028809,0.08824204356048625,0.12786704964897458,-0.062420353767010606,0.005965592846487899,-0.5615265573905975,1.05,5.1,0,0.0036589822898001056,-0.0023493225615554003
2016-05-09,14.569999694824219,0.08769085977675226,0.12408170879078456,-0.00749322943220776,0.009165224490471413,-0.542514578832451,1.05,5.1,0,0.0008259837137767345,0.0019017381550452406
2016-05-10,13.630000114440918,0.09243685939055835,0.11992834377222285,-0.1262820653112836,0.012286228854452519,-0.4888199580875076,1.05,5.1,0,0.012434137653155375,-0.00018045282412992858
2016-05-11,14.6899995803833,0.09178541059332967,0.11802402264365153,-0.08473518512928735,-0.00721162211027615,-0.4771829231684982,0.99,5.1,0,-0.00935489521440347,0.0015369810763747882
2016-05-12,14.40999984741211,0.09180329428621183,0.11393239819555366,-0.0942803277426798,-0.00697046424431591,-0.4619758076628361,0.99,5.1,0,0.0002911030151557803,-0.00270822322276576
2016-05-13,15.039999961853027,0.09650427169141763,0.11524428305169054,0.021739109308372973,-0.014534375643426634,-0.4687769321943753,0.95,5.1,0,-0.008714376451776529,0.003801843307992714
2016-05-16,14.680000305175781,0.09998685757328718,0.1165525545585214,0.007549801829483727,-0.011756954444859358,-0.4815921263282454,0.96,5.1,0,0.00986503456652188,-0.003607516931701693
2016-05-17,15.569999694824219,0.10357506397035611,0.11530487004286552,0.1423330567934391,-0.02405912230383267,-0.46472861675967997,0.9400000000000001,5.1,0,-0.009333428296465662,-0.0013575003148216247
2016-05-18,15.949999809265137,0.10341987986984084,0.11179119957483702,0.08577265247607024,-0.024702233492436165,-0.431769158580413,0.9700000000000001,5.1,0,0.0002929216076548169,-0.00806648565185275
2016-05-19,16.329999923706055,0.10262182804933868,0.11195852783456268,0.1332408117019348,-0.0228261285283633,-0.4345658034068719,0.9600000000000001,5.1,0,-0.0034651217275859514,0.0010053737968236387
2016-05-20,15.199999809265137,0.1059440105207072,0.11012454696238708,0.01063828775385156,-0.016652951072931854,-0.46744147492629845,0.9600000000000001,5.1,0,0.006317378754852054,0.0006394424823190636
2016-05-23,15.819999694824219,0.10591094126879158,0.11002341735385643,0.0776566325578687,-0.016298222009013763,-0.4893603977601207,0.93,5.1,0,-0.00136250629839052,0.0006384228424445304
2016-05-24,14.420000076293945,0.11650151903289498,0.11117564135229797,-0.07385996410215456,-0.005025707092255249,-0.4871821109957431,0.9400000000000001,5.1,0,0.012962388889871113,-0.0016410101092398932
2016-05-25,13.899999618530273,0.11891249174915355,0.1017947333980475,-0.12852665926328388,-0.0003344104587257313,-0.4123620702772904,0.9500000000000001,5.1,0,0.006782828860580903,-0.00045653686078617195
2016-05-26,13.430000305175781,0.11396619020399192,0.10154665670133493,-0.17758724017630767,0.009110563412229489,-0.4075527869699663,0.9600000000000001,5.1,0,0.00028697861974946726,0.00310560635069268
2016-05-27,13.119999885559082,0.11252308522214091,0.10159698229742216,-0.13684210196096147,0.018949989145370827,-0.41485277651353125,0.9500000000000001,5.1,0,0.0042988971995010505,-0.0019124786135897853
2016-05-31,14.1899995803833,0.10981252945428643,0.10164860365886626,-0.10303414322910509,0.00899175421939713,-0.41431506730484513,0.9700000000000001,5.1,1,-0.001902376129207517,0.0011866537037854563
2016-06-01,14.199999809265137,0.10439859727168772,0.10167711316290841,-0.01525660650934968,0.01993601900420794,-0.41655428712644765,0.9400000000000001,4.9,1,0.002049279598151932,-0.0003376703155176797
2016-06-02,13.630000114440918,0.10163353775197248,0.09873450289092116,-0.019424425287711156,0.028779586441609162,-0.37144668626496624,0.92,4.9,1,0.0030439303284433006,0.003103742898633133
2016-06-03,13.470000267028809,0.10270668608480521,0.09876278782967457,0.0029784036443849526,0.02590623952077653,-0.36806743778835205,0.9299999999999999,4.9,1,-0.0029873463770261344,0.009284070843253556
2016-06-06,13.649999618530273,0.1032659678506702,0.09911751757314403,0.04039632146297123,0.027367203758335013,-0.38001903472383114,0.9299999999999999,4.9,1,0.005088264833704725,-0.002615192328654259
2016-06-07,14.050000190734863,0.10324748460654709,0.09401999576080126,-0.009866060168315816,0.028122029204927346,-0.35795160179018976,0.94,4.9,1,0.0015613088413011234,0.0014464901038149236
2016-06-08,14.079999923706055,0.09506403607658538,0.09404686304624552,-0.008450696279642567,0.018805687259326298,-0.35551722549919,0.9299999999999999,4.9,1,0.003259951753189272,0.0011738614096448163
2016-06-09,14.640000343322754,0.08750854705702288,0.09401812486904056,0.07410126341904766,0.027022048335450854,-0.35911873457440463,0.9099999999999999,4.9,1,-0.0013656407559702322,0.0015327525911730255
2016-06-10,17.030000686645508,0.09557229850570229,0.09581696098722739,0.26429104298762995,0.01699252977677146,-0.4070257787397932,0.9099999999999999,4.9,1,-0.009477370989888656,0.003512158122310982
2016-06-13,20.969999313354492,0.09429819493351514,0.0965742358765715,0.5362637288932306,0.018020886482151166,-0.4178583910985832,0.8900000000000001,4.9,1,-0.007712013909206061,0.001973786584646975
2016-06-14,20.5,0.08857501345905112,0.0964128889527103,0.45907471328851135,0.006093332545834107,-0.4216812904384129,0.8800000000000001,4.9,1,-0.0019669620340743155,-0.00026901922725941496
2016-06-15,20.139999389648438,0.08128348738926224,0.0964475240928345,0.43039769167465347,0.01415667948063537,-0.42371121819411395,0.9100000000000001,4.9,1,-0.0013937193192253838,0.003045853502722906
2016-06-16,19.3700008392334,0.08165846644178047,0.09659199998138812,0.3230874579909404,0.0168854345772238,-0.4264310732536083,0.8700000000000001,4.9,1,0.0029843739869026553,0.001071391392348131
2016-06-17,19.40999984741211,0.0818451888990112,0.0958887451676412,0.13975332148007102,0.016620829477653087,-0.38941337956218447,0.9200000000000002,4.9,1,-0.003724431382070903,-0.0033899891373057045
2016-06-20,18.3700008392334,0.08195539442809321,0.09667274834643726,-0.12398657888678688,0.016744956808226963,-0.40583330512058785,0.9299999999999999,4.9,1,0.006440248055099573,-0.004296396078557141
2016-06-21,18.479999542236328,0.08181226494075962,0.09679258294533637,-0.09853660769578887,0.021022112536984272,-0.4088558271261958,0.95,4.9,1,0.0028384765031825854,-0.002246885836673762
2016-06-22,21.170000076293945,0.0690402057327862,0.09515856949864605,0.05114204160179403,0.006312375085666622,-0.48765153621905016,0.94,4.9,1,-0.0016312331342451802,0.001981880954047499
2016-06-23,17.25,0.07953743896292849,0.09831856606392662,-0.10944763796496049,0.012549135648545873,-0.5127544207250795,0.96,4.9,1,0.013022505126002004,-0.0047659740896662806
2016-06-24,25.760000228881836,0.15221238208798227,0.12332362440083008,0.3271509753420403,-0.024090279672402848,-0.6552593004323478,0.93,4.9,0,-0.03590872661514899,0.013823627220052703
2016-06-27,23.850000381469727,0.16173774836243318,0.127759100335477,0.2983124274296449,-0.045671378854075684,-0.6853933661981768,0.85,4.9,0,-0.017909995341533924,0.008644680372569935
2016-06-28,18.75,0.1771163136986438,0.1331251519910429,0.014610414743062128,-0.026607425884687452,-0.6634787563683882,0.85,4.9,0,0.01803591948376826,-0.00017678457229575173
2016-06-29,16.639999389648438,0.1884752763969803,0.13605875120788702,-0.2139820817345286,-0.0120572508654877,-0.6675695334364168,0.88,4.9,0,0.017027812189966074,-0.004064990879292241
2016-06-30,15.630000114440918,0.19479877462216022,0.137075739045351,-0.09391303684400476,-0.0016154032317261535,-0.6365809971356051,0.91,4.9,0,0.013645386637155976,0.002218540716203643
2016-07-01,14.770000457763672,0.1946039988746088,0.13467983064771014,-0.42663042210676283,0.0034793810140434367,-0.6207129938654987,0.87,4.8,0,0.0021004368048795907,0.0026416866391327787
2016-07-05,15.579999923706055,0.1954318828948995,0.1355454967426973,-0.34675053775634546,-0.008782436588452236,-0.6270385980327288,0.81,4.8,0,-0.007193212206058619,0.005482664483309474
2016-07-06,14.960000038146973,0.19664373637837063,0.13589156223966684,-0.20213333129882816,-0.004391457572265001,-0.6275942270306992,0.7999999999999999,4.8,0,0.005998109451866185,0.00017554657963181342
2016-07-07,14.760000228881836,0.19623416497380597,0.13468370961171075,-0.11298072294017802,-0.008242218731537299,-0.617137751514776,0.82,4.8,0,-0.0006204031154463108,-0.0013188852198188217
2016-07-08,13.199999809265137,0.20345906639386224,0.13650094680726832,-0.1554702679068216,0.007902212826224941,-0.5983473044331133,0.7600000000000001,4.8,0,0.01489073188718093,0.0019370875823512268
2016-07-11,13.539999961853027,0.20023530781202767,0.136638754599271,-0.08327694365534766,0.0211343191501403,-0.5983325489430432,0.7699999999999999,4.8,0,0.0035265698453574856,-0.005272127309825736
2016-07-12,13.550000190734863,0.19852067529545128,0.1372806890052025,-0.13029523381976438,0.03654513617393018,-0.6030560277185264,0.8400000000000001,4.8,0,0.007263458270866163,-0.00591910544650931
2016-07-13,13.039999961853027,0.19815771462698076,0.13665175356876005,-0.12834225076190353,0.038443050456541394,-0.6010784142446862,0.7999999999999999,4.8,0,-0.0001395634084193631,0.0025774596712822007
2016-07-14,12.819999694824219,0.19813801279063512,0.13693837570477546,-0.13143634850773878,0.04569858868789045,-0.6030211874110386,0.85,4.8,0,0.005583481832401649,-0.00416583782935287
2016-07-15,12.670000076293945,0.19853779638704003,0.13699457410169055,-0.0401514955022334,0.04118836684502747,-0.6017960261640909,0.8900000000000001,4.8,0,-0.0013416163898101185,-0.0038276667547664234
2016-07-18,12.4399995803833,0.19734601122035636,0.136494600565785,-0.08124079649695837,0.04788943883239449,-0.6125093595462586,0.91,4.8,0,0.002687582540821465,-0.0002676165933200858
2016-07-19,11.970000267028809,0.19710414665129297,0.13653298110396192,-0.11660515877973321,0.040125157730150685,-0.6139834476846936,0.8600000000000001,4.8,0,-0.001016917471083012,0.0026808051079587614
2016-07-20,11.770000457763672,0.19723101141292057,0.13662160273932847,-0.09739260029176289,0.04149838235333192,-0.6186824364885859,0.8600000000000001,4.8,0,0.004162473407567813,-0.0020503048028519544
2016-07-21,12.739999771118164,0.19791654629271122,0.13693204818621577,-0.006240243807365542,0.039260097307536324,-0.6216938539389983,0.8700000000000001,4.8,0,-0.0037768282872743253,0.00223297817551682
2016-07-22,12.020000457763672,0.19389052009739738,0.13712507038693372,-0.051302258454319016,0.030501504238106936,-0.6355076779519138,0.8600000000000001,4.8,0,0.004485035135997295,-0.0008014552556672161
2016-07-25,12.869999885559082,0.13591151008532393,0.13579361648280008,0.03456594209648123,0.06598098688271259,-0.6265563334149863,0.8600000000000001,4.8,0,-0.002715704129302998,-0.0008030342371213584
2016-07-26,13.050000190734863,0.11144604803832506,0.1351721318034133,0.09022555552324407,0.08592170822582901,-0.6321986075047215,0.8200000000000001,4.8,0,0.00046142343397659324,0.0006247339983138644
2016-07-27,12.829999923706055,0.09991388843791565,0.13443712504811411,0.09005942435993619,0.06555118125814285,-0.6256004738987883,0.79,4.8,0,-0.0010611553742330138,0.004281714204195097
2016-07-28,12.720000267028809,0.08564148943202564,0.1329728131967853,-0.0015698198154363574,0.04892066675888773,-0.6154023858258683,0.8,4.8,0,0.0011546227324685798,0.0005330277612622947
2016-07-29,11.869999885559082,0.07463856878979362,0.1322779064302919,-0.012479248460236514,0.0364714845190659,-0.6088851014128885,0.7899999999999999,4.8,0,0.0016148713229779954,0.0038173900992501952
2016-08-01,12.4399995803833,0.07520608963612697,0.1323103552937872,-0.0334110574203087,0.033441389262306,-0.5994813310837565,0.84,4.9,0,-0.0008291756598266531,-0.0034717334734853944
2016-08-02,13.369999885559082,0.07402167696995589,0.1330742215098446,0.024521049053425337,0.0342596264752868,-0.5809527930105939,0.88,4.9,0,-0.006407147831713256,-0.002399641353669768
2016-08-03,12.859999656677246,0.07243907564238042,0.13313863504000553,0.002338248881495364,0.031097876602161234,-0.5812371763351575,0.88,4.9,0,0.0029227555334658817,0.0005349513276631246
2016-08-04,12.420000076293945,0.07201761716852342,0.1309653946490386,-0.023584920160142353,0.03283594664154399,-0.5858019244718612,0.87,4.9,0,0.0010642010086931997,0.002404127392196642
2016-08-05,11.390000343322754,0.05824523167041821,0.13011676451459595,-0.04043804101635173,0.026005049719996842,-0.5943104252100921,0.8700000000000001,4.9,0,0.008178519750589697,-0.006218118263416006
2016-08-08,11.5,0.057984077848134453,0.13015117919965774,-0.07556266978220727,0.021790291085903357,-0.5974905980370039,0.8500000000000001,4.9,0,-0.000595848729436077,-0.0005362945445124279
2016-08-09,11.65999984741211,0.05319299966055056,0.1285651723053124,-0.1278982836786664,0.015026881126056324,-0.5872608823102595,0.8400000000000001,4.9,0,0.0005962039768181437,0.00357661891791361
2016-08-10,12.050000190734863,0.054345453768628406,0.12748647062572152,-0.0629859632633668,0.01265582010351074,-0.5810437565579235,0.81,4.9,0,-0.002475196240682598,0.0026737745426435033
2016-08-11,11.680000305175781,0.053299660480808135,0.1258681245833945,-0.05958130165639863,0.01170632225562862,-0.6005979822415665,0.81,4.9,0,0.004640615230629308,-0.004799198025074114
2016-08-12,11.550000190734863,0.05309871368677929,0.125926571624272,0.01404739618870221,0.012185390793045148,-0.6313575457175893,0.8,4.9,0,-0.000868726381424878,0.003572445100587851
2016-08-15,11.8100004196167,0.053204961723746697,0.12559687367807423,0.026956558227539062,0.012383490418750087,-0.6303831860294745,0.8300000000000001,4.9,0,0.0028838233052181916,-0.0029367926954351198
2016-08-16,12.640000343322754,0.05680407801213815,0.1258369551697439,0.08404807107507395,0.008187175681006353,-0.6202863785178997,0.81,4.9,0,-0.005157687714421155,-0.0016956471530050754
2016-08-17,12.1899995803833,0.05536624668704484,0.1257413774698592,0.011618206425928701,0.005896474296349874,-0.6194173765859149,0.8200000000000001,4.9,0,0.0018809165461635136,0.0016093417976892344
2016-08-18,11.430000305175781,0.05358272275981477,0.12333788874114923,-0.021404109029793172,0.0119759558892234,-0.6169424318605122,0.8200000000000001,4.9,0,0.0022441893716833583,0.0017850103861256628
2016-08-19,11.34000015258789,0.05200011138805745,0.12283620110557018,-0.018181821184334646,0.005984106152210122,-0.6057502071994513,0.8200000000000001,4.9,0,-0.0014624613026159583,-0.003385722813873393
2016-08-22,12.270000457763672,0.050793721389229884,0.12284446491474599,0.038950044183140076,0.008677482091080213,-0.6072083779106897,0.79,4.9,0,-4.562066547464383e-05,0.002235428825319241
2016-08-23,12.380000114440918,0.051101469623063424,0.12265816363858918,-0.020569637802200225,0.010242255515300114,-0.605625439765427,0.81,4.9,0,0.002013451188280335,-8.975146239209586e-05
2016-08-24,13.449999809265137,0.05466092687830808,0.1231355540658858,0.10336343496758493,0.00614288670866836,-0.5993323378877127,0.8,4.9,0,-0.005114657113083565,-0.00035665808652940445
2016-08-25,13.630000114440918,0.0546755924836033,0.12313913516621595,0.19247591868120284,0.0042904704458435194,-0.5957797751499477,0.8,4.9,0,-0.0006886096048573931,-0.0016062992849072977
2016-08-26,13.649999618530273,0.05490134702731933,0.12315177285412598,0.20370365386769596,0.0007827628896657224,-0.5897813189325906,0.7800000000000001,4.9,0,-0.0018834911089190554,-0.0038439126523780454
2016-08-29,12.9399995803833,0.05742693640208243,0.12323115552575216,0.05460465343305643,0.0065454310053441045,-0.5844081488041183,0.76,4.9,0,0.00492421065441806,0.004128141054950518
2016-08-30,13.119999885559082,0.052272792067726906,0.12299018037493545,0.05977380971547608,0.011366004424087084,-0.5805467654015256,0.77,4.9,0,-0.001648607238636024,-8.940101574883563e-05
2016-08-31,13.420000076293945,0.052835745791326716,0.12317931997121984,-0.0022304634495626807,0.005550771958981127,-0.5773009714499933,0.78,4.9,0,-0.0028439292695227048,-0.001161891359879541
2016-09-01,13.479999542236328,0.05275940034056152,0.12305438669671179,-0.011005177618866213,0.004527953630478754,-0.5795459468327429,0.79,5.0,0,4.594629560261687e-05,0.0015680974938232506
2016-09-02,11.979999542236328,0.04668518826338085,0.1232614504811278,-0.12234433135271827,0.0008706794518094085,-0.5814208974720351,0.8,5.0,0,0.004507954631473909,-0.0025937708643087865
2016-09-06,12.020000457763672,0.04777775821798958,0.12154502186993005,-0.07109730699020445,0.0044943914134827345,-0.5589182331724042,0.81,5.0,0,0.003022553579530296,0.004663229635556432
2016-09-07,11.9399995803833,0.04776991941996233,0.12025892755290897,-0.08993904843509826,0.003804145276044002,-0.5566027878520636,0.8,5.0,0,-9.136349079019723e-05,0.0005355609497665892
2016-09-08,12.510000228881836,0.04763202875552639,0.12029326453777651,-0.06780922818470014,0.003997724968081151,-0.5385306319485479,0.8300000000000001,5.0,0,-0.002282827495026396,-0.004907883584084449
2016-09-09,17.5,0.09588765321423831,0.13058597608434017,0.298219628655622,-0.024559681731209593,-0.4232919869462226,0.8799999999999999,5.0,0,-0.0239350776442514,-0.00475224460844359
2016-09-12,15.15999984741211,0.11070460464761953,0.13353094081910138,0.26544243962317915,-0.009704400750350173,-0.40825575986508383,0.8899999999999999,5.0,0,0.014347351453772639,0.0009013761609450999
2016-09-13,17.850000381469727,0.12031641397812963,0.13679857471193219,0.48502493358396515,-0.026747084753293127,-0.37689985962107847,0.9299999999999999,5.0,0,-0.014375500178804845,-0.003689787548161738
2016-09-14,18.139999389648438,0.1194917626998836,0.1362613886751967,0.5192629838489577,-0.02206840978322533,-0.36896512427057654,0.9299999999999999,5.0,0,-0.0003752270068926311,0.0022582446776731047
2016-09-15,16.299999237060547,0.12548421261769607,0.13757812478857276,0.3029575490677243,-0.014150306195044315,-0.36269043805904655,0.97,5.0,0,0.009992932723568826,0.0002702587030207759
2016-09-16,15.369999885559082,0.12546832796728233,0.1378071783529854,-0.12171429225376673,-0.02015990741609275,-0.3628489872324104,0.9299999999999999,5.0,0,-0.0038653503909047426,0.0010810857160006293
2016-09-19,15.529999732971191,0.1255222201374361,0.1353289514366198,0.024406325150606367,-0.0185410396720741,-0.34051256673661506,0.9099999999999999,5.0,0,0.0001872979028134658,-0.0017098134314487146
2016-09-20,15.920000076293945,0.12553107993949608,0.11231588972703796,-0.10812326408571593,-0.01844998598204317,-0.08802921641012108,0.8999999999999999,5.0,0,4.714891510015917e-05,0.0015325616585368795
2016-09-21,13.300000190734863,0.13245972242287185,0.10721185971017815,-0.2668136362604021,-0.009406654243810042,0.059996796894059304,0.8699999999999999,5.0,0,0.011245319066488735,0.001620511446297046
2016-09-22,12.020000457763672,0.13331108621291304,0.10201019317707696,-0.26257662451699026,0.001960191705108416,0.07629878644466119,0.8399999999999999,5.0,0,0.006301438581360896,0.0029665301433299263
2016-09-23,12.289999961853027,0.13477844889113805,0.09743318053452354,-0.20039036738054083,-0.0028430054474249955,0.137197939148126,0.8500000000000001,5.0,0,-0.0054791089326517994,0.000448131908202809
2016-09-26,14.5,0.1376426000736518,0.09539668201477826,-0.0663232292776178,-0.009056156640633306,0.08610428495563431,0.8300000000000001,5.0,0,-0.008102620906990765,0.002866759526081175
2016-09-27,13.100000381469727,0.13837710150340363,0.09606445791348317,-0.17713565837373368,-0.007790135604245907,0.09143891227806,0.81,5.0,0,0.0062080928836576454,0.0016972727956554579
2016-09-28,12.390000343322754,0.13954276604548155,0.09510792131211604,-0.06842104017758133,-0.0012184170299064379,0.13818843653382337,0.8200000000000001,5.0,0,0.004963788613246534,-0.00044623333752502603
2016-09-29,14.020000457763672,0.1429024923487622,0.0965475587167967,0.16638934474484213,-0.007432121540198788,0.1264265982111386,0.8300000000000001,5.0,0,-0.009047521005503656,0.0006245301910730028
2016-09-30,13.289999961853027,0.14562131216154817,0.09758901098644425,0.08136696526476017,1.2081923330464761e-05,0.10762170281796343,0.8300000000000001,5.0,0,0.007546234848818667,-0.002496391913678786
2016-10-03,13.569999694824219,0.14487402509474573,0.09313124273519681,-0.06413795208108841,-0.006868963903390535,0.0871116991365086,0.8299999999999998,5.0,0,-0.0024040271276174474,-0.0023271842643799445
2016-10-04,13.630000114440918,0.1452674035959108,0.09354892902725627,0.04045799370516723,-0.014909379653317956,0.12754602436672471,0.87,5.0,0,-0.005097944163678592,-0.004574948832640868
2016-10-05,12.989999771118164,0.14640304981188737,0.09281160629076211,0.048426102596418774,-0.010459872833243344,0.16626701498050134,0.87,5.0,0,0.004425074089372316,-0.0022532413413222097
2016-10-06,12.84000015258789,0.14629968620321634,0.09281613205645453,-0.08416549690783692,-0.0075055455507053725,0.16697379315652416,0.89,5.0,0,0.0006959128127845826,-0.002077052386370015
2016-10-07,13.479999542236328,0.11775072241721006,0.09240679362438596,0.014296431973564117,0.013345416865524706,0.1872717707851312,0.9,5.0,0,-0.003429277414734755,0.001447819909884851
2016-10-10,13.380000114440918,0.10773352545166971,0.09296863133636149,-0.01400144323184982,0.004215253006853992,0.16844760094869218,0.9,5.0,0,0.00520816024192694,-0.0026212547169917055
2016-10-11,15.359999656677246,0.10473000811529475,0.09640240769502904,0.12692586410204076,0.005994163452001322,0.1641854790761962,0.9,5.0,0,-0.012629522200004906,-0.00027194226626070517
2016-10-12,15.90999984741211,0.10475275503057928,0.09642890422083329,0.22478830852531995,0.007691771857821994,0.16881831520280952,0.92,5.0,0,0.0013116330952342992,0.0
2016-10-13,16.690000534057617,0.09907750470971952,0.09623241061074113,0.29984426290631805,-0.005545843696361574,0.16994526940680385,0.9,5.0,0,-0.0032749121961010985,0.002085084577842178
2016-10-14,16.1200008392334,0.09817917303459756,0.09595533336254063,0.19584580019645115,-0.0011718616561700035,0.17700802143673752,0.9600000000000001,5.0,0,0.0005160230885905559,-0.0030753472981503993
2016-10-17,16.209999084472656,0.09892312677001755,0.09570167149045984,0.21150963720675486,-0.004826432848032747,0.17110636655643913,0.96,5.0,0,-0.003472246262055112,0.0021772663116064184
2016-10-18,15.279999732971191,0.1015730846855422,0.09648921312089564,-0.005208328482694813,0.0013583411827855496,0.181636391107434,0.93,5.0,0,0.006262211131738971,0.0019922083969055038
2016-10-19,14.40999984741211,0.09330238460157345,0.09665233123605128,-0.0942803277426798,-0.007135452511246809,0.18261989186969446,0.95,5.0,0,0.002667661338026539,0.00045146850908417413
2016-10-20,13.75,0.09003697765492691,0.09670105896832562,-0.1761534116226211,-0.015194835545285335,0.1928319857916948,0.92,5.0,0,-0.0018670157780421581,-0.0009027012033269166
2016-10-21,13.34000015258789,0.08835291472028681,0.09667316434715643,-0.17245660929988593,-0.009306359385361618,0.19240681815129304,0.9,5.0,0,0.00046746077369075323,0.0010847699433853553
2016-10-24,13.020000457763672,0.08498513851630085,0.09702513356629247,-0.1967920300356243,0.0030340534411288367,0.18278406464423155,0.93,5.0,0,0.004252786090401139,-0.0013546647335642703
2016-10-25,13.460000038146973,0.08271316547852943,0.09724676143530457,-0.11910992975327239,-0.006494299036287288,0.18192184080740328,0.91,5.0,0,-0.0033504114779162597,-0.0001812164080502443
2016-10-26,14.239999771118164,0.08048646887731845,0.09644498106382442,-0.011797368361837646,-0.013386605565913756,0.17268490072800866,0.93,5.0,0,-0.0020080067932403134,-0.0021704361755977564
2016-10-27,15.359999656677246,0.0746434524378813,0.09639225304683464,0.11709088412198154,-0.007033728841012721,0.17694806175602953,0.9800000000000001,5.0,0,-0.0026667045937234235,-0.0034435611083095674
2016-10-28,16.190000534057617,0.06901951361508014,0.09653115219868286,0.21364320456299546,-0.017383129762233884,0.17312341811572068,1.0,5.0,0,-0.0029551288268543363,0.0001811476307385096
2016-10-31,17.059999465942383,0.06884388877125891,0.0949425388618841,0.31029177159281174,-0.014968980462247261,0.24365826432743734,0.9800000000000001,5.0,0,4.692368803116409e-05,0.0008186459092029974
2016-11-01,18.559999465942383,0.07103197282842026,0.09599303417813147,0.37890040217990384,-0.017095044069388776,0.23888707229059428,1.0,4.7,0,-0.007245313141537313,3.65214233546407e-05
2016-11-02,19.31999969482422,0.07041218156793132,0.09664172410429422,0.3567415734099524,-0.0273152168455586,0.21325331149284454,1.0,4.7,0,-0.0060188632780929785,0.0030025039140384457
2016-11-03,22.079999923706055,0.0708423669495572,0.09691573727329095,0.4375000271635756,-0.032440796273865646,0.22363258808933076,1.01,4.7,0,-0.004577271751767031,-0.0006349934318593542
2016-11-04,22.510000228881836,0.0705430053098897,0.0963045509188414,0.39036439075646334,-0.03018061029033059,0.2556706907194739,0.99,4.7,0,-0.0011013214921262726,0.003086201232620045
2016-11-07,18.709999084472656,0.10752200741421354,0.10698688497968371,0.09671744842807528,-0.013925083449096043,0.13554607434882032,1.0100000000000002,4.7,0,0.022056852280072814,-0.00416223842611696
2016-11-08,18.739999771118164,0.09913902656773883,0.10724428463995576,0.009698292583794732,0.0031860015172864298,0.1267891144491454,1.0099999999999998,4.7,0,0.004504044281970598,-0.003544235340537716
2016-11-09,14.380000114440918,0.10580912403739665,0.10902925956071276,-0.2556935641001441,0.012493728887114752,-0.038061528609826006,1.17,4.7,0,0.0106019697616071,-0.015228463732399278
2016-11-10,14.739999771118164,0.104955136193718,0.10908215235304182,-0.33242754429121824,0.01835549959764715,-0.05130060779423763,1.23,4.7,0,0.0024955669283115434,-0.006019418584778058
2016-11-11,14.170000076293945,0.1055787054863925,0.10908012982580695,-0.3705020021229104,0.015484219697611046,-0.05348088624594894,1.23,4.7,0,-0.002304957941995811,-0.0020494469861291886
2016-11-14,14.479999542236328,0.1043741330029363,0.10905569374860354,-0.22608229552222614,0.01982291332104369,-0.05892026881411288,1.23,4.7,0,0.0007854551643677876,-0.005787849369751852
2016-11-15,13.369999885559082,0.10554076132789084,0.11023446486572566,-0.2865528255680799,0.021384463744669846,-0.05391585400412106,1.21,4.7,0,0.007802997440368609,0.0
2016-11-16,13.720000267028809,0.10586650391386028,0.11023275710661644,-0.045897068300389865,0.016753529691889257,-0.05742570181641013,1.2200000000000002,4.7,0,-0.0018784111560552486,0.0009386712228975913
2016-11-17,13.350000381469727,0.10640031169492187,0.11019450222088809,-0.09430118122335585,0.023891866947231888,-0.06905070627943376,1.25,4.7,0,0.005140591925288707,-0.004408997202828169
2016-11-18,12.850000381469727,0.1070791429479655,0.11029319582841444,-0.09315452983183425,0.02112369128107816,-0.062193642725520505,1.2699999999999998,4.7,0,-0.002237385088548094,-0.004428433135434173
2016-11-21,12.420000076293945,0.10900377863872117,0.11123427168342495,-0.14226516098523512,0.024477966115997063,-0.057456868592792795,1.25,4.7,0,0.007551641926420549,0.0008519246167955075
2016-11-22,12.40999984741211,0.10766403216926637,0.11087576803280634,-0.07180254647450424,0.029929436295525802,-0.07422302729713229,1.24,4.7,0,0.0019529778491047534,0.0009455079801519162
2016-11-23,12.430000305175781,0.10694071661149984,0.11080418738385783,-0.0940233190048172,0.03256295662700048,-0.07317188573989838,1.2399999999999998,4.7,0,0.0005438497826937283,-0.0035894826008258107
2016-11-25,12.34000015258789,0.1059386620959595,0.11082138081092256,-0.07565544569449989,0.03917065583344592,-0.0736466994867843,1.2399999999999998,4.7,0,0.003715548790752976,-0.0008540886717324225
2016-11-28,13.149999618530273,0.1071785123375757,0.11131498172967058,0.02334624343616043,0.037357361607322837,-0.09207873866837023,1.2099999999999997,4.7,0,-0.00469491593298077,0.004554951258311624
2016-11-29,12.899999618530273,0.10696490729496526,0.1110293396122369,0.0386473059007868,0.03933191498295052,-0.08440134069185865,1.2099999999999997,4.7,0,0.0019504586722480788,0.0010394535178008812
2016-11-30,13.329999923706055,0.10273793194613257,0.1110176657563934,0.0741337701535747,0.04440526097228714,-0.08416958159260955,1.26,4.7,0,-0.0023993270456988958,-0.006700360995313348
2016-12-01,14.069999694824219,0.10056698117694363,0.11130190834206269,0.13193880526016977,0.04686755704913237,-0.07520538869655367,1.3100000000000003,4.7,0,-0.0036754474175390017,-0.0038149647441653167
2016-12-02,14.119999885559082,0.09752261728828839,0.11118809549756638,0.14424632989959063,0.05220837779192955,-0.08023479863029305,1.2899999999999998,4.7,0,0.0005010920957722043,0.004488741224909942
2016-12-05,12.140000343322754,0.09724229915528186,0.09977902773624579,-0.07680603076096537,0.0596982100374055,-0.16741724326030402,1.2600000000000002,4.7,0,0.006009041521663594,-0.0003802731480130328
2016-12-06,11.789999961853027,0.06605729202620678,0.09579708300847709,-0.08604648755824618,0.040112791684261406,-0.1926617996637361,1.27,4.7,0,0.0031671242018338486,0.00038041781069142466
2016-12-07,12.220000267028809,0.0765861459789421,0.09408506016817055,-0.08327079242537905,0.048993539797012486,-0.18893736668015512,1.2399999999999998,4.7,0,0.013080755833669189,0.0033272323862632014
2016-12-08,12.640000343322754,0.07021620849359723,0.09409091966068761,-0.10163463983780352,0.040530471673240864,-0.18916571463389528,1.2799999999999998,4.7,0,0.0024486370749583486,-0.0037899412832068657
2016-12-09,11.75,0.0716621943595376,0.09282012386529294,-0.16784701875124997,0.04420995384511239,-0.21726362374235694,1.3200000000000003,4.7,0,0.006040551593644361,-0.00513644426497839
2016-12-12,12.640000343322754,0.07081557260838593,0.0923842101724791,0.04118616028499611,0.04542086292788805,-0.21226598909183397,1.3400000000000003,4.7,0,-0.0011479894762006504,0.0001912544270055161
2016-12-13,12.720000267028809,0.0722890733675099,0.09309613142084705,0.07888043326419258,0.051572488620782675,-0.20366481657007574,1.31,4.7,0,0.006674430348794447,0.0005732006589995731
2016-12-14,13.1899995803833,0.07891393855976282,0.09503243014342978,0.07937801081491624,0.03481747143901237,-0.13372627634580303,1.27,4.7,0,-0.008254627422088379,-0.008311627315796377
2016-12-15,12.789999961853027,0.07814953314111915,0.09283592377550545,0.011867058105699657,0.04103359189150768,-0.16593428007223238,1.31,4.7,0,0.00411727812609608,-0.0027941587403135237
2016-12-16,12.199999809265137,0.07845535267306737,0.09230378684847304,0.038297856107671224,0.03368376309971466,-0.19358514210087915,1.32,4.7,0,-0.0019558277482679687,0.0012559877982434298
2016-12-19,11.710000038146973,0.07709283890054221,0.09144169318546098,-0.07357597151230033,0.03825752469095467,-0.17579870243492934,1.3,4.7,0,0.0021774354669887863,0.004631908170438681
2016-12-20,11.449999809265137,0.07456860768498742,0.08971759438106842,-0.09984280118732447,0.03445090071564505,-0.1518929146493875,1.3199999999999998,4.7,0,0.00385759671575725,-0.0021130220146351464
2016-12-21,11.270000457763672,0.07623629308247694,0.08939456608785364,-0.1455647599470078,0.029561475576969976,-0.1750503501321207,1.3399999999999999,4.7,0,-0.002782842936856711,0.0016361393822943437
2016-12-22,11.430000305175781,0.07702390151338785,0.0891417731681829,-0.10633304618714068,0.027224427781965543,-0.17986006073657615,1.3299999999999998,4.7,0,-0.0017273296013536887,-0.0004329506492711799
2016-12-23,11.4399995803833,0.07652175600679378,0.08676704111481837,-0.0622951017019413,0.024920484084658634,-0.16729711304244618,1.3299999999999998,4.7,0,0.0014643327468368827,0.0009622863720155639
2016-12-27,11.989999771118164,0.07330899438022481,0.08573669787398329,0.02391116413826233,0.03231004536207305,-0.16172501188616858,1.2899999999999998,4.7,0,0.002481121645196538,-0.0014430429395595468
2016-12-28,12.949999809265137,0.08120555136819396,0.08751350229935256,0.13100436899450663,0.02178563205871109,-0.1979892881888059,1.2499999999999998,4.7,0,-0.008264438280402575,0.003661076807882191
2016-12-29,13.369999885559082,0.08032774627472626,0.08668466968216053,0.18633534538579033,0.02401475696615174,-0.22212433140304946,1.2700000000000002,4.7,0,-0.00022296398285026608,0.0030713072850929724
2016-12-30,14.039999961853027,0.08031140648900881,0.08684174774819309,0.22834642055918186,0.024035660851736695,-0.23038039483450581,1.2500000000000002,4.7,0,-0.003655108790277084,0.002966128238562016
2017-01-03,12.850000381469727,0.08343440680311442,0.08799788234558636,0.12325182279763536,0.031353026880173385,-0.2256144166526423,1.2300000000000002,4.7,0,0.007650289123369847,-0.00047709777255089403
2017-01-04,11.850000381469727,0.0833921890082932,0.08815854030816438,-0.011676346315341202,0.03129147991946568,-0.20824184974613694,1.22,4.7,0,0.005949006987089778,0.0011453644884995562
2017-01-05,11.670000076293945,0.08356181166098203,0.08778780047076644,-0.09884167967750934,0.027218858330221307,-0.20615136581407636,1.2000000000000002,4.7,0,-0.0007944329012689044,0.006482883204015355
2017-01-06,11.319999694824219,0.07186848065232246,0.08330012785712794,-0.1533283626239268,0.01758331330135654,-0.2188480687308253,1.2,4.7,0,0.0035778294012442924,-0.00454665091462203
2017-01-09,11.5600004196167,0.07309329057199083,0.08379795080467453,-0.17663814451385607,0.011746793481165918,-0.23229439492589585,1.17,4.7,0,-0.0033010752704899504,0.003806436209919495
2017-01-10,11.489999771118164,0.07021172776326495,0.0833388748164058,-0.10583662023175844,0.005671979999695376,-0.22421518460175216,1.19,4.7,0,0.0,-0.0004745159551617917
2017-01-11,11.260000228881836,0.07054700201349856,0.08340034585467264,-0.049789040809694374,0.009673382400998687,-0.22307461609538076,1.18,4.7,0,0.002826277395048704,0.0011383560674056437
2017-01-12,11.539999961853027,0.06732914680023483,0.08319452485387015,-0.011139684112341675,0.00046192069560047067,-0.216876588509515,1.18,4.7,0,-0.002509671289014914,0.0005685756552467058
2017-01-13,11.229999542236328,0.060138863870738024,0.08255568258757635,-0.007950543729169923,0.011104467688291653,-0.23310168429737488,1.19,4.7,0,0.002295196128523136,-0.0021775251812737872
2017-01-17,11.869999885559082,0.060258917968863665,0.08303394226355372,0.02681656182436898,0.0034103340410827077,-0.25180306742914355,1.1600000000000001,4.7,0,-0.0035236855747540208,0.005029201758748325
2017-01-18,12.479999542236328,0.0601174788479828,0.08284913956134798,0.08616186169182316,0.00759872046019705,-0.2530733970578647,1.19,4.7,0,0.0022101595003387597,-0.007081249658352884
2017-01-19,12.779999732971191,0.061403879060426436,0.08342133514366872,0.1349910722195693,0.0016848921726997368,-0.23752990045222916,1.2200000000000002,4.7,0,-0.0037045740538741434,-0.0038033608468288627
2017-01-20,11.539999961853027,0.061257737014788795,0.08333379739262729,0.0,0.0015016064050430433,-0.23319597480194876,1.28,4.7,0,0.003673913392119088,0.0004773255034853374
2017-01-23,11.770000457763672,0.06114880834276693,0.08318063691979671,0.04808556879244619,0.0016832578817143062,-0.24483438277887,1.2500000000000002,4.7,0,-0.0026019685698221995,0.005246541131405769
2017-01-24,11.069999694824219,0.06466253391352213,0.08366029930053333,-0.06739681537049846,0.009850096051257529,-0.2594969336801007,1.2600000000000002,4.7,0,0.0064117016583522535,-0.0037954252161076507
2017-01-25,10.8100004196167,0.07083210579472073,0.0846605999713829,-0.13381403716945783,0.01710170664712285,-0.28854702763547974,1.2999999999999998,4.7,0,0.008655726197335234,-0.004953878414077573
2017-01-26,10.630000114440918,0.07086628811989028,0.0843358766484544,-0.16823158555969897,0.013523470062744236,-0.2898984948705877,1.2999999999999998,4.7,0,-0.0010456786749450941,0.0013404427491729987
2017-01-27,10.579999923706055,0.06323061164606922,0.08450991344115437,-0.08318891172620257,0.020365251390118688,-0.29211772438404626,1.2700000000000002,4.7,0,-0.0015697360378919,0.0012428561775696956
2017-01-30,11.880000114440918,0.06815442598593077,0.08408243101338818,0.00934576485973615,0.014263266617494885,-0.2910192281079032,1.2700000000000002,4.7,0,-0.006201827180596475,-0.0002862971015874516
2017-01-31,11.989999771118164,0.06626940085117809,0.08272377638267939,0.08310750692469226,0.017894845368649603,-0.27745865542460557,1.2600000000000002,4.7,0,-8.768694347627282e-05,0.0034384468403050317
2017-02-01,11.8100004196167,0.06127710396272929,0.08179385257690346,0.09250693442946778,0.01056623925588207,-0.278719479137309,1.26,4.6,0,0.0003954414325684219,-0.0019159205032582838
2017-02-02,11.930000305175781,0.05785716649219601,0.08162933470990687,0.12229540703097497,0.005252071180563922,-0.2735776377622357,1.27,4.6,0,0.0006591191097100602,0.0003818623676712374
2017-02-03,10.970000267028809,0.06225228315189485,0.07054649020141321,0.03686203649670161,0.012985897811297109,-0.24174680853103678,1.2800000000000002,4.6,0,0.006892875432579659,0.0007633430112443662
2017-02-06,11.369999885559082,0.06182038475071215,0.07051530958214636,-0.042929311781899515,0.007569861312679782,-0.24614103214786903,1.26,4.6,0,-0.0017879058621828037,0.004771062715103858
2017-02-07,11.289999961853027,0.06029705422022639,0.06778472751109407,-0.0583819701941376,0.010951268859246133,-0.13453770310880378,1.24,4.6,0,4.384937954293733e-05,0.0018041545518101554
2017-02-08,11.449999809265137,0.060317465684481555,0.06772009652709388,-0.030482692426800684,0.012275947376533258,-0.1249666668368288,1.19,4.6,0,0.0013103287547993059,0.004076100947048911
2017-02-09,10.880000114440918,0.06278405539895754,0.06809170065579469,-0.08801342530388079,0.015411727259922126,-0.16046681616642836,1.2,4.6,0,0.0059327845439529625,-0.005947585625346807
2017-02-10,10.850000381469727,0.06248936079539527,0.06832407857112542,-0.01093891364066335,0.021983530354766634,-0.16774771139860095,1.2100000000000002,4.6,0,0.003946143483766651,-0.0006651057822308903
2017-02-13,11.069999694824219,0.06426455392395147,0.06751894681136957,-0.026385241315251884,0.025192845678310816,-0.17738283590531298,1.2300000000000002,4.6,0,0.005442684552855681,-0.0015203302427312382
2017-02-14,10.739999771118164,0.062366860916729654,0.06745598997136364,-0.04871569464953229,0.03292820512379868,-0.1831722616079464,1.2200000000000002,4.6,0,0.003994999815499778,-0.00361619236395605
2017-02-15,11.970000267028809,0.06364158759692788,0.0674757286617075,0.04541488789745629,0.03603078233698365,-0.17396476221204174,1.2399999999999998,4.6,0,0.0052204697893443175,-0.001910665320283056
2017-02-16,11.760000228881836,0.061137506340807585,0.06722663466548816,0.08088236260888482,0.03899783728683359,-0.2030696086248614,1.2300000000000002,4.6,0,-0.0008513159022214278,0.0040195809698488905
2017-02-17,11.489999771118164,0.0607925627552063,0.06595701534310233,0.05898611678774368,0.036826717638707596,-0.2115258630289148,1.21,4.6,0,0.001576607627395532,0.0026684221435726574
2017-02-21,11.569999694824219,0.06012752244121574,0.0666579627661028,0.04516711958300923,0.04572185273131302,-0.21276339362814572,1.2100000000000002,4.6,0,0.00595490026827572,-0.0004750594250847451
2017-02-22,11.739999771118164,0.058990137242318996,0.06678887158198352,0.0931098716304617,0.038137065951865834,-0.22108014018462643,1.2,4.6,0,-0.0008879623483637467,0.0016171377246272378
2017-02-23,11.710000038146973,0.05336501345001549,0.06659868384912584,-0.021720987726124186,0.029925440639278156,-0.21965837398201504,1.2,4.6,0,0.0006772971781054959,0.002659004294700562
2017-02-24,11.470000267028809,0.05253768121248554,0.06545817417135699,-0.024659860221839525,0.032311947834424704,-0.19148430675689043,1.19,4.6,0,0.0012690633261702722,0.004640805467909015
2017-02-27,12.09000015258789,0.0511932888015421,0.06544635948935734,0.05221935538918965,0.0355504581844992,-0.19175605588108238,1.16,4.6,0,0.0015624826199003294,-0.0035824723333489628
2017-02-28,12.920000076293945,0.04512464486223231,0.06552135192338925,0.11668110778547747,0.0392001801271562,-0.22619193542329932,1.14,4.6,0,-0.0026992581176942254,-0.0004728563391660501
2017-03-01,12.539999961853027,0.061504690900404245,0.06968865479085906,0.0681431180861658,0.05383898985724955,-0.33046180036005535,1.17,4.4,0,0.013997689846798167,-0.006967268154569384
2017-03-02,11.8100004196167,0.06887980527267788,0.07150575897960253,0.008539742198459432,0.046788450096437506,-0.29466016502023773,1.1700000000000002,4.4,0,-0.006297542888794472,-0.002862717334080278
2017-03-03,10.960000038146973,0.06888915652417585,0.07089217826593586,-0.04446383757704542,0.04675770884091923,-0.2960488454996637,1.1700000000000002,4.4,0,0.0006297325439104107,0.0009567980747011706
2017-03-06,11.239999771118164,0.06906423576450024,0.0713451913581426,-0.07030606871314071,0.03649590487024601,-0.29416609427035667,1.1800000000000002,4.4,0,-0.0029781168896053645,-0.0001911586550982225
2017-03-07,11.449999809265137,0.07001544529800098,0.0674792520481656,-0.11377710977928046,0.03525111837147721,-0.35442301258536485,1.2,4.4,0,-0.002986715169438048,-0.0014346407452047183
2017-03-08,11.859999656677246,0.07094590932497952,0.06766187260231753,-0.05422649978025185,0.03328377078247868,-0.33690975799268796,1.2099999999999997,4.4,0,-0.0018565917994675107,-0.0033523947832722056
2017-03-09,12.300000190734863,0.07094874154778723,0.06682432884416116,0.04149024163489967,0.03324006098230847,-0.31546617863843157,1.23,4.4,0,0.0012679714899166417,-0.0027870573412500654
2017-03-10,11.65999984741211,0.06951172530769863,0.06690986645084142,0.06386859551357138,0.030745875456557048,-0.3065693748958397,1.22,4.4,0,0.0035045173040018085,0.002120068674260178
2017-03-13,11.350000381469727,0.06899293928488319,0.06583318691876681,0.00978653136935237,0.027212583032314885,-0.3135179874675301,1.2200000000000002,4.4,0,0.0005047178253354545,-0.002501249490700408
2017-03-14,12.300000190734863,0.06954762005999512,0.06381900159205206,0.07423584241302095,0.017742546076089827,-0.44928769183543454,1.2000000000000002,4.4,0,-0.003826652230358385,0.0010611263145956507
2017-03-15,11.630000114440918,0.07412255349647202,0.06545191311105032,-0.0193928793334186,0.02246483885187467,-0.3224201249044994,1.1799999999999997,4.4,0,0.008653504417506008,0.008764478147087917
2017-03-16,11.210000038146973,0.07323674599042104,0.06545407417140056,-0.08861789721019253,0.015153964723954694,-0.3059335096750961,1.1799999999999997,4.4,0,-0.001967102874465665,-0.0027686974440818135
2017-03-17,11.279999732971191,0.07357076791733794,0.06564171491869375,-0.032590061699293904,0.014234796398205685,-0.32328307532660067,1.17,4.4,0,-0.0017559922912716575,0.0026811017100851764
2017-03-20,11.34000015258789,0.07376838129025871,0.06547660226588262,-0.0008810774049102799,0.011527301261631262,-0.3209414389433111,1.1700000000000002,4.4,0,-0.001097096532319708,0.0023864168618266124
2017-03-21,12.470000267028809,0.08493824846724703,0.0708667554309621,0.013821144199818836,-0.0073710888965248245,-0.3367630792291086,1.1600000000000001,4.4,0,-0.012839380581155968,0.0033339641464513736
2017-03-22,12.8100004196167,0.08544685794437482,0.07077302276212986,0.10146176212935543,-0.004150848106215799,-0.3356911979911899,1.13,4.4,0,0.002353310701156852,0.001899047753474159
2017-03-23,13.119999885559082,0.08543524425282156,0.07085061810427341,0.17038357189228304,-0.005886890115396004,-0.3328314641133812,1.1500000000000001,4.4,0,-0.0010671616309726462,-0.0010421210712625584
2017-03-24,12.960000038146973,0.0852483395656976,0.07080835310704145,0.14893620079308834,-0.007867880112716774,-0.33057984266284907,1.14,4.4,0,-0.0007261864893222114,0.0005686728633962357
2017-03-27,12.5,0.08496030708295232,0.06843816309687756,0.10229275412729044,-0.010432698962208553,-0.3125882255768883,1.1099999999999999,4.4,0,-0.0010267152126011148,0.002465054545021994
2017-03-28,11.529999732971191,0.08884338987815824,0.06969595413332735,-0.07538095540727585,-0.0005335549565715914,-0.32962149871174556,1.1199999999999999,4.4,0,0.007277247422118993,-0.003404835017387753
2017-03-29,11.420000076293945,0.07203303114629826,0.0690527135377173,-0.10850900060816282,-0.013409245943663994,-0.3179577158823236,1.1300000000000001,4.4,0,0.000934799160632549,0.0028466832782869655
2017-03-30,11.539999961853027,0.07003467204494634,0.06779817062956814,-0.12042682450364417,-0.003995426762105181,-0.3246419343346228,1.14,4.4,0,0.0031841345068781557,-0.0028386026755169436
2017-03-31,12.369999885559082,0.07036110104072327,0.06727488508063977,-0.04552470299778244,-0.006939228802932851,-0.33948181910593306,1.13,4.4,0,-0.002327739668490869,0.0019928573314851317
2017-04-03,12.380000114440918,0.06988049057395851,0.06739478818383066,-0.009599990844726514,-0.005705182098028394,-0.3459320014188438,1.11,4.4,0,-0.0017391478302527519,0.004923097210197236
2017-04-04,11.789999961853027,0.06919723543682806,0.06713228523853816,0.022549890277823614,-0.0020910427219692496,-0.3359208855374799,1.1099999999999999,4.4,0,0.0006373054995658656,-0.001415952082197247
2017-04-05,12.890000343322754,0.06968565655383031,0.06705250013077851,0.12872156367847043,-0.0032069099814204804,-0.32894242472654905,1.0999999999999999,4.4,0,-0.0029727212232238953,0.0018903460411392459
2017-04-06,12.390000343322754,0.07031507847407127,0.06717765529228457,0.07365687905368401,-0.0016704806123742921,-0.3309380600448876,1.0999999999999999,4.4,0,0.0028112983178079087,-0.0006599684651126259
2017-04-07,12.869999885559082,0.06908411645914081,0.06712726890537826,0.04042037224136985,-0.006170971007054105,-0.3248777431117207,1.0899999999999999,4.4,0,-0.0010193020897336647,-0.0030209473631888084
2017-04-10,14.050000190734863,0.06909886730317914,0.06680079060556227,0.13489499683816142,-0.00608098150645886,-0.324111481474794,1.08,4.4,0,0.0005953117980144196,0.001798760221819684
2017-04-11,15.069999694824219,0.06793599410433256,0.06683096226437914,0.2782018442395038,-0.0034500622034741024,-0.32594245412088224,1.0799999999999998,4.4,0,-0.0011897656822587033,0.004631361155093661
2017-04-12,15.770000457763672,0.06088821926970734,0.06708309761592185,0.22342901766738965,-0.0163291875212781,-0.32171904722904193,1.0399999999999998,4.4,0,-0.004382043920752476,0.003104740757913005
2017-04-13,15.960000038146973,0.06406235260358643,0.06857125883842675,0.28813556060538525,-0.020792001064192878,-0.3361163133468544,1.0300000000000002,4.4,0,-0.006495075721746457,0.003001044844197054
2017-04-17,14.65999984741211,0.07295875318722025,0.07009855197567647,0.13908313735585298,-0.010378542104364508,-0.3749711616627214,1.0499999999999998,4.4,0,0.008859906493732916,-0.0015894852634387169
2017-04-18,14.420000076293945,0.07346533645271025,0.07022367213250441,0.026334511070190247,-0.012247941743794732,-0.3887360068120956,1.0000000000000002,4.4,0,-0.0029840288665671233,0.00571303047158378
2017-04-19,14.930000305175781,0.05789719032905942,0.07009238288320874,-0.009289939779927203,-0.0012404984459325474,-0.3662476497204877,1.02,4.4,0,-0.0018385282383942547,-0.002607526933597115
2017-04-20,14.149999618530273,0.06437097816071057,0.07078895877138057,-0.10272674649390146,0.004524621104292859,-0.36046686594812255,1.0300000000000002,4.4,0,0.008139174724242304,-0.002240564668733125
2017-04-21,14.630000114440918,0.06537121835708243,0.06920395848038113,-0.0833333283538309,0.002392776211399772,-0.3227570333992125,1.0400000000000003,4.4,0,-0.003187139404617678,0.00046743586000785875
2017-04-24,10.84000015258789,0.07576185046410121,0.0724245781710084,-0.26057296961695076,0.014153620975118297,-0.33689841301851253,1.0299999999999998,4.4,0,0.010998064199680746,-0.0020572370029536824
2017-04-25,10.760000228881836,0.07755148871403979,0.07304060446403167,-0.2538141350934554,0.021102925353285285,-0.3561835093060953,1.06,4.4,0,0.005818568655704626,-0.005155548885058203
2017-04-26,10.850000381469727,0.07414242611136053,0.07164951287271731,-0.27327527396577755,0.013088309918113605,-0.37066433609437266,1.0399999999999998,4.4,0,-0.0006288505570767322,0.0026381672192281602
2017-04-27,10.359999656677246,0.07413851176863281,0.07162237777195356,-0.26784452749311705,0.012991442110886764,-0.3703168933846943,1.0499999999999998,4.4,0,0.0008390934277535678,0.0006576293814999357
2017-04-28,10.819999694824219,0.07415725271589585,0.0718898491351844,-0.26042381338438547,0.007575337830189488,-0.3742179689798805,1.01,4.4,0,-0.0021795335947082384,0.0010335597788950768
2017-05-01,10.109999656677246,0.0737984455699801,0.07197188368820324,-0.0673432182320004,0.01247112088260538,-0.37674953182600873,1.05,4.4,0,0.002519924581127375,-0.0021613865956389144
2017-05-02,10.59000015258789,0.07327778677693707,0.07087041859659189,-0.015799263260016794,0.0146178724300281,-0.3858208258144671,1.02,4.4,0,0.0003774735576824728,0.002071406313273183
2017-05-03,10.680000305175781,0.07360502867255185,0.07079230624708208,-0.015668209245806253,0.012739934905169337,-0.3714937949975043,1.03,4.4,0,-0.001214755651565369,-0.0020671244586192294
2017-05-04,10.460000038146973,0.0723644027491499,0.07078113099686652,0.009652546793790018,0.016952483369726545,-0.37020755760721286,1.0399999999999998,4.4,0,0.0011744695683844064,-0.0022594905732505888
2017-05-05,10.569999694824219,0.07287722034607877,0.0710688560941139,-0.0231053610953047,0.01809369582061482,-0.37611363053045244,1.0399999999999998,4.4,0,0.00393664169249508,0.00018842144454378484
2017-05-08,9.770000457763672,0.07264082912317305,0.07029199107806483,-0.033629991143374394,0.01896236787007144,-0.34773507873383397,1.06,4.4,0,-0.00016693789792743274,-0.002452655496494982
2017-05-09,9.960000038146973,0.07293669402393578,0.07004620171583317,-0.05949009493516999,0.01742140869393305,-0.3425929886357763,1.0499999999999998,4.4,0,-0.0009178711967010589,-0.0011350517685013717
2017-05-10,10.210000038146973,0.07258536073331075,0.06937447470330983,-0.04400751438190831,0.020462564052657006,-0.33703444235636537,1.06,4.4,0,0.001795759362219096,-0.00037892894997582083
2017-05-11,10.600000381469727,0.07072605914182205,0.06920931397999873,0.013384353997340392,0.022860212333982055,-0.3269638997375513,1.04,4.4,0,-0.002042769786315346,0.0007579670056285792
2017-05-12,10.399999618530273,0.06571406128743608,0.06863267173641226,-0.01608326217617473,0.027827029753205057,-0.3232878206386033,1.04,4.4,0,-0.0016708020776194932,0.005111423021842976
2017-05-15,10.420000076293945,0.06161765335311239,0.06938856571177086,0.06653015231066384,0.024427957360299457,-0.3240370392706723,1.0299999999999998,4.4,0,0.005523559270703249,-0.0006591271799267773
2017-05-16,10.649999618530273,0.060168814567933875,0.0694073170447765,0.06927706603821182,0.026553057885913,-0.330951319294733,1.04,4.4,0,-0.0009157924922297278,0.0013191238302237007
2017-05-17,15.59000015258789,0.09022047770046861,0.07783424713502024,0.5269343873006822,0.010195018320021676,-0.428673362909011,0.9600000000000002,4.4,0,-0.017744150186324137,0.00799893362893389
2017-05-18,14.65999984741211,0.08673024353994772,0.07823584693972885,0.38301880375776465,0.006075940129483426,-0.42842231565685995,0.96,4.4,0,0.004028479252253581,-0.0002797557958446051
2017-05-19,12.039999961853027,0.08834441425814678,0.07931750669166386,0.15769234648823183,0.015857705362145147,-0.4300612977814717,0.95,4.4,0,0.006504563770380223,-0.0002802732431365085
2017-05-22,10.930000305175781,0.08151712461065913,0.07991518567592315,0.048944359419162975,0.009908475680137085,-0.44598810443519515,0.96,4.4,0,0.0050772943317736186,-0.001121407272999142
2017-05-23,10.720000267028809,0.07937687938318547,0.07997085416645557,0.006572831080363439,0.006287841681616557,-0.4490186186324836,0.98,4.4,0,0.0022125974279005867,-0.002618440452644477
2017-05-24,10.020000457763672,0.07960051111811127,0.0798322139966174,-0.35728028481767626,0.009270033743099981,-0.44702027787472287,0.9699999999999998,4.4,0,0.002332843488002778,0.0020633015664670573
2017-05-25,9.989999771118164,0.08105616818952274,0.07521496492944411,-0.31855389665084666,0.013243729056384268,-0.3737520307080753,0.95,4.4,0,0.004779594465078363,0.0005608559014835812
2017-05-26,9.8100004196167,0.08043628038002697,0.07398627826894363,-0.18521590941044475,0.015246970199789045,-0.4120809950788768,0.95,4.4,0,-0.00020678512885208278,0.0006550938693750119
2017-05-30,10.380000114440918,0.08035742927511914,0.07402339642442869,-0.05032023562473431,0.011815069806067058,-0.4134477426518097,0.9299999999999999,4.4,0,-0.0008689538148426434,0.002523378475743243
2017-05-31,10.40999984741211,0.08041106032242563,0.07371829793344918,-0.02891794887078114,0.011182193154623876,-0.4182028183023635,0.9299999999999999,4.4,0,-0.00024824903188702674,0.00046626549830830477
2017-06-01,9.890000343322754,0.0842091818330594,0.07500583130672701,-0.01297406272473689,0.020463160268352043,-0.43024805369984415,0.9299999999999999,4.3,0,0.007952428135122647,-0.0005230115897720822
2017-06-02,9.75,0.0846053351482129,0.07505532713191328,-0.024024001663345507,0.022658278953375355,-0.4290230536183696,0.8699999999999999,4.3,0,0.003328096343642173,0.004388739581313805
2017-06-05,10.069999694824219,0.08417768102126458,0.0750928548369513,0.026503492771275283,0.017897592629243952,-0.4248662729266549,0.8600000000000001,4.3,0,-0.0007368915284859945,-0.0016736037137572435
2017-06-06,10.449999809265137,0.08536630782604716,0.07523312528368173,0.006743708482896293,0.014812595239874993,-0.4394888302186767,0.8400000000000001,4.3,0,-0.003197186135790453,0.003166123501639806
2017-06-07,10.390000343322754,0.08521467965025677,0.07528660033017535,-0.0019211819771858263,0.017624457661932436,-0.4452006502200665,0.8600000000000001,4.3,0,0.0018504049438479164,-0.0018567013582162506
2017-06-08,10.15999984741211,0.08515601544933138,0.07474763847761931,0.027300252246365897,0.016301003587868346,-0.4437897021803075,0.8599999999999999,4.3,0,0.0004928910308565904,-0.0015803458630936351
2017-06-09,10.699999809265137,0.08494198182003952,0.07292843358799675,0.09743587787334729,0.016835266074991972,-0.5798859830650178,0.8599999999999999,4.3,0,-0.0015181504954019376,-0.0009315497261244143
2017-06-12,11.460000038146973,0.08452367643898234,0.07277432708385569,0.13803380193121417,0.018327996555755455,-0.5989584742338415,0.8599999999999999,4.3,0,-0.00020523880174372344,-0.00018683386809492664
2017-06-13,10.420000076293945,0.08409477929956893,0.07319862021510802,-0.0028707878965311684,0.017685940439656544,-0.5929285307129833,0.8300000000000001,4.3,0,0.004889576356264191,0.00037303702401225713
2017-06-14,10.640000343322754,0.08420416270725259,0.07321564120043289,0.02406159689500531,0.017327685875967003,-0.5866992959704289,0.7999999999999998,4.3,0,-0.0012674987137928362,0.005220133196335741
2017-06-15,10.899999618530273,0.04930774123603422,0.0679300984569404,0.07283462423541787,0.03371246222857649,-0.5683978953424638,0.81,4.3,0,-0.0019242303672918348,-0.0017618927324036804
2017-06-16,10.380000114440918,0.04873570223305812,0.06785039524472727,-0.029906514068077872,0.029789773890212423,-0.5743355830805624,0.8400000000000001,4.3,0,0.0002184344372213598,0.0005570753630672609
2017-06-19,10.369999885559082,0.05157412029758538,0.06953001534410178,-0.09511345104359514,0.03165236427831286,-0.5940885521969882,0.8299999999999998,4.3,0,0.008325037981321337,-0.002785220978940739
2017-06-20,10.859999656677246,0.05761120640379351,0.07117989835835359,0.04222644694449884,0.019518566658271785,-0.5994027996148459,0.8,4.3,0,-0.006743940130720327,0.002514364550074033
2017-06-21,10.75,0.05757094833735584,0.07111556862605092,0.010338313263897447,0.01701654798540453,-0.596950273321238,0.8,4.3,0,-0.00024695035764565887,-9.313975961044996e-05
2017-06-22,10.479999542236328,0.05746857858854988,0.06983533285269411,-0.03853211843970472,0.01419002899394406,-0.5822547403206243,0.8099999999999998,4.3,0,-0.00045286616784834255,0.0009286061723396966
2017-06-23,10.020000457763672,0.05547663991430274,0.06984243197886526,-0.034682047467071375,0.01057115275394338,-0.5877387048427333,0.8099999999999998,4.3,0,0.0011942969400629,0.0002784889586446848
2017-06-26,9.899999618530273,0.05540884494857604,0.06963779141052878,-0.04532307350198872,0.0114454234249739,-0.5846665744297255,0.78,4.3,0,0.0006581612754412713,0.0008351471599508109
2017-06-27,11.0600004196167,0.06321651274315773,0.07161992184088894,0.01841627709596505,0.004169447050966113,-0.47865179636318544,0.8300000000000001,4.3,0,-0.008056344966373308,-0.004912437556581328
2017-06-28,10.029999732971191,0.07035141884986866,0.07352914196307567,-0.06697676902593563,0.01340884932017028,-0.4774887702205217,0.8800000000000001,4.3,0,0.008950505843261736,-0.0009315497261244143
2017-06-29,11.4399995803833,0.07245146951047413,0.07603654168510836,0.09160306107629057,-0.003423252986226588,-0.40376467219527706,0.8900000000000001,4.3,0,-0.008789046346507123,-0.0037296732806205712
2017-06-30,11.180000305175781,0.07169883544570195,0.07573779695873643,0.11576844255663898,-0.004877032802663384,-0.40002709428352057,0.9300000000000002,4.3,0,0.0018644678372585766,-0.002339069356741441
2017-07-03,11.220000267028809,0.07199223369906882,0.0756320741794849,0.133333403975878,-0.002454486381073151,-0.39729178184365277,0.9400000000000002,4.3,0,0.0016957337323624255,-0.003673312812508378
2017-07-05,11.069999694824219,0.07151645640949994,0.07564217723134901,0.0009040935649318182,0.0030588297091322936,-0.4072284175517467,0.9200000000000002,4.3,0,0.0023120251406978376,0.0007541336114345043
2017-07-06,12.539999961853027,0.07839319196500891,0.07824490592819364,0.2502492817253843,-0.00794944765150607,-0.36779520341428346,0.9700000000000002,4.3,0,-0.00914461030833602,-0.0018842666780216621
2017-07-07,11.1899995803833,0.08208451844275454,0.07913048551039967,-0.021853147654715577,-0.002007622657313357,-0.37466766234769827,0.9900000000000002,4.3,0,0.00648528088676259,-0.0016047697534667948
2017-07-10,11.109999656677246,0.08200103242252589,0.07845451923132248,-0.006261238514110645,0.0005829678398243665,-0.35998193791081745,0.98,4.3,0,0.0010737105744977882,0.0013237514719555143
2017-07-11,10.890000343322754,0.08204465138916375,0.07708216282590824,-0.029411757206084466,4.5409096917081726e-05,-0.3424075658832687,1.0,4.3,0,-0.000742374084143349,0.0013218244009847169
2017-07-12,10.300000190734863,0.08460260844165365,0.0765266640243798,-0.06955731936012333,0.0026578976718749647,-0.2972369828680012,0.98,4.3,0,0.007514719688201277,0.002923184724920702
2017-07-13,9.899999618530273,0.08459634541741283,0.07615056824688982,-0.21052634380810975,0.0056172137492989105,-0.2819131225721733,0.98,4.3,0,0.0016802316685884389,-0.001033766593734664
2017-07-14,9.510000228881836,0.08553276976935219,0.07634378944123421,-0.1501339959338871,0.012255283590484556,-0.284865971772647,0.98,4.3,0,0.004664058471674837,0.0014113170115239715
2017-07-17,9.819999694824219,0.08556268499108569,0.07487803882070752,-0.1161116113156423,0.011910520907209898,-0.26952741814815445,0.95,4.3,0,-0.00012222863157917985,0.0012216173572243694
2017-07-18,9.890000343322754,0.08056354019666545,0.0744189958212978,-0.091827361659649,0.004087390435934424,-0.2654241634424347,0.9099999999999999,4.3,0,0.0005296270565395833,0.0036612606827111094
2017-07-19,9.789999961853027,0.07815553508411781,0.07201107655670996,-0.04951458441142509,0.016378061901598517,-0.2432668447490628,0.8999999999999999,4.3,0,0.005414148925485307,0.0
2017-07-20,9.579999923706055,0.07806830230769118,0.07123917848374645,-0.03232320274288303,0.017081624603859202,-0.212828042565785,0.8999999999999999,4.3,0,0.0004451040889879021,0.00028107353427397896
2017-07-21,9.359999656677246,0.07818111703327543,0.07126167155305146,-0.015772930451572353,0.016636580892705588,-0.2127520710607024,0.8800000000000001,4.3,0,-0.0008902373238623973,0.0017759206516969606
2017-07-24,9.430000305175781,0.07826040436862067,0.07128545601006975,-0.039714806697396576,0.015177034795469835,-0.21144122679869706,0.8899999999999997,4.3,0,-0.00024307926313293926,-0.0006527996123986135
2017-07-25,9.430000305175781,0.07848095633415551,0.07112823574108215,-0.046511630149491556,0.01697540961010402,-0.2133994887318632,0.9300000000000002,4.3,0,0.0024308160672812384,-0.005604309838097343
2017-07-26,9.600000381469727,0.07121535469991722,0.07104357756653187,-0.019407515947256204,0.025276489724079143,-0.20922747601633465,0.9299999999999999,4.3,0,4.041299962342926e-05,0.003193210082363951
2017-07-27,10.109999656677246,0.0654648679787649,0.07111870997917472,0.05532356338121547,0.015236365503620508,-0.2041327486236215,0.9599999999999997,4.3,0,-0.0009297445208981125,-0.0015910840300251694
2017-07-28,10.289999961853027,0.05555572044862992,0.07111401490050202,0.09935901060769137,0.023037209908082668,-0.21562259351730975,0.9599999999999997,4.3,0,-0.0011728077205260812,0.0016876153844260777
2017-07-31,10.260000228881836,0.05580812145179427,0.07115082138114481,0.08801695618721217,0.02055426268280658,-0.21557258346461572,0.9599999999999997,4.3,0,-0.0005670923996781152,0.0002806344251624626
2017-08-01,10.09000015258789,0.055925151694799675,0.07089857801326868,0.06998937710000486,0.021097129998799202,-0.20899985039523394,0.9199999999999997,4.4,0,0.002228569559223015,0.002484721254713218
2017-08-02,10.279999732971191,0.05575418291421441,0.07088054174142117,0.07083326296674164,0.019236306707591133,-0.21386931272274176,0.9099999999999999,4.4,0,0.00048543538087564286,-0.0009355230542923421
2017-08-03,10.4399995803833,0.04279751273661158,0.07100631536292179,0.032640943116956755,0.026647328828208083,-0.22694067924243508,0.9000000000000001,4.4,0,-0.001939950149537184,0.0034630205603867203
2017-08-04,10.029999732971191,0.03829615300131533,0.07100823155877807,-0.025267272093848936,0.021890893646888232,-0.22857253764003072,0.9099999999999999,4.4,0,0.0018222560436018664,-0.002705461007621812
2017-08-07,9.930000305175781,0.03839413074462083,0.07083638412016442,-0.032163734536487354,0.02269258755191461,-0.22675432808841312,0.8999999999999997,4.4,0,0.0018590729818148688,0.0005617521062202258
2017-08-08,10.960000038146973,0.03995555734814574,0.07096634796159539,0.08622397149676386,0.020933944621927214,-0.21044614817427057,0.9299999999999999,4.4,0,-0.0024607177784686796,-0.0008412800197132864
2017-08-09,11.109999656677246,0.03190524966515125,0.0702497480171352,0.08073929428655369,0.013278085840583653,-0.20680558650475864,0.9100000000000001,4.4,0,-4.050996665572182e-05,0.0012156896746513546
2017-08-10,16.040000915527344,0.061113306411224894,0.07637973451912079,0.5363986168798716,-0.002700282085981831,-0.25838568529029027,0.8700000000000001,4.4,0,-0.014115249858173917,0.0037375489750737234
2017-08-11,15.510000228881836,0.05880202389643725,0.06644734500430201,0.5463609812367662,-0.005864121838983216,-0.06610850097698595,0.8899999999999999,4.4,0,0.0014768560394382568,0.0011171418041540093
2017-08-14,12.329999923706055,0.06906923902568035,0.06877272879933193,0.24169179705657506,0.0041134891075913504,-0.10148346150298461,0.8900000000000001,4.4,0,0.009913010630981933,-0.0024173811883696494
2017-08-15,12.039999961853027,0.06906848897450227,0.0677435541089232,0.09854013868129985,0.0034599286472583035,-0.09332705290026533,0.9199999999999999,4.4,0,-0.00012160072869515925,-0.00298301865257089
2017-08-16,11.739999771118164,0.06656416646185309,0.06715586559746226,0.05670568262009623,-0.00020277121607281678,-0.08099784891198979,0.8999999999999999,4.4,0,0.0017443160196264351,0.0018699976185230227
2017-08-17,15.550000190734863,0.08649114482832335,0.07480405709202258,-0.030548671871841404,-0.016228086711184697,-0.14905198520625124,0.8699999999999999,4.4,0,-0.015590595917969075,0.0035458046873040328
2017-08-18,14.260000228881836,0.08653306806939917,0.07477836419349833,-0.08059316451023135,-0.01689071051352209,-0.1558932104539505,0.8599999999999999,4.4,0,-0.0015631920006062838,0.00018567785649237223
2017-08-21,13.1899995803833,0.08670294512273774,0.07418758946950235,0.0697485532845612,-0.015881894492706716,-0.15938443122422305,0.8600000000000001,4.4,0,0.0007828196977925916,0.000651013845271553
2017-08-22,11.350000381469727,0.09494144783629006,0.07711705648574964,-0.057308935429357444,-0.008002552459576928,-0.18454436816629174,0.8900000000000001,4.4,0,0.010456778825350899,-0.001951075087427423
2017-08-23,12.25,0.09559629905546314,0.0775001533390814,0.043441246918632714,-0.011599265319941932,-0.19708206431944972,0.8499999999999999,4.4,0,-0.0035854614653145767,0.0034438887445631394
2017-08-24,12.229999542236328,0.09579613909962495,0.07768067343830264,-0.21350486223638032,-0.012985183137155798,-0.1888397809556861,0.8599999999999999,4.4,0,-0.0023306229491857344,-0.0015772510392912942
2017-08-25,11.279999732971191,0.09634346472285686,0.07614521835284832,-0.2089761885048942,-0.009517804793547802,-0.1794546474238814,0.8199999999999998,4.4,0,0.0023360674415759952,0.0016730780739613316
2017-08-28,11.319999694824219,0.09635872145730909,0.0758611953839963,-0.14177406710006435,-0.008915129783929165,-0.20630205765946516,0.8300000000000001,4.4,0,4.10288165499928e-05,0.000927539705490199
2017-08-29,11.699999809265137,0.09603836926112129,0.07586846526153915,0.030836952954365282,-0.009986898342637551,-0.20484009777298917,0.7999999999999998,4.4,0,0.001144750098576175,0.0023168305716134707
2017-08-30,11.220000267028809,0.09777820274564683,0.0761151586645058,-0.08408161085479116,-0.005779157637580634,-0.1976429458526984,0.8199999999999998,4.4,0,0.0047376854614262776,-0.0008322661312695212
2017-08-31,10.59000015258789,0.10002996335530824,0.07695549270209284,-0.13409643916867664,0.002145878619694397,-0.17864269797042776,0.79,4.4,0,0.0060156888242022255,0.001572876798247913
2017-09-01,10.130000114440918,0.09994873339634971,0.0769858490091466,-0.10195032320513708,0.0017381829851292885,-0.18129788151170134,0.81,4.3,0,0.0014146920660285112,-0.00294222051845916
2017-09-05,12.229999542236328,0.10295264455247811,0.07843998512933015,0.08038868126720744,-0.00730210989011304,-0.24058722044550288,0.7699999999999998,4.3,0,-0.007182310878072307,0.006959900479903469
2017-09-06,11.630000114440918,0.10346292354799973,0.07869582720810211,-0.005982879997039503,-0.0014562341510067078,-0.24926406685308175,0.8,4.3,0,0.0034136683231265064,-0.002396026930405415
2017-09-07,11.550000190734863,0.10346319611638133,0.07812481849234873,0.029411757206084577,-0.001536962238507078,-0.24841626217792334,0.7799999999999998,4.3,0,-0.00012135250953582144,0.004342067527094873
2017-09-08,12.119999885559082,0.08937990048221434,0.0781173343263829,0.14447589338299527,0.011568873265450197,-0.24405661779810514,0.79,4.3,0,-0.0011745170793353576,-0.0007361984079644612
2017-09-11,10.729999542236328,0.09627434649879546,0.08083322225005805,0.05922995271639486,0.020850434078881097,-0.31125782440086175,0.8200000000000001,4.3,0,0.010665818440552144,-0.005706944612357101
2017-09-12,10.579999923706055,0.09093893193900046,0.08105050839494149,-0.13491411940221232,0.01423701615677353,-0.3172030081149425,0.8399999999999999,4.3,0,0.003370449075132731,-0.002406895914300211
2017-09-13,10.5,0.09088991121474037,0.07939921887881367,-0.09716251963211953,0.01484725140761789,-0.2953163935463147,0.8500000000000001,4.3,0,0.00047999538352838655,-0.0020418449388062143
2017-09-14,10.4399995803833,0.09088656803165598,0.0780155625856208,-0.09610394736114192,0.01275618708828552,-0.2791647116033865,0.8300000000000001,4.3,0,-0.0003197500685628851,0.0001866342576177793
2017-09-15,10.170000076293945,0.06766464963718473,0.07801954235544999,-0.16089107489089594,0.030180555159354805,-0.2775463569753449,0.8100000000000003,4.3,0,0.0013460686100077446,0.0012085072653840179
2017-09-18,10.149999618530273,0.06671273706605536,0.07806167184353506,-0.0540540492497702,0.033988083247571854,-0.2793283650397294,0.8300000000000001,4.3,0,0.0021270117910769937,-0.0039004030873706075
2017-09-19,10.180000305175781,0.06667823394468525,0.07805597617597956,-0.037807147581732536,0.0342137503837141,-0.2798417513655845,0.8400000000000003,4.3,0,0.001001239809668819,-0.0011187022670257063
2017-09-20,9.779999732971191,0.058163328707034154,0.07805671451950479,-0.06857145400274367,0.023879841164927473,-0.27844725104165835,0.8299999999999998,4.3,0,0.0003602503098341092,-0.001959245392584519
2017-09-21,9.670000076293945,0.05725927226840186,0.07628161107274717,-0.07375474473544807,0.024810762639059458,-0.34638128004047697,0.8200000000000001,4.3,0,-0.0026795117105037347,-0.001310097224476836
2017-09-22,9.59000015258789,0.055858104549927005,0.07429262116808963,-0.057030473879545185,0.027410700091758944,-0.34418641408520767,0.7999999999999998,4.3,0,0.0002004570056404198,0.0017790522959972854
2017-09-25,10.210000038146973,0.056994604555563294,0.07194103026410573,0.005911371612976168,0.022920286522914557,-0.4228638213893487,0.7800000000000002,4.3,0,-0.002044754636080004,0.0029911016625940867
2017-09-26,10.170000076293945,0.056885771703997265,0.07189337797862254,-0.000982340725152242,0.023494656842398598,-0.4214173814806376,0.7900000000000003,4.3,0,0.0006025524198904897,-0.000838648753656579
2017-09-27,9.869999885559082,0.05770236418403145,0.07217881292665228,0.009202469841024019,0.02630565451957123,-0.4317698319520171,0.8400000000000001,4.3,0,0.003894364420670371,-0.005129493712614619
2017-09-28,9.550000190734863,0.05625976582903048,0.07210365267462089,-0.01240950202816049,0.022691800086257707,-0.4341864379048221,0.8600000000000001,4.3,0,0.0011997767273836946,-0.00018710475763139556
2017-09-29,9.510000228881836,0.05403489585034539,0.06940944356668755,-0.00834201485225905,0.020149703770104166,-0.48882659656060085,0.8600000000000001,4.3,0,0.0035150441760913864,-0.0012194325589018895
2017-10-02,9.449999809265137,0.05531174351364492,0.06879730886749215,-0.07443684877985268,0.023128352400409558,-0.4857063265334238,0.8499999999999999,4.3,0,0.00433863792403999,-0.0011376368589076646
2017-10-03,9.510000228881836,0.04576045255409914,0.06885143177129323,-0.06489673967166976,0.03273561815991566,-0.4830671512265375,0.8600000000000001,4.3,0,0.002140335071240562,0.0014120900989393892
2017-10-04,9.630000114440918,0.04528028311674932,0.06878052027299152,-0.02431608651478412,0.03044316716574147,-0.48173879942321507,0.8600000000000001,4.3,0,0.0011863057522356613,-0.00028163374242462513
2017-10-05,9.1899995803833,0.047436104309199506,0.0681953132066932,-0.037696398236811035,0.03667432772232715,-0.5293661276943632,0.8600000000000001,4.3,0,0.005924982298769477,-0.0010347031902558923
2017-10-06,9.649999618530273,0.04740630834165144,0.0682852223001817,0.014721281417350518,0.03671162961039198,-0.5229054700508368,0.8300000000000001,4.3,0,-0.001138577078349634,-0.00122377815897734
2017-10-09,10.329999923706055,0.03556686803363565,0.06796765165592862,0.09312170711137302,0.024077075535694492,-0.5383689280283332,0.8300000000000001,4.3,0,-0.0016513115788480137,0.001130984905072241
2017-10-10,10.079999923706055,0.035063730352085265,0.06806878544755968,0.05993687498483258,0.023329918601074695,-0.5359879759194783,0.8400000000000001,4.3,0,0.002638399499052646,0.0003764812141584528
2017-10-11,9.850000381469727,0.03499852523303263,0.06809125588496377,0.02284530263908313,0.024445830712498173,-0.5422549746228491,0.8400000000000001,4.3,0,0.0015709903049039298,0.001129721205744394
2017-10-12,9.90999984741211,0.03591183776823441,0.06752391663134058,0.07834606092536722,0.02324657128512997,-0.5493581858056278,0.8200000000000001,4.3,0,-0.0014900178642257567,0.0009393923496545664
2017-10-13,9.609999656677246,0.03590551995554044,0.06753489253541588,-0.004145073931010157,0.023114908004537416,-0.5375419501090142,0.7699999999999998,4.3,0,0.0012172233129879029,0.00338032138996347
2017-10-16,9.90999984741211,0.03572793803331219,0.06747725371950924,-0.04065828454946041,0.022305060723320835,-0.535746268693573,0.7599999999999998,4.3,0,0.0013337774929713664,-0.0016848160582326743
2017-10-17,10.3100004196167,0.035754913068545426,0.0674516327662225,0.022817509687647064,0.022002594387777075,-0.5371478565727785,0.7599999999999998,4.3,0,0.0007050765717935281,-0.0003745785007515101
2017-10-18,10.069999694824219,0.03565449437486833,0.06735490247413486,0.022334954805521168,0.02263407993547939,-0.5422089622536846,0.7499999999999998,4.3,0,0.0009783632618320937,-0.002532000124293554
2017-10-19,10.050000190734863,0.03291380832577945,0.06734770290004327,0.0141271791602815,0.025662409441504108,-0.5469422149055462,0.75,4.3,0,0.0002738565772424373,0.0010344308936454105
2017-10-20,9.970000267028809,0.0353925454692822,0.06789371254718206,0.03746104299820918,0.030748929544297976,-0.5654754244043023,0.79,4.3,0,0.005160704826512763,-0.004132308199939261
2017-10-23,11.069999694824219,0.038338401269323336,0.06844780787292003,0.11705346773693748,0.028843627147170592,-0.5644851889682447,0.7999999999999998,4.3,0,-0.0038894390851421656,0.0009429339241164847
2017-10-24,11.15999984741211,0.03822857007242588,0.06842953321376476,0.08244417004854121,0.030030776867917552,-0.5619058373625718,0.8199999999999998,4.3,0,0.0017571156687077316,-0.0030153902924447973
2017-10-25,11.229999542236328,0.043375173936555246,0.06933819983401159,0.11519363282685369,0.020955918989113087,-0.5511963826703138,0.8299999999999998,4.3,0,-0.004950224388755697,-0.0016059331493940565
2017-10-26,11.300000190734863,0.0433809366453754,0.06935120758585119,0.12437810709221475,0.021050661473794863,-0.5519115514127175,0.8300000000000001,4.3,0,0.0012926858851110001,-0.0013252633629617927
2017-10-27,9.800000190734863,0.04960779224156766,0.07083038172695326,-0.017051160656047615,0.025793026981966616,-0.4871224611269164,0.8299999999999998,4.3,0,0.0081759638659753,0.0032223633288965825
2017-10-30,10.5,0.05124157227994206,0.07139939327551645,-0.051490488756808395,0.017557197663082613,-0.499723127075417,0.79,4.3,0,-0.0037249396035232696,0.0035902341187497022
2017-10-31,10.180000305175781,0.05109236474181926,0.07138135487363602,-0.08781358025408759,0.016965653847076156,-0.5017685474266197,0.7799999999999998,4.3,0,0.0015577536504187695,-0.0006589259199963893
2017-11-01,10.199999809265137,0.05110666630850493,0.07108511168109337,-0.09171859082427691,0.01710399678538632,-0.5072011944013647,0.76,4.2,0,0.0013225021466858333,0.0006037908782119406
2017-11-02,9.930000305175781,0.04746859878705363,0.07106970311481267,-0.1212389258791674,0.011505718236521911,-0.5063364080622974,0.74,4.2,0,0.00038823456405556733,0.0013196824958854325
2017-11-03,9.140000343322754,0.04798086652499157,0.06411090795671211,-0.0673469218945616,0.01603962928582514,-0.46407678067295355,0.71,4.2,0,0.003338657958939839,0.0016008736441894822
2017-11-06,9.399999618530273,0.047149429270922597,0.06411300342324386,-0.10476194109235493,0.01929513179886877,-0.4636467276341116,0.7099999999999997,4.2,0,0.0015475072175539228,0.001222349072614648
2017-11-07,9.890000343322754,0.047060616521260944,0.06149436316158525,-0.028487225261239257,0.015905900445503995,-0.4500490734023743,0.69,4.2,0,-0.0006954469931527152,0.0003753318501498182
2017-11-08,9.779999732971191,0.047091371642924755,0.06147964775338453,-0.04117647883801323,0.0160378315720211,-0.46251063963429667,0.6699999999999999,4.2,0,0.0017010598211650851,-0.0012199613174462831
2017-11-09,10.5,0.049041096329642424,0.06215446112296365,0.057401780192002594,0.013862646189286343,-0.4600646929670902,0.7000000000000002,4.2,0,-0.0036276787368489938,-0.00037608722841409037
2017-11-10,11.289999961853027,0.04912417202152607,0.05196373278887865,0.2352297087276327,0.012316203206041543,-0.39628255726425093,0.73,4.2,0,-0.00030993162808390373,-0.0050764592443708345
2017-11-13,11.5,0.04906685966937625,0.05167116356272479,0.22340430496720276,0.011907739945645535,-0.39624338109255686,0.7,4.2,0,0.0009297455727035331,-0.00047272950475862885
2017-11-14,11.59000015258789,0.050143077897278066,0.05214938473389522,0.17189077353398607,0.008846398263828048,-0.40281650663628843,0.7,4.2,0,-0.00232237350214326,0.0014183306148223274
2017-11-15,13.130000114440918,0.05367316558718324,0.04984614468357434,0.34253583567859547,0.002815905213870762,-0.42605024724683127,0.6500000000000001,4.2,0,-0.005005097722115992,0.00358681868767019
2017-11-16,11.760000228881836,0.06133118257916429,0.05141488716661214,0.12000002179827018,0.01106380126303308,-0.4216246533806246,0.6500000000000001,4.2,0,0.008500844947539887,-0.002539356029620521
2017-11-17,11.430000305175781,0.05999221415906976,0.05159890352355614,0.012400384747191406,0.002916842111612361,-0.44288145073267227,0.6200000000000001,4.2,0,-0.002938688300414549,0.0013201072995869811
2017-11-20,10.649999618530273,0.058255121208189806,0.051545887423236805,-0.07391307664954139,0.008551055858057932,-0.4517378735527195,0.6000000000000001,4.2,0,0.0017065381480945163,-0.001600736178893447
2017-11-21,9.729999542236328,0.062051542115465916,0.05273801625754027,-0.160483225700066,0.013368988133954929,-0.4351986718189414,0.5899999999999999,4.2,0,0.006542592727262431,0.00018822563796705438
2017-11-22,9.880000114440918,0.05875689025978599,0.05289561483290039,-0.24752475031782484,0.017509720057298894,-0.4450236892625912,0.5799999999999998,4.2,0,-0.0008843466882976214,0.0032067929196528677
2017-11-24,9.670000076293945,0.058963290584877794,0.05240906252144622,-0.17772109795159519,0.01854295516716964,-0.44592500723052564,0.5899999999999999,4.2,0,0.0023094533300991316,-0.0008462079666914368
2017-11-27,9.869999885559082,0.05250211595573752,0.05145568386131289,-0.13648297270038512,0.009778718668376873,-0.47798375497484114,0.5799999999999998,4.2,0,-0.0004990679870205961,0.0006586509607657831
2017-11-28,10.029999732971191,0.06023986482373042,0.05481157507478363,-0.05821595378091138,0.023836148720986827,-0.444198959809258,0.5899999999999999,4.2,0,0.0101445020035964,0.0001881497552869149
2017-11-29,10.699999809265137,0.06055217973371235,0.05217647152665409,0.09969170736526722,0.0216217615400629,-0.3495086128545746,0.5900000000000001,4.2,0,-0.0006084490700155598,-0.003196542270532454
2017-11-30,11.279999732971191,0.06641529548999618,0.05425984508141356,0.14170036460667546,0.029204821579588813,-0.3703675496982105,0.6399999999999999,4.2,0,0.008754889492527562,-0.0031122143712455363
2017-12-01,11.430000305175781,0.06750390506879443,0.0546202827946017,0.18200622699026492,0.026670096759184858,-0.3870479116619748,0.5900000000000001,4.1,0,-0.002075520788642704,0.0036956701918109403
2017-12-04,11.680000305175781,0.06763539395263543,0.05462696499809501,0.18338403653529256,0.022015958343718944,-0.38849179747856905,0.5700000000000001,4.1,0,-0.0012097135252099322,-0.0004721831835319268
2017-12-05,11.329999923706055,0.06961793366712436,0.05186072289734166,0.12961118896757573,0.016766526239913038,-0.3157346905154081,0.5299999999999998,4.1,0,-0.003596791748574635,0.0007555863247048489
2017-12-06,11.020000457763672,0.06942947231817609,0.05164842598170822,0.029906603196520276,0.017667458433264116,-0.3081813094672936,0.55,4.1,0,0.00019001256863626637,0.0020759642369974074
2017-12-07,10.15999984741211,0.06984592224772632,0.05183586746186043,-0.09929077234685979,0.01914275713402347,-0.31857639635342494,0.5700000000000001,4.1,0,0.0031532122505830706,-0.001789195833816093
2017-12-08,9.579999923706055,0.06937510577815305,0.05255811280859911,-0.16185479720696083,0.028430827370985456,-0.31914193430421345,0.5799999999999998,4.1,0,0.005452870614334637,-0.0007547143968794634
2017-12-11,9.34000015258789,0.06928402199624291,0.05270420619493896,-0.20034247358289548,0.03184927143824434,-0.3223344925111245,0.5700000000000001,4.1,0,0.003012979833117324,-0.0006612692591596581
2017-12-12,9.920000076293945,0.06924380926346227,0.052679675861535526,-0.12444835453722558,0.032710121514837764,-0.3227483442907617,0.5699999999999998,4.1,0,0.0017648001412258196,-0.0008503011838714158
2017-12-13,10.180000305175781,0.0680084351793589,0.05273865545937573,-0.07622505605216234,0.03499782298869847,-0.3245934590339429,0.5699999999999998,4.1,0,-0.00011227743643504873,0.004066193204367519
2017-12-14,10.489999771118164,0.06687029795261171,0.053778101204173964,0.03248030793918866,0.035953520071156264,-0.3197209196717869,0.53,4.1,0,-0.0040863385672208485,-0.0003760685438601863
2017-12-15,9.420000076293945,0.066641856867641,0.05525931602143692,-0.01670144558312403,0.03577571372475785,-0.32586204187972423,0.51,4.1,0,0.008327750453331673,-0.0001892886141101613
2017-12-18,9.529999732971191,0.06608877429015496,0.05621054134022636,0.02034256716052152,0.0454157819977592,-0.34058611349622436,0.55,4.1,0,0.006341061156721839,-0.002261107443686683
2017-12-19,10.029999732971191,0.0695171289482168,0.05678449361284691,0.0110886749829886,0.03962685533115562,-0.2582899744465776,0.5899999999999999,4.1,0,-0.0038403512242040083,-0.004533869506365806
2017-12-20,9.720000267028809,0.06783598378997016,0.05688796522059269,-0.045186642864155524,0.03232781428169962,-0.2448729636799015,0.6200000000000001,4.1,0,-0.000524169414046316,-0.0029410224827399745
2017-12-21,9.619999885559082,0.06720758013711212,0.056647707013809986,-0.08293612054734545,0.03536969230901321,-0.2252938810137636,0.5900000000000001,4.1,0,0.0020596677134345764,0.000705391346975226
2017-12-22,9.899999618530273,0.06754132516252763,0.056729137057331486,0.05095536500517439,0.03271428468171145,-0.22664539722119373,0.5700000000000001,4.1,0,-0.00026116486266813954,0.0003805861929948584
2017-12-26,10.25,0.0678759738079787,0.05672854922913893,0.07555092205698655,0.031993729910049895,-0.2239898222631734,0.5500000000000003,4.1,0,-0.0011964488371984938,0.0003813259439895411
2017-12-27,10.470000267028809,0.059912024337582755,0.05634257502749857,0.04386844922948718,0.02212662594739978,-0.21606896611448698,0.53,4.1,0,0.0004863029955095577,0.004282202730423679
2017-12-28,10.180000305175781,0.05964958658190898,0.05633601956802508,0.04732510550512403,0.024853353362449315,-0.22260778259522776,0.5200000000000002,4.1,0,0.0020576279806276965,-0.0012315515982965763
2017-12-29,11.039999961853027,0.05510273424979412,0.05719520246338962,0.14760915729589108,0.012127982163908202,-0.2355998457480303,0.51,4.1,0,-0.003770590738394697,0.001612476399505569
2018-01-02,9.770000457763672,0.05876219735110792,0.05770461878125871,-0.013131228866239186,0.021492115744810247,-0.2621102392653855,0.54,4.1,0,0.007157203028565151,-0.0033151639443093073
2018-01-03,9.149999618530273,0.06093160096872984,0.05854946596504813,-0.10731711038729042,0.02919837847183948,-0.2514204135571526,0.5,4.1,0,0.006325283796984049,0.0010454171451943495
2018-01-04,9.220000267028809,0.05862075237492275,0.058599876966857166,-0.11938872665900391,0.03726729087892,-0.24737907180380805,0.5,4.1,0,0.004215006615752914,-0.00047457307168308205
2018-01-05,9.220000267028809,0.06067554819821112,0.05959044117128499,-0.09430255494775219,0.04398107543098506,-0.25699379725288457,0.5100000000000002,4.1,1,0.006663811862763325,-0.0012349170978168678
2018-01-08,9.520000457763672,0.06057041603750872,0.0595981653952637,-0.13768111497658275,0.04260289004716,-0.25876240266241607,0.5300000000000002,4.1,1,0.0018289247444229773,-0.00047565054467868517
2018-01-09,10.079999923706055,0.05926944557193159,0.059347778383271765,0.03172972890661874,0.039295531057219835,-0.2535960214011367,0.5699999999999998,4.1,1,0.0022633594185264005,-0.004757089288314309
2018-01-10,9.819999694824219,0.06035790173936153,0.05963972467308286,0.07322405510674379,0.034588303049658764,-0.2570930825969472,0.5699999999999998,4.1,1,-0.0015299154738750431,-0.00028690866835467954
2018-01-11,9.880000114440918,0.06353624269735705,0.06089232841048007,0.07158349547692566,0.04030093749373376,-0.24123719656945072,0.56,4.1,1,0.007296194692353097,0.00066940874876531
2018-01-12,10.15999984741211,0.06497695193779558,0.061768205466885655,0.10195222919296287,0.04720029369170331,-0.24219821076897705,0.5599999999999998,4.1,1,0.006519055197526269,-0.0006689609404593178
2018-01-16,11.65999984741211,0.06414239456859903,0.06257805866902423,0.2247898410449385,0.04790215986945845,-0.25005054222002066,0.5100000000000002,4.1,1,-0.0034188462840974987,0.0004781110269587163
2018-01-17,11.90999984741211,0.06575283202435474,0.06469181694782784,0.1815476128528808,0.04915345295144169,-0.26806797996660475,0.52,4.1,1,0.009531787993125596,-0.0021984728539889975
2018-01-18,12.220000267028809,0.06555748957029829,0.06459295881353296,0.24439925120054196,0.04079044837710066,-0.22644270637335398,0.5700000000000003,4.1,1,-0.001680677583331125,-0.0031611877314906556
2018-01-19,11.270000457763672,0.062312789946827984,0.06391722029192796,0.1406882922289734,0.04955613661056657,-0.22813110623143884,0.5800000000000001,4.1,1,0.004549449936580574,-0.0025944173909270285
2018-01-22,11.029999732971191,0.06441163939765415,0.06530183934260964,0.08562991128200492,0.05864505351889937,-0.2272414472281302,0.5800000000000001,4.1,1,0.008131063459364984,-0.000385828717115011
2018-01-23,11.100000381469727,0.06440161579814674,0.06381191892967211,-0.048027399079827005,0.05871168818042727,-0.24532904176661974,0.5699999999999998,4.1,1,0.002122740701464787,0.0028915187906630724
2018-01-24,11.470000267028809,0.06448530185628877,0.06396514864868913,-0.03694370999332186,0.05857654602549833,-0.2377591823208707,0.5699999999999998,4.1,1,-0.00038877926615021874,-0.0019221808743091762
2018-01-25,11.579999923706055,0.06338096732975651,0.06262412579602267,-0.052373185706841574,0.060294109822853326,-0.2953507224041814,0.5499999999999998,4.1,1,0.0004241319574429525,0.0022153109380049774
2018-01-26,11.079999923706055,0.06960964606704917,0.06480599841170769,-0.016858964182803526,0.07204843259890259,-0.2997434338586073,0.5300000000000002,4.1,1,0.01157760193745161,-0.002979028783590132
2018-01-29,13.84000015258789,0.07827780760645948,0.06713565002488854,0.25475979035765217,0.06275408255225656,-0.25264837185803474,0.5900000000000003,4.1,1,-0.006629922020061851,-0.0025053269872092887
2018-01-30,14.789999961853027,0.08850246040480203,0.07153063993296806,0.3324323832045415,0.05583458995174739,-0.19472649290904978,0.6000000000000001,4.1,1,-0.010256947402619732,-0.002318542206938057
2018-01-31,13.539999961853027,0.08723731197395276,0.07152315614979145,0.18047076256611394,0.04885213092201579,-0.19332077208636692,0.5800000000000001,4.1,1,0.0004966579265455184,0.00029015390392861384
2018-02-01,13.470000267028809,0.08680581604820706,0.07164603854708049,0.16321246595637962,0.04107618810338742,-0.17183153744499413,0.6199999999999997,4.1,1,-0.0011353749870777197,-0.005158654205930313
2018-02-02,17.309999465942383,0.12056569051167666,0.08609372474133059,0.5622743307883082,0.014137598271645846,-0.04108545908994189,0.69,4.1,1,-0.021769773821291305,-0.003703214147579903
2018-02-05,37.31999969482422,0.19111572575696972,0.12312394737933222,1.6965317401276105,-0.034708420129851425,-0.3481630177796768,0.69,4.1,1,-0.04182223101955451,0.008217282100732026
2018-02-06,29.979999542236328,0.20547706888067346,0.1292777967238126,1.0270452751563197,-0.017487081187212428,-0.38463451864490844,0.69,4.1,1,0.019702110251629046,-0.004365966790678244
2018-02-07,27.729999542236328,0.20576844229748797,0.1295898286881132,1.0480058803812078,-0.025023665761586655,-0.368600687413136,0.69,4.1,1,-0.0054247253174805055,-0.0029238600376595425
2018-02-08,33.459999084472656,0.24285809324279684,0.1514358534871822,1.4840384870944927,-0.06015605547731295,-0.36286659417259953,0.7200000000000002,4.1,0,-0.037508881216122614,0.0008801019529252052
2018-02-09,29.059999465942383,0.24867390517132312,0.15448829932037017,0.6787984033805579,-0.05294811904183683,-0.3679785109005266,0.7800000000000002,4.1,0,0.015021442043632094,-0.001758203174150541
2018-02-12,25.610000610351562,0.2542704161644141,0.15714720579838112,-0.3137727540254154,-0.045265342655939844,-0.3578277807023051,0.77,4.1,0,0.014684247606418621,-0.00029356510729605656
2018-02-13,24.969999313354492,0.2547556611455692,0.15675159552968956,-0.16711141779117322,-0.03960684089482125,-0.34570971195070727,0.73,4.1,0,0.0024876704323757437,0.0016633281795335186
2018-02-14,19.260000228881836,0.2574879616845161,0.158135603470156,-0.3054453463099991,-0.03583544128466343,-0.3670969814031914,0.7400000000000002,4.1,0,0.013496151707697024,-0.006056843305867754
2018-02-15,19.1299991607666,0.26255201149296364,0.15980285895529472,-0.42827257369400196,-0.02188869650524017,-0.3525724300321763,0.71,4.1,0,0.012760119552651217,0.0002948589778131172
2018-02-16,19.459999084472656,0.26179794068836865,0.15980578539404786,-0.3303510171333862,-0.026033523835902406,-0.3501909009705533,0.6600000000000001,4.1,0,0.00029258877955040674,0.0023581764929945237
2018-02-20,20.600000381469727,0.2599819697200843,0.16008528972373773,-0.19562671259198616,-0.03993744004609756,-0.35008939593590854,0.6299999999999999,4.1,0,-0.0062605713435481825,-0.0010777424986548878
2018-02-21,20.020000457763672,0.25974355867963417,0.16049368028359234,-0.19823784508249687,-0.04673673872882822,-0.34033624768872933,0.6800000000000002,4.1,0,-0.004974434123385274,-0.0029441406167146633
2018-02-22,18.719999313354492,0.259973429796264,0.1604659669056968,-0.028037430379547534,-0.045129954386836424,-0.33769053878169497,0.6699999999999999,4.1,0,0.0012961274357117247,0.0013775388672208067
2018-02-23,16.489999771118164,0.26774952263013585,0.1634211760764736,-0.13800311058365167,-0.030321390362321843,-0.28084524675978517,0.6299999999999999,4.1,0,0.015939169713442558,0.0038336225850670314
2018-02-26,15.800000190734863,0.267771892120014,0.16379768430529815,-0.18807806094184998,-0.03028807920699128,-0.272113901208574,0.6399999999999997,4.1,1,0.01161235243962011,0.0011752949726984152
2018-02-27,18.59000015258789,0.2700861358323964,0.16610865049463705,-0.09757282483790086,-0.03600527736781989,-0.24979856351483884,0.6299999999999999,4.1,1,-0.012486603227203075,-0.003129926656604054
2018-02-28,19.850000381469727,0.2700331138446929,0.16678584389365506,-0.008491512108233734,-0.03588162780989057,-0.25470761732292174,0.6200000000000001,4.1,1,-0.010129995161031524,0.002353928095896407
2018-03-01,22.469999313354492,0.27367190592004603,0.16955811214456262,0.20032052016822566,-0.050372225512703706,-0.2855148380059794,0.5899999999999999,4.0,1,-0.01454070158366616,0.004303493628786681
2018-03-02,19.59000015258789,0.2749767306978855,0.16981039195202077,0.18799274860508497,-0.04439213914086382,-0.2906011357224139,0.6099999999999999,4.0,1,0.005154770364428796,-0.003709102040037715
2018-03-05,18.729999542236328,0.2687732035211893,0.17110282839437554,0.18544299469183678,-0.011835111279085653,-0.29031133158365086,0.6399999999999997,4.0,1,0.01155798543374531,-0.0012735151140429446
2018-03-06,18.360000610351562,0.21990637193813758,0.17114027429467804,-0.012372218415733105,0.033910582629342434,-0.2912604375849185,0.6299999999999999,4.0,1,0.002535251653582149,-9.77591441823078e-05
2018-03-07,17.760000228881836,0.20948129777278301,0.17108051651999145,-0.10528967820771118,0.013562199789437068,-0.2903817127868758,0.6400000000000001,4.0,1,-0.0003666357992063718,0.0
2018-03-08,16.540000915527344,0.2086304383527594,0.1710120521784618,-0.26390736889354505,0.024021997566044728,-0.2812052474769136,0.6099999999999999,4.0,1,0.0048391304665595936,0.002059957474249252
2018-03-09,14.640000343322754,0.15821814481670565,0.1743625214307405,-0.2526799270397774,0.08244351213064038,-0.29026541004774425,0.6299999999999999,4.0,1,0.01740223304507227,-0.0021537438709611223
2018-03-12,15.779999732971191,0.15368594346412218,0.17440936595965795,-0.1575013284230391,0.06508590865266584,-0.2907853226317978,0.6000000000000001,4.0,1,-0.00125500981292348,0.0023548578279803944
2018-03-13,16.350000381469727,0.1510402843704398,0.1750454859088702,-0.109477133009929,0.04288841829503731,-0.3020315193502806,0.5800000000000001,4.0,1,-0.006462820080143206,0.0016639469103567617
2018-03-14,17.229999542236328,0.15321644280382835,0.17518201949799272,-0.029842380620221265,0.03496248816848824,-0.3075656822978012,0.5500000000000003,4.0,1,-0.005131214856966992,0.0019542475106242296
2018-03-15,16.59000015258789,0.14702579962288487,0.17450158856824458,0.003022928312755413,0.02006753677887696,-0.31025504406334437,0.5299999999999998,4.0,1,-0.0010898609119088798,-0.0003897800484284897
2018-03-16,15.800000190734863,0.14036628763832268,0.1740927731265801,0.0792349603967859,0.008307794252687684,-0.30623025388588104,0.54,4.0,1,0.0010846198260938689,-0.0011712419746520153
2018-03-19,19.020000457763672,0.1488904263894102,0.17624295445570648,0.20532324332190766,-0.005626243122715424,-0.3144359539037625,0.54,4.0,1,-0.013530684627478307,-0.0009764707904681424
2018-03-20,18.200000762939453,0.14729428357205476,0.17625568269887876,0.11314986778632896,0.0023402676465935635,-0.31851036116608517,0.5500000000000003,4.0,1,0.0017008574507311192,-0.001956027728701293
2018-03-21,17.860000610351562,0.1462781535830109,0.1762814759381908,0.03656419529036525,0.0054177998419739914,-0.3210434252906286,0.5800000000000001,4.0,1,-0.0019193605989006324,0.0006859832035741587
2018-03-22,23.34000015258789,0.17152452720186848,0.18375127671881009,0.40687160566102,-0.020983676598645307,-0.36241511991695824,0.54,4.0,1,-0.024997117146522863,0.004112352308682565
2018-03-23,24.8700008392334,0.17367767117242117,0.18881610753129033,0.5740506670257632,-0.0568834185042999,-0.37040054788251003,0.54,4.0,1,-0.021314503297692355,0.0013650496361161668
2018-03-26,21.030000686645508,0.1983335738704843,0.19722542812598784,0.105678242928821,-0.04220292227438838,-0.39700816810472006,0.52,4.0,1,0.027359049738239882,-0.00272601690404628
2018-03-27,22.5,0.2020977514144433,0.2002268470781791,0.23626368443987156,-0.0465920648497582,-0.4240094522635251,0.52,4.0,1,-0.017011921997036716,0.005662442878667351
2018-03-28,22.8700008392334,0.20000750795328306,0.200173655222298,0.28051512081013397,-0.039681255210771704,-0.4228105032091738,0.4900000000000002,4.0,1,-0.002954888977646619,-0.00019422546123148976
2018-03-29,19.969999313354492,0.20069939867665065,0.20139558475884392,-0.14438735292209237,-0.013059770481320676,-0.39586895690088775,0.4700000000000002,4.0,0,0.01277771722949983,0.0020389540869738543
2018-04-02,23.6200008392334,0.2126516990975563,0.20560818587521257,-0.05026135737108928,-0.03931463621699249,-0.4052223468772557,0.48,4.0,0,-0.021584643786677793,0.0010196913245996697
2018-04-03,21.100000381469727,0.2137541746490059,0.20723065720069953,0.0033285636014586117,-0.038118771301320686,-0.41629249657853695,0.5100000000000002,4.0,0,0.01281717678874239,-0.003200314033000029
2018-04-04,20.059999465942383,0.21790218138146245,0.20799235852755385,-0.1084444681803386,-0.030286048348404537,-0.4134571207003328,0.5100000000000002,4.0,0,0.010699025560843234,-0.0005838661002808276
2018-04-05,18.940000534057617,0.2204027927577993,0.20864749253467207,-0.1718408465658594,-0.02227466841482606,-0.4183501729302105,0.5300000000000002,4.0,0,0.00789192608005096,-0.0025311445168946234
2018-04-06,21.489999771118164,0.23156462594268487,0.2133424403405211,0.07611419679655196,-0.04866778611336675,-0.4489491123798591,0.5,4.0,0,-0.0222859082142991,0.00439235667318516
2018-04-09,21.770000457763672,0.22143554768033175,0.21365433608867973,-0.07832346806681012,-0.060331357900973104,-0.44730203691751996,0.48999999999999977,4.0,0,0.004928626234774303,0.0001939568821005544
2018-04-10,20.469999313354492,0.231392452252289,0.215740494503655,-0.02985786998698392,-0.04419061379175637,-0.45680931111429307,0.48,4.0,0,0.015900492238269726,-0.0017486865539755314
2018-04-11,20.239999771118164,0.23113160317824474,0.21544838380071152,0.008973096209767384,-0.04301658848889778,-0.4577951680945298,0.4700000000000002,4.0,0,-0.005242453545363679,0.0009738141790152088
2018-04-12,18.489999771118164,0.23365447246872817,0.2161446138789018,-0.023759279316295068,-0.030166924349156465,-0.46330904427216985,0.4900000000000002,4.0,0,0.008227146007423025,-0.003597710459634862
2018-04-13,17.40999984741211,0.23371076031467436,0.2151762702920437,-0.1898557453308788,-0.031956348417586655,-0.4589236411824954,0.44999999999999973,4.0,0,-0.002932934622179695,0.0008781371368020707
2018-04-16,16.559999465942383,0.23612606457178478,0.2159444193956767,-0.2393202058920162,-0.025054871231605547,-0.4643317218327761,0.43999999999999995,4.0,0,0.0082216561091919,-0.00048744596790339934
2018-04-17,15.25,0.23495357287882368,0.21693147578273475,-0.255007302806747,-0.0011089662075551843,-0.4558136576620216,0.4099999999999997,4.0,0,0.010698269226459,0.0005849859615092434
2018-04-18,15.600000381469727,0.23488873517912504,0.21620898191535,-0.22924898429443508,-0.002066699788244475,-0.4514200109465364,0.4500000000000002,4.0,0,0.0007404298199578108,-0.003899008277303828
2018-04-19,15.960000038146973,0.2356340480231116,0.2163704313535312,-0.13683070655972174,-0.005694449712116856,-0.45100925942084136,0.48,4.0,0,-0.005547646139464901,-0.0027395004514865207
2018-04-20,16.8799991607666,0.21928897779087636,0.21695358797809922,-0.030442314261380554,0.011150176633089925,-0.43579673259546226,0.5,4.0,0,-0.008479499154336212,-0.003336840831267951
2018-04-23,16.34000015258789,0.20347735826746555,0.2169424277093268,-0.013284983118927451,0.033016612424101366,-0.440290677425941,0.48999999999999977,4.0,0,-0.00015012626668231555,-0.0009840402507964585
2018-04-24,18.020000457763672,0.1860654924038786,0.2168838174430574,0.181639374279585,-0.008034406298303431,-0.4236135234298644,0.52,4.0,0,-0.013467143256342906,-0.0011827404095289262
2018-04-25,17.84000015258789,0.17545874188661165,0.21672554888259835,0.14358972540660453,0.011627073345332306,-0.4330302126059889,0.5399999999999996,4.0,0,0.002471616755018058,-0.0021707730114026713
2018-04-26,16.239999771118164,0.1780587595883352,0.2170894149774343,0.01754384287606192,0.024939525561415543,-0.42269100233104084,0.5099999999999998,4.0,0,0.010165672687307392,0.0028675947439955607
2018-04-27,15.40999984741211,0.17281225844364811,0.21710240904734857,-0.0870852717084929,0.012958305979249962,-0.4199855884556734,0.46999999999999975,4.0,0,0.0009386653484591001,0.001676071416231606
2018-04-30,15.930000305175781,0.15518719122829755,0.21756431610301724,-0.025091789692986866,0.02734289021143166,-0.4349242667300656,0.45999999999999996,4.0,0,-0.007690589093177991,0.001082868076852428
2018-05-01,15.489999771118164,0.1492442235707335,0.21321695939734378,-0.14039959058688545,0.01614422025300688,-0.48735348896626846,0.4700000000000002,3.8,0,0.0017768460489768767,-0.0015662692444833315
2018-05-02,15.970000267028809,0.14677342373998375,0.19555710208480453,-0.10482062049129626,-0.001365723817572162,-0.3872388263278346,0.48,3.8,0,-0.006717088271258831,0.00019741110991122746
2018-05-03,15.899999618530273,0.1438951046467424,0.1912826475674765,-0.020935970282004557,-0.011368575770885347,-0.356404092078346,0.44999999999999973,3.8,0,-0.00220365541757106,0.002564472321742839
2018-05-04,14.770000457763672,0.12655349188154902,0.1928665702146937,-0.04153143387317526,0.024256795168984935,-0.36566515741328265,0.4400000000000004,3.8,0,0.012946056236116554,9.816122504480163e-05
2018-05-07,14.75,0.12607232558137504,0.1763673120768739,-0.07407409181231406,0.02268176839529157,-0.37894623256362603,0.45999999999999996,3.8,0,0.003383320897835329,-0.000491484328069336
2018-05-08,14.710000038146973,0.11339829501894531,0.17383248637055848,-0.05035505129093276,0.006675138174292217,-0.36789254524555176,0.4600000000000004,3.8,0,0.0,-0.001673394552751395
2018-05-09,13.420000076293945,0.11595391472365794,0.17237769159343327,-0.15967439875373823,0.021762212619928167,-0.3794687268561302,0.45999999999999996,3.8,0,0.009666011548884912,-0.002267842138605203
2018-05-10,13.229999542236328,0.1169341252251916,0.17330676101178827,-0.1679245371290612,0.022900979465107163,-0.366464253282166,0.43000000000000016,3.8,0,0.009350827850519217,0.002075273654768006
2018-05-11,12.649999618530273,0.11608325500665855,0.17127089149703456,-0.14353424329916287,0.029040061574180376,-0.33751021029200506,0.43000000000000016,3.8,0,0.0030511016682224223,9.829285336326876e-05
2018-05-14,12.930000305175781,0.11332041730590976,0.1693001463298675,-0.12338980981859116,0.02113475119585373,-0.341673138492606,0.4500000000000002,3.8,0,0.0004762772660191761,-0.002169055463935754
2018-05-15,14.630000114440918,0.11066551021686684,0.1699071017701574,-0.005438472025737107,0.0033679139920401724,-0.30300072942979245,0.5,3.8,0,-0.006886982465830416,-0.005534245480933175
2018-05-16,13.420000076293945,0.1115732796805198,0.16961355174449289,0.0,0.006841832950662985,-0.31146324671250125,0.5099999999999998,3.8,0,0.004205251749513028,-0.0020867309352404773
2018-05-17,13.430000305175781,0.1094976962998064,0.1692889588119495,0.015117216164744152,0.011603106063028834,-0.3251972021207346,0.54,3.8,0,-0.0008449618657204727,-0.0005971667388235957
2018-05-18,13.420000076293945,0.10488173038646312,0.16936685060862988,0.060869603239808834,0.0177037598145533,-0.3266481208906307,0.5100000000000002,3.8,0,-0.002499957151209209,0.003885650285037512
2018-05-21,13.079999923706055,0.1073676769100018,0.16688119685714728,0.011600898297754014,0.0255092331152873,-0.3776592379625923,0.48,3.8,0,0.007518413245827471,0.0006948705709672875
2018-05-22,13.220000267028809,0.0937320704240336,0.1652165505958554,-0.09637729571993181,0.036618509437094104,-0.3926435314476969,0.4700000000000002,3.8,0,-0.0027800955417029982,-0.00039689778975715573
2018-05-23,12.579999923706055,0.09376326387769965,0.16331700188604503,-0.06259315557469536,0.036907783757337054,-0.40679137179627,0.48,3.8,0,0.002751362189678419,0.004564488579209325
2018-05-24,12.529999732971191,0.08927860384315783,0.1619991309339253,-0.06701418851477903,0.024370221491824884,-0.3964412196396707,0.48,3.8,0,-0.002048542711777568,0.002568221634591916
2018-05-25,13.220000267028809,0.09019114154191976,0.15916916721614127,-0.014903115359770402,0.020970835900954832,-0.36726768356958905,0.4500000000000002,3.8,0,-0.0023829623257377586,0.003941114766487619
2018-05-29,17.020000457763672,0.09592278144956086,0.16069276831214307,0.3012232841773035,0.017050449920215316,-0.3852704301658418,0.4500000000000002,3.8,0,-0.011500919189083247,0.010794749422578409
2018-05-30,14.9399995803833,0.10567714827430624,0.16127693204688556,0.130105845583395,0.028794661257199428,-0.4017108753447281,0.41999999999999993,3.8,0,0.013344688129396376,-0.004271768980239177
2018-05-31,15.430000305175781,0.10509055489722095,0.16170437780427094,0.22655011118872248,0.029407483046975047,-0.39769463090396684,0.43000000000000016,3.8,0,-0.006125419754068551,-0.00048761512472517143
2018-06-01,13.460000038146973,0.1081342190414612,0.16294814860474618,0.07422189345532049,0.04180918670297351,-0.4103068147604398,0.41999999999999993,4.0,0,0.009817215596424678,-0.0036946830593920232
2018-06-04,12.739999771118164,0.10087332163404768,0.1629375475776549,-0.03630866007679168,0.033381376870882606,-0.4215301469326329,0.41999999999999993,4.0,0,0.0047517373137222485,-0.0035320915305886436
2018-06-05,12.399999618530273,0.10071273006897409,0.15893846877551351,-0.27144540040984466,0.0306462765704536,-0.4077040440699224,0.4299999999999997,4.0,0,0.0007276178980937242,0.0025600021763327874
2018-06-06,11.640000343322754,0.10336594707290492,0.15986169376866916,-0.2208834892735574,0.0392627541120496,-0.4189799367099014,0.4500000000000002,4.0,0,0.008360266502167812,-0.004026427022683521
2018-06-07,12.130000114440918,0.09943370104181888,0.15928544715615245,-0.21386909432710277,0.029202171824192824,-0.4082882789365688,0.43000000000000016,4.0,0,-0.0001080594954667724,0.004239590825541484
2018-06-08,12.180000305175781,0.09520295695982742,0.15900104691768166,-0.0950965623583615,0.022681721967487745,-0.4058952013480511,0.43000000000000016,4.0,0,0.002956145016574263,-0.0013746454642759032
2018-06-11,12.350000381469727,0.09494017413340937,0.15898868463799898,-0.03061219753963995,0.020927088949810546,-0.40645652734025733,0.43999999999999995,4.0,0,0.0013301492510633395,-0.0009831636062299642
2018-06-12,12.34000015258789,0.09491860639211873,0.1589934620206882,-0.004838666757111865,0.021759798032113586,-0.40665106925393607,0.41999999999999993,4.0,0,0.001292305846047448,-0.0005900073476717838
2018-06-13,12.9399995803833,0.09164725946949834,0.15653543593550634,0.11168377995850198,0.025562330768297947,-0.41813430244829264,0.3900000000000001,4.0,0,-0.0031910602273771405,-0.0011817090057218982
2018-06-14,12.119999885559082,0.09112688933691114,0.15657103135721342,-0.0008244211696197823,0.02383931593226918,-0.41045678910615835,0.3500000000000001,4.0,0,0.0025181182664744117,0.0031550430564171172
2018-06-15,11.979999542236328,0.09126750513742317,0.15653376074960867,-0.01642042347523298,0.0233977884945602,-0.41036278120616665,0.38000000000000034,4.0,0,-0.001275844287401795,0.0007859858265473196
2018-06-18,12.3100004196167,0.09104435151840996,0.14734508405580715,-0.003238863207894682,0.023852261798757768,-0.37743801023355034,0.3599999999999999,4.0,0,-0.002056984589115074,0.0004912284383187249
2018-06-19,13.350000381469727,0.08949044434902118,0.14026687184297731,0.08184766745485184,0.012317022100414077,-0.382760401257591,0.3500000000000001,4.0,0,-0.0038328010171243543,0.0026499389271887885
2018-06-20,12.789999961853027,0.08863763359119574,0.1292564488405684,-0.0115919338017344,0.016870984561765834,-0.3643211789346775,0.3700000000000001,4.0,0,0.001705951725578192,-0.0032300038076951143
2018-06-21,14.640000343322754,0.0917999666755737,0.12473758198003197,0.2079208318117427,0.007723961727858164,-0.3246053212492913,0.33999999999999986,4.0,0,-0.006268650915163931,0.002651499664039658
2018-06-22,13.770000457763672,0.0914580478337393,0.12448185179579377,0.149415774951958,0.011633651443528459,-0.3255447332921047,0.33999999999999986,4.0,0,0.0018232323947784401,0.00019577437697737565
2018-06-25,17.329999923706055,0.10411741044716441,0.12559345327516705,0.4077984835881643,0.00024598419851318276,-0.3579019206019736,0.33000000000000007,4.0,0,-0.01361284860599521,0.001370513201900847
2018-06-26,15.920000076293945,0.09494462797258191,0.1168046367604188,0.19250933493541078,0.014124346185121706,-0.36485554440970114,0.3500000000000001,4.0,0,0.002214455112485414,0.000489481110388823
2018-06-27,17.90999984741211,0.08754958160551041,0.11568052980764229,0.40031273657777966,-0.007521813023409929,-0.36377636835687943,0.31000000000000005,4.0,0,-0.008284829527765325,0.0038122853490587527
2018-06-28,16.850000381469727,0.08730364559487742,0.1142724761857055,0.150956283218596,0.004304858248068921,-0.3670534703815974,0.31999999999999984,4.0,0,0.005717891363382632,-0.0009739599575903091
2018-06-29,16.09000015258789,0.07984692579597519,0.11326427825514396,0.16848217993458214,-0.00402703615591693,-0.3572380761987624,0.33000000000000007,4.0,0,0.0014395896807704034,-0.0007796402917097378
2018-07-02,15.600000381469727,0.07822399267122206,0.10291080340153293,-0.09982686381145489,-0.0066181571317985854,-0.3076964107766721,0.30000000000000027,4.0,0,0.00213777750093902,-0.000684649282564842
2018-07-03,16.139999389648438,0.078924722058994,0.10294159395104757,0.013819052280162225,-0.010845449179476718,-0.3164255320077448,0.30000000000000027,4.0,0,-0.00353093376701219,0.002543029837893007
2018-07-05,14.970000267028809,0.07862438950657295,0.09921908281951276,-0.16415408182195568,-0.011044352696233828,-0.3023753128788067,0.29000000000000004,4.0,0,0.008157501016229363,9.757453735059762e-05
2018-07-06,13.369999885559082,0.0848846852086121,0.09975252431301088,-0.20652821466625415,-0.0025714215990947364,-0.28936739204549594,0.29000000000000004,4.0,0,0.008458568886278384,0.0008779058099430692
2018-07-09,12.6899995803833,0.09032754290568078,0.10001154794332145,-0.2113114070827239,0.0034434293047707065,-0.28504029164980077,0.29000000000000004,4.0,0,0.009004329123211807,-0.0025338382672742688
2018-07-10,12.640000343322754,0.0910639465063476,0.09985799792395698,-0.18974358754907295,0.005716321014524572,-0.28466047642883713,0.28000000000000025,4.0,0,0.003598254187019867,-0.0007813674010358485
2018-07-11,13.630000114440918,0.09486659455267223,0.10009312603294578,-0.15551421128413023,-0.0029287601035382638,-0.29448308815899493,0.27,4.0,0,-0.007314746685623819,0.0020529742507156
2018-07-12,12.579999923706055,0.09948505261489385,0.09944904364497117,-0.15965265869678658,0.009331557786485423,-0.3052073667640389,0.25,4.0,0,0.009066032333530538,-0.00039023301486129647
2018-07-13,12.180000305175781,0.09920483564466284,0.09944927282049594,-0.08900520497899311,0.007589461495211447,-0.30940611535426393,0.2400000000000002,4.0,0,0.0007877819044594947,0.001659541610412374
2018-07-16,12.829999923706055,0.09912869618867542,0.09866442009646592,0.01103233632404299,0.00797461452008319,-0.3290916572195015,0.26000000000000023,4.0,0,-0.0008940800428509643,-0.001656792094990811
2018-07-17,12.0600004196167,0.09947581669645118,0.09699616830204232,-0.0458860686671142,0.01413836409185576,-0.37637428596759104,0.23999999999999977,4.0,0,0.004045421905338964,-0.0005856677779337849
2018-07-18,12.100000381469727,0.09809378701672916,0.09699812392633007,-0.11225236391232041,0.020181594227829613,-0.37917490444358903,0.2799999999999998,4.0,0,0.0021033393070344353,-0.0007810486597445987
2018-07-19,12.869999885559082,0.09950082424500044,0.09277525049035565,0.023052461336390273,0.014603182275610305,-0.4302050588271614,0.23999999999999977,4.0,0,-0.0037714343450306886,0.0027368855060725394
2018-07-20,12.859999656677246,0.0963222077194039,0.0928488650587218,0.05582917360129347,0.019836984081395448,-0.4129637389426176,0.29000000000000004,4.0,0,-0.001142515870288241,-0.0035094788371498042
2018-07-23,12.619999885559082,0.0963263382781307,0.09091642842155902,-0.01636789083365109,0.019873336169330402,-0.44341554951931905,0.31999999999999984,4.0,0,0.0018589423825587925,-0.004891397608470238
2018-07-24,12.40999984741211,0.0801920510257651,0.09130268847732778,0.029021510416044727,0.0391514090787648,-0.4401204058739076,0.3200000000000003,4.0,0,0.005032254415254567,0.0006876935748054702
2018-07-25,12.289999961853027,0.08354056299625202,0.0907503804979965,0.015702444164735097,0.04569187915186901,-0.4401517729794664,0.2799999999999998,4.0,0,0.008522442180805667,-0.0006872209773548521
2018-07-26,12.140000343322754,0.07593156494988787,0.09104846134073888,-0.056721021657151094,0.05193999156171625,-0.4338460946324812,0.29000000000000004,4.0,0,-0.002359233291245766,-0.0010814747425578197
2018-07-27,13.029999732971191,0.08173879443248647,0.09107054937251405,0.01321929088899143,0.038871586582536866,-0.44448540413345755,0.29000000000000004,4.0,0,-0.006776289677905223,0.001574658529181816
2018-07-30,14.260000228881836,0.08559062117634103,0.09176129993249853,0.1299524848014766,0.03195938393836317,-0.4248893625830338,0.31999999999999984,4.0,0,-0.005223556630259862,-0.0012777825103056362
2018-07-31,12.829999923706055,0.08639842547273617,0.08878469995317582,0.03384368101999047,0.034834411207530946,-0.4330689345993542,0.29000000000000004,4.0,0,0.00492972210905207,0.001377555736737257
2018-08-01,13.149999618530273,0.08514000506285707,0.08881504362191701,0.06997556219256329,0.03676611775264771,-0.4216857045340786,0.33000000000000007,3.8,0,-0.001670843112506093,-0.002362469158283531
2018-08-02,12.1899995803833,0.08298073438934775,0.0892695271308521,0.0041185531834064815,0.033979040765508506,-0.4169392574536628,0.31999999999999984,3.8,0,0.005447330880090195,0.0011840770876012652
2018-08-03,11.640000343322754,0.0797206542185608,0.08771361086946146,-0.1066768548069249,0.029699762491775417,-0.3922653038768218,0.3200000000000003,3.8,0,0.004284910936113384,0.0025624059105981978
2018-08-06,11.270000457763672,0.07515675065320217,0.08614521011334689,-0.20967739993876688,0.02425325137842571,-0.41818636970072465,0.2999999999999998,3.8,0,0.003667284780607627,0.0004918682532732976
2018-08-07,10.930000305175781,0.07503935019707553,0.08617425063818875,-0.14809038424229726,0.023951497914712627,-0.4217865614047232,0.2999999999999998,3.8,0,0.003302585855999407,-0.002063514745863082
2018-08-08,10.850000381469727,0.06836355954915631,0.08621042735690951,-0.1749048900214044,0.031062943659989406,-0.42588963328351803,0.2799999999999998,3.8,0,-0.0004204481417395822,0.0008859081963854543
2018-08-09,11.270000457763672,0.06294457701084037,0.08482977468965278,-0.07547162873574931,0.020403631315853543,-0.506493066791583,0.29000000000000004,3.8,0,-0.001365872023656678,0.002754662043008116
2018-08-10,13.15999984741211,0.06866031600368795,0.08596608165167723,0.13058414598426515,0.012768707419837488,-0.5191046842283195,0.26000000000000023,3.8,0,-0.0067003711326381055,0.004316515937119014
2018-08-13,14.779999732971191,0.07023350920175543,0.08639915289061098,0.3114462406955407,0.009880419472449109,-0.5149780446723463,0.27,3.8,0,-0.0037434034526633297,-0.0002924583567264216
2018-08-14,13.3100004196167,0.07225643841165089,0.0869111689741035,0.21774931820577303,0.01222906896069853,-0.5138292859323099,0.26000000000000023,3.8,0,0.006380501109636505,-0.0009775969458523104
2018-08-15,14.640000343322754,0.07744638930621137,0.0874207916771701,0.3493087399633472,0.0025618524651385144,-0.5304942935255517,0.25,3.8,0,-0.007467172180006254,0.002445396773232078
2018-08-16,13.449999809265137,0.08087331894256138,0.08846112474712783,0.1934338298983571,0.01450006734765763,-0.5329904943465229,0.2400000000000002,3.8,0,0.008091365600578104,-0.0002926529866091876
2018-08-17,12.640000343322754,0.0811328980180649,0.08854847229400716,-0.03951364058652418,0.019236012480390308,-0.5535009583340604,0.26000000000000023,3.8,0,0.003520405693260953,0.0003901689600847025
2018-08-20,12.489999771118164,0.08118003745598434,0.08839114899689454,-0.15493910711950154,0.019521787673304924,-0.5408028799791942,0.21999999999999975,3.8,0,0.002139845361875281,0.003122909265642404
2018-08-21,12.859999656677246,0.07995191731869901,0.08818142524171779,-0.033809222295457464,0.016796017842697797,-0.5380256505441734,0.2400000000000002,3.8,0,0.002345223465063828,-0.0013624599451678154
2018-08-22,12.25,0.07471897623818662,0.08436055125456504,-0.16325138574281683,0.00760536338057638,-0.47292930848103787,0.21999999999999975,3.8,0,-0.000593428771407889,0.0018506053069926587
2018-08-23,12.40999984741211,0.07430428892235867,0.08055164212459064,-0.07732341833466905,0.00864707538970344,-0.4271650113478566,0.20999999999999996,3.8,0,-0.0013278231725176726,-9.730955578945988e-05
2018-08-24,11.989999771118164,0.07165397102154804,0.07988610703360852,-0.05142409450550067,0.021640536157932155,-0.43713801583258327,0.18999999999999995,3.8,0,0.006018486244246279,0.0002916894725613073
2018-08-27,12.15999984741211,0.0714764815666953,0.07908090440591103,-0.026421131285297994,0.03511330949443092,-0.4210643710433993,0.18000000000000016,3.8,0,0.007894949407500684,-0.00223518796713551
2018-08-28,12.5,0.07057892184920432,0.07870929974360132,-0.02799375321058617,0.030533382369986928,-0.4044701594451223,0.20999999999999996,3.8,0,0.0004833442582106162,-0.0022404633508440464
2018-08-29,12.25,0.07079640672691939,0.07922314948378485,0.0,0.037812562658198656,-0.4085873836096396,0.2200000000000002,3.8,0,0.005380862387077023,-0.00029300350448668855
2018-08-30,13.529999732971191,0.07243203274577978,0.07841087896790168,0.09024979043755899,0.028011195274112888,-0.3860342725930133,0.21999999999999975,3.8,0,-0.0040483709738772244,0.0018555756603382267
2018-08-31,12.859999656677246,0.07174874661977351,0.07840403203575481,0.07256045889631801,0.023660208787263493,-0.39338865431758757,0.23999999999999977,3.8,0,3.434431143323202e-05,0.00019515027420768938
2018-09-04,13.15999984741211,0.07182080078849253,0.07845270436364071,0.08223684313719959,0.018163316331029078,-0.3727255614251195,0.23999999999999977,3.8,0,-0.0017222488545973746,-0.002285727775204971
2018-09-05,13.90999984741211,0.07232246098485187,0.07876217455278778,0.11279998779296885,0.01208037499760728,-0.3694159465336861,0.23999999999999977,3.8,0,-0.002691571143709548,-9.742110123123204e-05
2018-09-06,14.649999618530273,0.07338823548376336,0.07911714001383964,0.19591833620655286,0.0094585523599231,-0.3765065568250257,0.23999999999999977,3.8,0,-0.0030098870459713822,0.0020551849747145745
2018-09-07,14.880000114440918,0.07360919839844687,0.07890074247544172,0.09977830067357041,0.008874994806603365,-0.3497781931269413,0.22999999999999998,3.8,0,-0.0019431720891432969,-0.004493009537291592
2018-09-10,14.15999984741211,0.06866236744868089,0.07883809330763059,0.10108866449773735,0.01744610681002201,-0.36554355287868207,0.20999999999999996,3.8,0,0.0017384170381484765,0.0005881740358990584
2018-09-11,13.220000267028809,0.06690854798422788,0.07892094459743458,0.004559302455348968,0.024636610813136173,-0.36910989321904086,0.2200000000000002,3.8,0,0.0032973498586470473,-0.00362826371094227
2018-09-12,13.140000343322754,0.06412664472051498,0.07871650565135574,-0.05535582405003481,0.018387042611938353,-0.3682022836119699,0.22999999999999998,3.8,0,0.00024228243614099476,0.00118083897248078
2018-09-13,12.369999885559082,0.0582378928594068,0.07882596756796513,-0.15563138514265207,0.032117478075653905,-0.35352931394662196,0.2100000000000004,3.8,0,0.005914683016274402,-9.76720475113213e-05
2018-09-14,12.069999694824219,0.05306375551965455,0.0788229222736648,-0.18884411276916702,0.024009246707978216,-0.35195736522574206,0.2100000000000004,3.8,0,0.0001718814278215408,-0.0018680140783926547
2018-09-17,13.680000305175781,0.05701282910777069,0.07846961672745838,-0.03389827312208993,0.015014194679434434,-0.32769609183037945,0.2100000000000004,3.8,0,-0.0052946692583917265,0.00019663077673937046
2018-09-18,12.789999961853027,0.05922477656557515,0.0789952043980003,-0.032526497465224624,0.018342795803148793,-0.34535983957451233,0.23999999999999977,3.8,1,0.0054262268064657615,-0.004136190003218521
2018-09-19,11.75,0.0589888713623575,0.07291889098688513,-0.10578388942197392,0.01704266197558768,-0.3346791831114999,0.27,3.8,1,0.001065513982861921,-0.001681142847518191
2018-09-20,11.800000190734863,0.06402648266063708,0.07425205689325613,-0.04607919968452423,0.025893663138859768,-0.32727272316068007,0.2599999999999998,3.8,1,0.008104091062561825,9.923336330897037e-05
2018-09-21,11.680000305175781,0.06381876213059934,0.07167637482023015,-0.03231146640506333,0.026318997935874444,-0.27945469193623235,0.2599999999999998,3.8,1,-0.0009137743847363877,0.0003957149952311667
2018-09-24,12.199999809265137,0.06328415513975966,0.07176156240160902,-0.10818716834024422,0.01678986874116739,-0.2642091492691924,0.25,3.8,1,-0.003322157500014078,-0.0010891230487829473
2018-09-25,12.420000076293945,0.05774654964292951,0.07190303361153881,-0.028928841803176675,0.007889402671206636,-0.2599287701779735,0.27,3.8,1,-0.0009276550214678547,-0.0009911088820236946
2018-09-26,12.890000343322754,0.058983966262885996,0.07239674557426584,0.09702130581470247,0.004388196681809342,-0.2774932982838767,0.22999999999999998,3.8,1,-0.0029921345670703703,0.003274358360765728
2018-09-27,12.40999984741211,0.05665414715931224,0.0718059140670557,0.05169488532349398,0.0018042691719080128,-0.2596090745407879,0.22999999999999998,3.8,1,0.002794381107395605,0.0
2018-09-28,12.119999885559082,0.05450174172096782,0.0703851581774298,0.0376711959663496,0.005979936763832683,-0.26942204236820494,0.23999999999999977,3.8,1,0.00010290195280582282,0.0004942460361838652
2018-10-01,12.0,0.05563224838449852,0.06889301855314732,-0.01639342724524051,0.009440216423312053,-0.2989031914758691,0.27,3.8,1,0.0034741728546678896,-0.0025352668736985384
2018-10-02,12.050000190734863,0.05518039321286708,0.06693543231534484,-0.029790650828199317,0.01059225597649438,-0.2767894654966632,0.22999999999999998,3.8,1,-0.0005829486408052142,0.002581727013129198
2018-10-03,11.609999656677246,0.053851956427909346,0.06669862497066485,-0.0993018349536795,0.013875883791525156,-0.24445848740838425,0.2999999999999998,3.8,1,0.0005488947096456975,-0.007428014635194491
2018-10-04,14.220000267028809,0.0605248232591201,0.06696724111271687,0.14585015647636324,0.008988915794205798,-0.1727900946715273,0.31999999999999984,3.8,1,-0.00781546419159762,-0.00259434973023398
2018-10-05,14.819999694824219,0.06374838226005194,0.06599529417841762,0.22277226359400992,0.005295044366841362,-0.149293946716936,0.3500000000000001,3.8,1,-0.00559702154357844,-0.002401161114299666
2018-10-08,15.6899995803833,0.06351614729049969,0.06600447697826152,0.30749996503194166,0.003550455156954735,-0.15175711481612172,0.3500000000000001,3.8,1,0.0,0.0004018440656246014
2018-10-09,15.949999809265137,0.06266311568866643,0.06606809465666047,0.32365141550196386,-0.0012076060746879502,-0.16253693607680308,0.33000000000000007,3.8,1,-0.001459511343140485,0.0019038017224810577
2018-10-10,22.959999084472656,0.12846277410578552,0.09304049232023705,0.977605492112801,-0.033066395705849794,-0.14691134107827195,0.3400000000000003,3.8,1,-0.03166275473688851,0.0005003035009998325
2018-10-11,24.979999542236328,0.1439940721971369,0.10325129928674152,0.7566806661850902,-0.05992508854139578,-0.23414240384381757,0.29000000000000004,3.8,1,-0.02202679442324673,0.004099852387402736
2018-10-12,21.309999465942383,0.15580597079986583,0.10708880722867453,0.43792172096904647,-0.047032694644721595,-0.23217201164919418,0.2999999999999998,3.8,1,0.013888458375650226,-0.001194881875610565
2018-10-15,21.299999237060547,0.15589065247800027,0.10765790693375835,0.35755256894278364,-0.047341384131634356,-0.2434147375153184,0.31000000000000005,3.8,1,-0.005616878715579254,0.000598383462565355
2018-10-16,17.6200008392334,0.17637821379712584,0.11673285700210821,0.10470226018424023,-0.031764808351663065,-0.2222718525323442,0.29000000000000004,3.8,1,0.02186558666964844,-9.980753355642857e-05
2018-10-17,17.399999618530273,0.1762315234282281,0.11628233022294272,-0.24216026514140798,-0.032622959722146794,-0.22516348240606737,0.2999999999999998,3.8,1,0.00017826494442751972,-0.002890062594495313
2018-10-18,20.059999465942383,0.17793159632747566,0.11862131211279282,-0.19695757271633174,-0.05425721314387688,-0.24365576371937311,0.2999999999999998,3.8,1,-0.014440975104468734,0.001799182448864789
2018-10-19,19.889999389648438,0.1779865563108868,0.11854826896534798,-0.06663538769972233,-0.05390602876116568,-0.24544375648390926,0.28000000000000025,3.8,1,-0.0005427818862534517,-0.0011973008033184795
2018-10-22,19.639999389648438,0.1780881457025512,0.1181079216474153,-0.07793426792822711,-0.05501301221980859,-0.23746336707298368,0.28000000000000025,3.8,1,-0.0044883269491214905,0.00019981976968797
2018-10-23,20.709999084472656,0.17813159456288047,0.11808451617036124,0.17536879103654424,-0.05895084242731219,-0.25436233128043195,0.2799999999999998,3.8,1,-0.005090862886138581,0.0025966817196692027
2018-10-24,25.229999542236328,0.2028290580454747,0.13262266549217194,0.45000000548088703,-0.0847246009199214,-0.365676687300692,0.26000000000000023,3.8,1,-0.03029850823747593,0.005378902196010227
2018-10-25,24.219999313354492,0.2165547787498358,0.13809174887009334,0.20737786431524619,-0.0709002696407921,-0.38987817763836163,0.28000000000000025,3.8,1,0.01794060020517918,-0.002377812946287028
2018-10-26,24.15999984741211,0.22160850707953794,0.1418444444557414,0.21468077369504357,-0.08733469689899087,-0.43495731374449786,0.27,3.8,1,-0.017587468473307832,0.004469275365502012
2018-10-29,24.700000762939453,0.21962610175977093,0.14173273775676004,0.2576375524715122,-0.09553348012830265,-0.45028005027439444,0.27,3.8,1,-0.005540377376938577,-9.91182809980673e-05
2018-10-30,23.350000381469727,0.2302056889103916,0.14513193666074944,0.12747471818945733,-0.08159555803786811,-0.46521079136754334,0.28000000000000025,3.8,1,0.014818170904971062,-0.0021752158408340216
2018-10-31,21.229999542236328,0.23569082539511158,0.14682270233126044,-0.15854142182221576,-0.0722951555525626,-0.4736010501337969,0.2799999999999998,3.8,1,0.010681149086754882,-0.0024774469645049146
2018-11-01,19.34000015258789,0.2404126263785248,0.14867647503194725,-0.20148634595855885,-0.055037260266586285,-0.45985893451073007,0.30000000000000027,3.8,1,0.010641933035367535,0.0008561007253797825
2018-11-02,19.510000228881836,0.24046722323183484,0.14907037841098456,-0.1924668728434763,-0.055347157746135855,-0.42210204802582674,0.31000000000000005,3.8,1,-0.005923132789792396,-0.005570598328865861
2018-11-05,19.959999084472656,0.24209099420713295,0.14906212835564228,-0.19190289603467636,-0.05013523726988378,-0.4094928261275911,0.29000000000000004,3.8,1,0.005517286608503591,0.0006008350211199609
2018-11-06,19.90999984741211,0.24408646079815008,0.14954449848815574,-0.14732336093611198,-0.04272779994736464,-0.4119117959170034,0.29000000000000004,3.8,1,0.006327519373173107,-0.001100216114205188
2018-11-07,16.360000610351562,0.23109344751735808,0.15546579584597256,-0.2293923239233273,0.009737741676495215,-0.388680502655452,0.26000000000000023,3.8,1,0.021409232566714342,0.0
2018-11-08,16.719999313354492,0.21547161909922044,0.1547435641454507,-0.13547056972917426,0.03060556163304029,-0.3776445474495508,0.26000000000000023,3.8,1,-0.0018154386087986252,-0.0014011287514393844
2018-11-09,17.360000610351562,0.21392899204583637,0.15510580008369437,-0.11019987664313291,0.006559350482044701,-0.39623533031992064,0.25,3.8,1,-0.00976770734019039,0.003908979888123554
2018-11-12,20.450000762939453,0.22362485511932986,0.15941581394382515,0.02454918341394019,-0.006669428939228728,-0.4224576691622107,0.25,3.8,1,-0.01868563115964461,0.002994625223053937
2018-11-13,20.020000457763672,0.20781852421122263,0.15933098357193753,0.005524892576323159,-0.02974333204583035,-0.43639250401564206,0.25,3.8,1,-0.0018711513526263879,0.0007963397776893366
2018-11-14,21.25,0.20859019478664806,0.1596950730417922,0.2988997070424533,-0.0365482952707985,-0.44016431862193517,0.26000000000000023,3.8,1,-0.006836555500672192,0.0020884791837691985
2018-11-15,19.979999542236328,0.20724708765630764,0.1613594571940092,0.19497609825127382,-0.012228472850628336,-0.4309758409096014,0.25,3.8,1,0.01043688888435712,0.0006947691763576902
2018-11-16,18.139999389648438,0.20754535893159015,0.16149051078294113,0.044930803679336995,-0.009122164000973987,-0.41688519549205205,0.27,3.8,1,0.002600275709704336,0.0030743240493462665
2018-11-19,20.100000381469727,0.2153504807562089,0.1642955199049747,-0.017114932440687958,-0.021490218908846392,-0.4280530197019479,0.27,3.8,1,-0.016914221026474996,0.0014829528938860026
2018-11-20,22.479999542236328,0.22383050572225524,0.1670936867192723,0.12287707433686301,-0.03468466544277893,-0.41029415551804305,0.27,3.8,1,-0.018506442034597725,-0.0001971581853236204
2018-11-21,20.799999237060547,0.1970205609397859,0.16734284093008905,-0.021176506491268343,-0.0011307686324316668,-0.4099932495489528,0.25,3.8,1,0.0034078492880305067,-0.00019701697569574073
2018-11-23,21.520000457763672,0.1864101247650296,0.16709121848172714,0.07707712466518779,-0.02528921300835385,-0.41172227484316226,0.23999999999999977,3.8,1,-0.006679100347995903,0.0005917077694923556
2018-11-26,18.899999618530273,0.18556727369343173,0.17089157876061117,0.0418963756589501,0.00817841583671819,-0.4090504712859322,0.22999999999999998,3.8,1,0.016144607150232915,-0.0007897372678943304
2018-11-27,19.020000457763672,0.18442909007962507,0.17113291726955526,-0.05373133846811817,0.017206171250255364,-0.40481678804995047,0.22999999999999998,3.8,1,0.003364532806273912,0.0009884472469317007
2018-11-28,18.489999771118164,0.19465077435006198,0.17816530111828047,-0.17749109663554896,0.025432427249030942,-0.39281878991845703,0.25,3.8,1,0.023025114887440967,-9.89900940613353e-05
2018-11-29,18.790000915527344,0.1917876554409756,0.17814489386295826,-0.09663453823363,0.012378408169160027,-0.3913947582078353,0.21999999999999975,3.8,1,-0.002185082420316675,0.0025662572541047535
2018-11-30,18.06999969482422,0.18932007434901338,0.1786289853637364,-0.16031601717251875,0.007824203771284344,-0.3791826552848468,0.20999999999999996,3.8,1,0.006095540205407035,0.001968825375548544
2018-12-03,16.440000534057617,0.19294101990320536,0.18083888915928814,-0.13015868434519862,0.027253675096576613,-0.36900510037827156,0.1499999999999999,3.8,1,0.01324130870141449,0.002185445433343647
2018-12-04,20.739999771118164,0.22631358614245112,0.19232655069989796,0.09043108685375523,-0.011485666045759513,-0.4192600149477486,0.11000000000000032,3.8,1,-0.032402341361462916,0.00461784154103162
2018-12-06,21.190000534057617,0.22489227504625453,0.1921288682147501,0.1460249213824718,-0.01919130573677863,-0.4165855287629123,0.1200000000000001,3.8,1,-0.0015169771698639867,0.0025422649659621044
2018-12-07,23.229999542236328,0.2220427998948849,0.19743350793474138,0.23629581747598194,-0.062062216954291816,-0.435215004913342,0.1299999999999999,3.8,1,-0.023236318377355958,0.002926544972717382
2018-12-10,22.639999389648438,0.2227187850268904,0.19696982258363244,0.2529053553959495,-0.05857384932883769,-0.43413637677951483,0.1299999999999999,3.8,1,0.0018969981552670045,0.0005837603637155464
2018-12-11,21.760000228881836,0.22146494934282465,0.19697181993031102,0.32360094416074636,-0.049071260150660545,-0.4327989955454099,0.11000000000000032,3.8,1,0.0002275224092724848,-0.0025277396383946993
2018-12-12,21.459999084472656,0.21424632238928407,0.19724925533738172,0.03471549283029107,-0.026084932215338585,-0.43751017325961195,0.14000000000000012,3.8,1,0.005035193487406886,-0.002728520218937769
2018-12-13,20.649999618530273,0.21425488063036102,0.19676493990562222,-0.025483761298610075,-0.024589962346423633,-0.43371603309373585,0.16000000000000014,3.8,1,-0.00033901307550032733,0.0005863206953689026
2018-12-14,21.6299991607666,0.22217265809883477,0.19977631508351362,-0.06887647064136349,-0.036010195781836285,-0.4374070111595928,0.16000000000000014,3.8,1,-0.01846464823896854,0.0015621613402792
2018-12-17,24.520000457763672,0.22591098101018198,0.20202866350198326,0.08303891867483082,-0.06468409903135564,-0.4515222712067562,0.1599999999999997,3.8,1,-0.019618584176495202,0.0029259368951619624
2018-12-18,25.579999923706055,0.22502256430216266,0.20202417548639803,0.1755514547170809,-0.06813256707261117,-0.44766567801827095,0.16999999999999993,3.8,1,-0.0010962668224586691,0.0024644459198897017
2018-12-19,25.579999923706055,0.22358199550660673,0.20371270009119694,0.19198513583415844,-0.06629502138230092,-0.46126454455139626,0.14000000000000012,3.8,1,-0.014975678082997268,0.003498328363667369
2018-12-20,28.3799991607666,0.22170777705783534,0.20567009050477836,0.3743341251832186,-0.06417515767409454,-0.4419933806315504,0.1200000000000001,3.8,1,-0.016278080163324993,-0.0012589863049622396
2018-12-21,30.110000610351562,0.2283639312655183,0.20890600670734175,0.3920481635970816,-0.08646309419159315,-0.4429085953548561,0.16000000000000014,3.8,1,-0.020489668104762826,0.0008731381205711042
2018-12-24,36.06999969482422,0.24134807104724676,0.21401627841061172,0.471044005768096,-0.1046211314219424,-0.45247602694078715,0.1900000000000004,3.8,1,-0.026422974692737355,0.0025182434970083545
2018-12-26,30.40999984741211,0.30461550614829547,0.24080943210577876,0.18881938772915685,-0.07432659445871159,-0.5101028848319902,0.20000000000000018,3.8,1,0.05052517100046927,-0.0047352951578096825
2018-12-27,29.959999084472656,0.30631833137600173,0.24141241887374376,0.17122748920368336,-0.07034787632769768,-0.4949780441828873,0.20999999999999996,3.8,1,0.0076771819920395945,0.0025251035660143195
2018-12-28,28.34000015258789,0.29016276231511307,0.2413929349516654,-0.001409408363690412,-0.09244373806956274,-0.48176831493689615,0.20000000000000018,3.8,1,-0.001290025068046985,0.005423504314660876
2018-12-31,25.420000076293945,0.2939865573903526,0.24242002409396546,-0.15576221982689809,-0.082489629655631,-0.49044805256246554,0.20999999999999996,3.8,1,0.008758986044926198,0.0037567728808340917
2019-01-02,23.219999313354492,0.2921957501200105,0.24224856217181548,-0.35625174633183065,-0.08710000297364984,-0.5047070801947543,0.16000000000000014,3.8,1,0.0010400376368639996,0.0021117138547985803
2019-01-03,25.450000762939453,0.2921899450808838,0.24619754096187466,-0.16310421273792775,-0.12052934777094482,-0.5407884135381595,0.16999999999999993,3.8,0,-0.023862419178720673,0.007948744551277809
2019-01-04,21.3799991607666,0.3071826061764355,0.25699498173230484,-0.2863818486614308,-0.06063330583309601,-0.5907984063208204,0.16999999999999993,3.8,0,0.0334955596019042,-0.008076220958433966
2019-01-07,21.399999618530273,0.30956655499464386,0.25778520845395964,-0.24488357433632146,-0.051788252552503966,-0.5946973929171575,0.17000000000000037,3.8,0,0.007884713981781255,-0.002777866451391331
2019-01-08,20.469999313354492,0.3021236121587277,0.25112066807612915,-0.19472858961773565,-0.02011053075499658,-0.6200360452695514,0.1499999999999999,3.8,0,0.009395262334065624,-0.002497763343465076
2019-01-09,19.979999542236328,0.3026181827080632,0.24756339066761726,-0.1395348779900586,-0.01739499866733174,-0.609168900379923,0.18000000000000016,3.8,0,0.0046735189082882655,0.0005779982390727856
2019-01-10,19.5,0.30297972766300063,0.24586459531499416,-0.23379177149589336,-0.014153132130323876,-0.6059844573056518,0.18000000000000016,3.8,0,0.003527530174239013,-0.0004809208651401775
2019-01-11,18.190000534057617,0.3022935097052786,0.2456751251588086,-0.1492048059834724,-0.018713018953016247,-0.6022422302480578,0.16000000000000014,3.8,0,0.00038655394257758324,0.002984490511953597
2019-01-14,19.06999969482422,0.30287505459278996,0.2413266466417958,-0.10887850304859381,-0.02436937112092874,-0.6022707837399286,0.18000000000000016,3.8,0,-0.00610127702048302,-0.0005757866919960941
2019-01-15,18.600000381469727,0.2986677693642999,0.24270870402831654,-0.09135315068939898,0.005376228937267191,-0.6122241803831114,0.1900000000000004,3.8,0,0.011460978481062645,-0.0009605171790136868
2019-01-16,19.040000915527344,0.28913516365583414,0.241183562283423,-0.047046979391660804,0.027976415687974265,-0.6116545169133816,0.18000000000000016,3.8,0,0.002419735854161109,-0.0005768469338800486
2019-01-17,18.059999465942383,0.2897287456319567,0.24178754692787532,-0.073846181233724,0.0369122633863459,-0.6165309501514288,0.18999999999999995,3.8,0,0.007586861981654591,-0.0018278964392360875
2019-01-18,17.799999237060547,0.2851467962870626,0.24331488416953045,-0.021440422514933943,0.06668789775080808,-0.6245967895013026,0.16999999999999993,3.8,0,0.01330995907758381,-0.003180258835156047
2019-01-22,20.799999237060547,0.2827751042444876,0.24462922977365284,0.090718383320471,0.06968868789621063,-0.6292958045130108,0.16000000000000014,3.8,0,-0.013510688643193713,0.0034808410630726705
2019-01-23,19.520000457763672,0.2683336070016451,0.23662681265556976,0.049462368678792945,0.09434987416873786,-0.6080829298080478,0.17999999999999972,3.8,0,0.002092497177588193,-0.00048226410749374615
2019-01-24,18.889999389648438,0.2427723490690017,0.2336874988467484,-0.007878231022382942,0.12464813452218415,-0.5943404439919573,0.16000000000000014,3.8,0,0.0005315586636989167,0.0031814851482547812
2019-01-25,17.420000076293945,0.17762706035688833,0.23149881926133364,-0.03543739803843027,0.07961611394812573,-0.5859440458002714,0.1599999999999997,3.8,0,0.008461106995100831,-0.002306667696312159
2019-01-28,18.8700008392334,0.18154924164913983,0.23175639730682518,0.06011245213679839,0.06324839971052953,-0.5862404399981084,0.1499999999999999,3.8,0,-0.007599889131209903,0.0002893171311075804
2019-01-29,19.1299991607666,0.1815612796593252,0.22975867738856584,-0.08028846815140311,0.06320889375869276,-0.576856656196585,0.16000000000000014,3.8,0,-0.0013271330365887124,0.0028885748240292664
2019-01-30,17.65999984741211,0.18614594762082773,0.23102712815351786,-0.09528691427933789,0.07066231363921749,-0.5529638713808824,0.18000000000000016,3.8,0,0.015830695400803396,0.002304064501251757
2019-01-31,16.56999969482422,0.18682492322599975,0.23069290728656358,-0.12281629273612149,0.07894339737605871,-0.5308537521258537,0.17999999999999972,3.8,0,0.008782624884027479,0.004597275036178017
2019-02-01,16.139999389648438,0.15640038322730254,0.2303659802375212,-0.07347879914118949,0.10585129917443847,-0.5504103292227197,0.18000000000000016,3.8,0,0.0004815957439567864,-0.005350213334908038
2019-02-04,15.729999542236328,0.11551881812969432,0.23053973309062872,-0.16640175714611327,0.07753848086900228,-0.5529567785807992,0.20000000000000018,3.8,0,0.007035246158018538,-0.0022094154298171187
2019-02-05,15.569999694824219,0.11451192728647445,0.23033533812055929,-0.18609511877258866,0.07359100492482473,-0.5484222747601534,0.18000000000000016,3.8,0,0.004192409035289835,0.0017329023658745335
2019-02-06,15.380000114440918,0.1136091585592938,0.22601398855083196,-0.12910530875827286,0.06219553549906509,-0.5519922902984927,0.18000000000000016,3.8,0,-0.0013188110865103297,0.0007690206769890295
2019-02-07,16.3700008392334,0.12180493161894439,0.22678678569290633,-0.012069937192170976,0.047176231484802766,-0.5604570834282032,0.16999999999999993,3.8,0,-0.00953243141937199,0.003264738578114379
2019-02-08,15.720000267028809,0.12178064815744034,0.22597098817854966,-0.026022251456155554,0.04476987323961712,-0.5553837234769758,0.17999999999999972,3.8,0,0.0012214744465592897,0.0013397255024316657
2019-02-11,15.970000267028809,0.1217486025012261,0.22268168228836024,0.01525751632401895,0.04494505362398149,-0.5459276050867377,0.16999999999999993,3.8,0,0.0005542924135282234,-0.0015292024567724605
2019-02-12,15.430000305175781,0.12313843814718044,0.22417357586570677,-0.008991611585899784,0.06487995547245373,-0.5510626025339516,0.18000000000000016,3.8,0,0.012859790282724992,-0.0013404159349686973
2019-02-13,15.649999618530273,0.11919784329190848,0.22375084453952543,0.01755523420548233,0.056231527206263454,-0.5467200493100225,0.18000000000000016,3.8,0,0.0032463927228367773,-0.0024921762761880295
2019-02-14,16.219999313354492,0.12050600154499559,0.22284854894658582,-0.009163195979770666,0.05134498905112994,-0.5440070716326973,0.16000000000000014,3.8,0,-0.002217848009356427,0.004709315409606729
2019-02-15,14.90999984741211,0.12289626704890669,0.22386449783694892,-0.05152674337516372,0.0547991983344549,-0.5529117375603727,0.14000000000000012,3.8,0,0.010897303300782868,-0.0009567267722004891
2019-02-19,14.880000114440918,0.11633503863107073,0.22094198223224598,-0.06825298274028668,0.04274537857255423,-0.5531200663682876,0.1499999999999999,3.8,0,0.0017302616063052945,0.00172327146180562
2019-02-20,14.020000457763672,0.10066512612151975,0.21728489788869917,-0.09138041604180291,0.059157283492074164,-0.5700125176862556,0.1499999999999999,3.8,0,0.0020157947292609446,-0.00019090460806825416
2019-02-21,14.460000038146973,0.10322788502915563,0.21743316916062383,-0.07603831369901692,0.0531871269280062,-0.5545038925668381,0.16000000000000014,3.8,0,-0.003556002052009677,-0.002963571581975244
2019-02-22,13.510000228881836,0.10367092333757132,0.2171044587130711,-0.16707763250282137,0.05915383507545258,-0.5471154924023247,0.16999999999999993,3.8,0,0.0061999528647078694,0.00297238044419057
2019-02-25,14.850000381469727,0.10166144404780444,0.2148503708435901,-0.004024109091644079,0.05169724626762018,-0.5423490766888389,0.16000000000000014,3.8,0,0.0013614019715919579,-0.0015296943236359217
2019-02-26,15.170000076293945,0.09528895287912219,0.2148147743713569,0.01948924459829704,0.05899295016610617,-0.5415302408523563,0.16000000000000014,3.8,0,-0.0007155339772733083,0.002968372185681911
2019-02-27,14.699999809265137,0.09481473307489713,0.20979338083582125,0.04850209196141009,0.05994431616205076,-0.5363080177484011,0.18999999999999995,3.8,0,-0.0004299567083113631,-0.003532541485994578
2019-02-28,14.779999732971191,0.08294810407651976,0.20977703598821532,0.0221299926680516,0.041482980024252436,-0.5278625845862995,0.20999999999999996,3.8,0,-0.0018623019019158304,-0.0025866105183908195
2019-03-01,13.569999694824219,0.08067254867963805,0.20979430323094517,0.004441115094440562,0.038862337359804044,-0.534749930791646,0.20999999999999996,3.8,0,0.006244264837218294,-0.0032817307010202246
2019-03-04,14.630000114440918,0.0829404830450619,0.20825126724242393,-0.014814832415986467,0.03458468423604022,-0.5508708384485913,0.17000000000000037,3.8,0,-0.0036380195981288166,0.0030894978033459974
2019-03-05,14.739999771118164,0.08113106571361513,0.19691079302738765,-0.0283454385638231,0.025959693018344332,-0.528958738772537,0.17000000000000037,3.8,0,-0.0013600744825890132,0.0005779863717447764
2019-03-06,15.739999771118164,0.08436821886289678,0.19734887499142362,0.07074829764266632,0.015488336682689896,-0.5324761272742475,0.16999999999999993,3.8,0,-0.006056781665011668,0.0027894203019227515
2019-03-07,16.59000015258789,0.0902017430504033,0.19194713477110195,0.12246281815411364,0.008323162000620332,-0.5302914080744124,0.16999999999999993,3.8,0,-0.008365396371416423,0.0033579670438368403
2019-03-08,16.049999237060547,0.08282948898620121,0.19202481620127976,0.18275604996382078,0.015991207147391995,-0.5310290889495216,0.16999999999999993,3.8,0,-0.0020001735892333228,0.0014339540994596778
2019-03-11,14.329999923706055,0.09606750533990915,0.1940566450821769,-0.0205058228563334,0.029466881657311594,-0.5376445655715876,0.16999999999999993,3.8,0,0.014501249514559778,-0.0007633580535267859
2019-03-12,13.770000457763672,0.09633894923150105,0.1939630499981282,-0.0658072814393883,0.03277698418476205,-0.5315643186614564,0.1599999999999997,3.8,0,0.0037714306733211966,0.002770410344455465
2019-03-13,13.40999984741211,0.08895581575605548,0.1942774245603246,-0.14803049285816683,0.026413693454946374,-0.5325783949733148,0.1599999999999997,3.8,0,0.0066192161676881245,-0.00038143239498611425
2019-03-14,13.5,0.08890893117269204,0.18997981092702246,-0.18625678867796025,0.022437088793606508,-0.5313270429818673,0.16999999999999993,3.8,0,-0.0006404555404060375,-0.0014290637037734921
2019-03-15,12.880000114440918,0.08897053762065345,0.18495203535037336,-0.19750774288511386,0.029772870900311776,-0.5150404311757639,0.1599999999999997,3.8,0,0.004941039845151485,0.003149458236028746
2019-03-18,13.100000381469727,0.08225587713164505,0.1848837733877981,-0.08583388337647824,0.022365083420150977,-0.5142581566942213,0.1499999999999999,3.8,0,0.0036252993485204055,-0.0013320301923400724
2019-03-19,13.5600004196167,0.08227804696789026,0.18154035349971254,-0.015250546925622777,0.020852861006725343,-0.500301565283288,0.1499999999999999,3.8,0,0.0002485610099387525,-0.0006668603417085972
2019-03-20,13.90999984741211,0.0834179537586446,0.17777465987428284,0.03728560817966686,0.015732400334994567,-0.5243238711896073,0.14000000000000012,3.8,0,-0.003010181751134544,0.0069605690498470985
2019-03-21,13.630000114440918,0.0895765231939839,0.17213589914364227,0.009629638106734673,0.0308710406983137,-0.5403219817172301,0.1299999999999999,3.8,0,0.011295160835132156,-0.0004737678460476902
2019-03-22,16.479999542236328,0.11417097891454611,0.16747359691006872,0.2795030586808094,0.004800348331671644,-0.582109390196829,0.1299999999999999,3.8,0,-0.019246808558230022,0.007389209201244862
2019-03-25,16.329999923706055,0.11414799411408531,0.1352661291659547,0.2465648433724661,0.0026800874124937035,-0.5767584082409104,0.17000000000000037,3.8,0,-0.0007516023183634646,0.002539100558095253
2019-03-26,14.680000305175781,0.11696682701619864,0.13522823227288575,0.08259585921094992,0.01087700935781677,-0.5893368807488233,0.16999999999999993,3.8,0,0.007453628721768357,-0.0008441384468497182
2019-03-27,15.149999618530273,0.11873618906022768,0.135901095640465,0.08914448488285642,0.006023993970339037,-0.5963763335610045,0.16999999999999993,3.8,0,-0.005228689646196716,0.002910110504893426
2019-03-28,14.430000305175781,0.11904882444368999,0.13524583761067252,0.05869407072764932,0.011721389172647534,-0.6197086708695859,0.16000000000000014,3.8,0,0.0037904310015450804,9.372230715354313e-05
2019-03-29,13.710000038146973,0.11908743018352248,0.1355085904126136,-0.16808249884899373,0.011782914752374474,-0.6221996414563142,0.14000000000000012,3.8,0,0.006305457337844933,-0.0015910981802814694
2019-04-01,13.399999618530273,0.12434018433310903,0.12565381915506652,-0.17942439184720005,0.027519952650702173,-0.580195314587098,0.16000000000000014,3.7,0,0.011859164647045395,-0.006876324265603584
2019-04-02,13.359999656677246,0.1239708772333863,0.1081207773557625,-0.08991829843716947,0.029423131073138098,-0.4944828422441129,0.18000000000000016,3.7,0,0.0004896121859032654,0.001702169004029308
2019-04-03,13.739999771118164,0.12073480977837978,0.10747022856724397,-0.09306929920232543,0.03732583618843077,-0.4785981401471655,0.18999999999999995,3.7,0,0.001573550235203225,-0.0031159227590721317
2019-04-04,13.579999923706055,0.11453166824826082,0.10639158845328903,-0.058905084095171256,0.048852501550146865,-0.46796178152643464,0.17999999999999972,3.7,0,0.002653552389297209,0.0010418018615121483
2019-04-05,12.819999694824219,0.11360635792050598,0.10641030148077865,-0.06491614448186722,0.056041665568969945,-0.4681385758752548,0.1499999999999999,3.7,0,0.004840430244213323,0.0004734261697312281
2019-04-08,13.180000305175781,0.10489876199488601,0.10638784246092613,-0.01641785967294096,0.041739736455670196,-0.46323224870702046,0.16000000000000014,3.7,0,0.000761900558007067,-0.0016081872593118884
2019-04-09,14.279999732971191,0.107697881100299,0.10732243486689493,0.06886228292933638,0.03250714469330185,-0.46714175976627736,0.1599999999999997,3.7,0,-0.005124660661032676,0.0018003463368703176
2019-04-10,13.300000190734863,0.10631703373724247,0.10608422316247662,-0.032023259658867764,0.029216467865017748,-0.47528248899791636,0.16999999999999993,3.7,0,0.0034110460871483728,0.002364282704367282
2019-04-11,13.020000457763672,0.10622955360835323,0.1043191864196515,-0.04123707430696033,0.029590448452494034,-0.46340007003422784,0.1599999999999997,3.7,0,-0.0002773238949200785,-0.002264357814175999
2019-04-12,12.010000228881836,0.10721103136052133,0.10481028259386911,-0.06318248714696939,0.03146016566259613,-0.47123878321019613,0.16000000000000014,3.7,0,0.006765994185161439,-0.0046332998638318745
2019-04-15,12.319999694824219,0.1072002079604256,0.10424727781433069,-0.06525042416075211,0.02706117252641893,-0.46646921656174517,0.1499999999999999,3.7,0,-0.0006549830609238194,0.0013296068558223961
2019-04-16,12.180000305175781,0.10715409458483317,0.10142876104057712,-0.1470587862089876,0.027478929897361892,-0.4369417884683946,0.18999999999999995,3.7,0,0.0006554123449076243,-0.003415207606757509
2019-04-17,12.600000381469727,0.10686652437134635,0.09685999935700007,-0.052631563851613716,0.028059192040475356,-0.4152529704033999,0.18999999999999995,3.7,0,-0.0024471381384960633,0.00019066081629803833
2019-04-18,12.09000015258789,0.10034917718465813,0.09685818918661503,-0.07142859235624932,0.018578620701307003,-0.4128832240255264,0.18999999999999995,3.7,0,0.0019691842848676977,0.002379498531358326
2019-04-22,12.420000076293945,0.06631057366083107,0.096843568066397,0.034138204795878035,0.03946315541226464,-0.4104783717692935,0.20999999999999996,3.7,0,0.0008621684547034381,-0.0014241899930127477
2019-04-23,12.279999732971191,0.06997266237222485,0.09700765567358428,-0.0032467502308325402,0.04959844834084537,-0.38374909472742047,0.20999999999999996,3.7,0,0.00899157632744596,0.0018065068059622824
2019-04-24,13.140000343322754,0.06918634079329043,0.09541546270187436,0.07881773514726675,0.03952083901976988,-0.39962063194750086,0.20999999999999996,3.7,0,-0.0022193315378497003,0.003796598216471825
2019-04-25,13.25,0.06462657838658534,0.09532695291260228,0.05158726975010253,0.04434124066944278,-0.3899018639377867,0.20999999999999996,3.7,0,-0.000615797739192292,-0.0012295667840304114
2019-04-26,12.729999542236328,0.06498519167659263,0.09095929668605039,0.052936259848718414,0.04524263393319128,-0.42967221934793326,0.22999999999999998,3.7,0,0.0046568239940691925,0.0026508349164400258
2019-04-29,13.109999656677246,0.063188747869642,0.08972836313755637,0.055555521428724,0.0403212077707682,-0.4746939463525457,0.2400000000000002,3.7,0,0.0015673631917079156,-0.002077255779269205
2019-04-30,13.119999885559082,0.051413821748446394,0.08972698039732653,0.0684039227079567,0.028653157589699996,-0.49836855060801394,0.23999999999999977,3.7,0,0.000510339475467303,0.0019867839242670993
2019-05-01,14.800000190734863,0.06040077790723715,0.09084637694647445,0.12633179635004033,0.02042179865214644,-0.4716513652279175,0.20999999999999996,3.6,0,-0.007516379970376907,-0.0004536915817753284
2019-05-02,14.420000076293945,0.06139076242096533,0.09090451235646409,0.08830189255048637,0.016618795879784765,-0.4597708370261683,0.19999999999999973,3.6,0,-0.002159207133660912,-0.002839779976954615
2019-05-03,12.869999885559082,0.0689564164228333,0.09244843497808852,0.010997670727186826,0.023852622919124045,-0.44119922850318877,0.20999999999999996,3.6,0,0.009788008694609163,0.0013287139899096356
2019-05-06,15.4399995803833,0.06998517354334063,0.09036960479179057,0.1777269248454425,0.014727690401179938,-0.4315097390166648,0.19999999999999973,3.6,0,-0.004115058965882268,0.002559875903023423
2019-05-07,19.31999969482422,0.09343419832454855,0.09771446289286731,0.4725609651940128,-0.0029778306752806794,-0.4506870820227528,0.17000000000000037,3.6,0,-0.01669993781544199,0.003404225740951894
2019-05-08,19.399999618530273,0.09171201053768374,0.09784484050980442,0.31081076814276765,0.0007661854013027991,-0.44484382996649846,0.1900000000000004,3.6,0,-0.0013887063570230396,-0.0018848861975445663
2019-05-09,19.100000381469727,0.091433151665285,0.09506876380162604,0.32454925661682643,-0.005654234682995862,-0.44519137133442716,0.1900000000000004,3.6,0,-0.0030263421130951595,0.002644232241312716
2019-05-10,16.040000915527344,0.09334190189757947,0.09533045861831398,0.24630932852805953,-0.00038189630498575156,-0.44506569969102694,0.2100000000000004,3.6,0,0.005023524578966043,-0.0006595479598251464
2019-05-13,20.549999237060547,0.1257166467508116,0.10907195303964666,0.33095853598141023,-0.03205161359922304,-0.4824585834355899,0.21999999999999975,3.6,0,-0.025130181263681273,0.0049937176385383975
2019-05-14,18.059999465942383,0.13127173933038552,0.10838007319391336,-0.06521740418139799,-0.022657931885483484,-0.48308135099615934,0.21999999999999975,3.6,0,0.009043394603864607,-0.0009370382748967732
2019-05-15,16.440000534057617,0.13348129163514014,0.10891631306320648,-0.1525772753956839,-0.017576779834741152,-0.46580865590164633,0.20999999999999996,3.6,0,0.005857769294846049,0.0031912347441571676
2019-05-16,15.289999961853027,0.13801919244434982,0.1103431911327328,-0.1994764577760455,-0.00604577613189472,-0.4745965734460521,0.19999999999999973,3.6,0,0.009261446825502562,-0.0019650122146447346
2019-05-17,15.960000038146973,0.13944652695667117,0.11097543428742873,-0.004987585586913923,-0.01441261576372399,-0.49075001323869655,0.18999999999999995,3.6,0,-0.006465123130539707,0.00046847159958485207
2019-05-20,16.309999465942383,0.14086076701055997,0.11131772125495196,-0.2063260305855199,-0.021772854129609276,-0.4895623437388709,0.20000000000000018,3.6,0,-0.006612140012558054,-0.0016861469331292955
2019-05-21,14.949999809265137,0.14088371260140098,0.11270194470548021,-0.17220375130918997,-0.021749379669826596,-0.49429064211939505,0.17000000000000037,3.6,0,0.009015789039472422,-0.001126701073870362
2019-05-22,14.75,0.1410090256303075,0.11291457366155547,-0.10279808267381496,-0.02258477623252575,-0.49860128875711074,0.16000000000000014,3.6,0,-0.003071406173365654,0.0030069377850716617
2019-05-23,16.920000076293945,0.1463886976268108,0.11586236685492875,0.10660563234189668,-0.03393260585296398,-0.5393205017711472,0.18999999999999995,3.6,0,-0.01221868807366,0.006089175536939884
2019-05-24,15.850000381469727,0.14525775267787303,0.11584630021924332,-0.00689220904851684,-0.03622918163551436,-0.5522978756901893,0.1599999999999997,3.6,0,0.0022685118061853693,-0.0002792153486749216
2019-05-28,17.5,0.1470249777231088,0.11684031276285967,0.07296140852380217,-0.04668724317312878,-0.5582989237147993,0.13999999999999968,3.6,0,-0.009300835885018843,0.004377329402028618
2019-05-29,17.899999618530273,0.14739767428977882,0.1174265864056778,0.19732440447503552,-0.053567587217257184,-0.5447897173988432,0.16000000000000014,3.6,0,-0.006710643676181682,-0.0003707124470087031
2019-05-30,17.299999237060547,0.14745212722030704,0.11751863283927351,0.1728813042074948,-0.04379542850376317,-0.5329737617077769,0.16000000000000014,3.6,0,0.002731269332922004,0.0036175833670717417
2019-05-31,18.709999084472656,0.15279010867039788,0.12013338618406548,0.10579190307963526,-0.05463961268664608,-0.5572948405973561,0.19000000000000017,3.6,0,-0.013475581961386984,0.006654984010936449
2019-06-03,18.860000610351562,0.14545062533303757,0.11899356255073376,0.18990537264597385,-0.06618371141311308,-0.5484438773516184,0.24999999999999978,3.6,0,-0.002542836368935042,0.004811367369250474
2019-06-04,16.969999313354492,0.17044681036256076,0.12688509140509538,-0.030285753522600434,-0.04197127941112666,-0.5722197890316257,0.2400000000000002,3.6,0,0.02170671852000816,-0.0036623460498858007
2019-06-05,16.09000015258789,0.1653046997894686,0.12467206192963369,-0.10111729075505971,-0.017260997611914575,-0.5722381251953826,0.29000000000000004,3.6,0,0.00866216366187933,0.0
2019-06-06,15.930000305175781,0.16730490335124737,0.1251149777758509,-0.0791906931966746,-0.009495168998455816,-0.5812718920989004,0.2400000000000002,3.6,0,0.0065025487361916046,-0.00018341036706448488
2019-06-07,16.299999237060547,0.17097257204830726,0.12602160974145507,-0.1288081221453483,0.003453761781788911,-0.5447182108032744,0.23999999999999977,3.6,0,0.010007156040216625,0.003952061617356506
2019-06-10,15.9399995803833,0.1708177486059914,0.12627949135479796,-0.15482507611190532,0.0030197678914281045,-0.5476011305309638,0.25,3.6,0,0.004588851765978896,-0.004943614660287143
2019-06-11,15.989999771118164,0.14232623327721294,0.12595802476919152,-0.05774894413019338,0.028626158490812736,-0.5591812062624053,0.21999999999999997,3.6,0,-0.00024243910622501197,0.0
2019-06-12,15.90999984741211,0.13982741621284966,0.12586655600419733,-0.011187091576679076,0.01760809337669289,-0.5582190432045981,0.25,3.6,0,-0.0017649109529662699,0.002575613035688873
2019-06-13,15.819999694824219,0.13914819678350143,0.12609925484378134,-0.006905248477353965,0.015856325226749846,-0.5523527699719722,0.27,3.6,0,0.004126228817630917,0.002478077356506292
2019-06-14,15.279999732971191,0.13563151576906218,0.1259363315380067,-0.062576659621568,0.0054220840504863865,-0.5583311009340554,0.24999999999999978,3.6,0,-0.0011050558821822376,0.0007321375032580679
2019-06-17,15.350000381469727,0.13325539351115148,0.12390343666657913,-0.03701375247460248,0.012349503756169167,-0.5583768944316728,0.22999999999999976,3.6,0,0.00038039298999437143,-0.00018281822810406467
2019-06-18,15.149999618530273,0.13470106474879565,0.1187400891029307,-0.05253284331530361,0.029758242133204105,-0.4904940116649469,0.19999999999999996,3.6,0,0.010470526889809761,0.001921464103003645
2019-06-19,14.329999923706055,0.13180572707176125,0.11873284670015614,-0.09930860709361067,0.02286102383674149,-0.4850591474702428,0.2899999999999998,3.6,0,0.0022575016309971385,0.002739320941984147
2019-06-20,14.75,0.13402599385854905,0.119308884633073,-0.0676358859333156,0.03581509948302708,-0.4682108334457775,0.2899999999999998,3.6,0,0.009554246889387441,0.0016389224179256257
2019-06-21,15.399999618530273,0.12418326189639917,0.11873277107823403,0.007853395789016115,0.047103769136028095,-0.4417681872841919,0.2999999999999998,3.6,0,-0.001453507178623914,-0.004090928819604045
2019-06-24,15.260000228881836,0.12482463218716648,0.11866385273988499,-0.005863201977280519,0.043454556138508016,-0.4420495510974951,0.30000000000000004,3.6,0,-0.0012244479062090141,0.0034691136606650463
2019-06-25,16.280000686645508,0.1254534675630131,0.12009145083720332,0.07458753112660865,0.042920452006040444,-0.4367702876318215,0.29000000000000004,3.6,0,-0.009807936567528763,0.001546739994569002
2019-06-26,16.209999084472656,0.1216945829044768,0.11780753631299276,0.13119324290131562,0.04891930423059443,-0.38461910555282075,0.2799999999999998,3.6,0,-0.0009972682664390886,-0.004088190453277796
2019-06-27,15.819999694824219,0.12175665682611923,0.11798642988583867,0.07254235219147254,0.0497712972441362,-0.3761301702110508,0.2699999999999998,3.6,0,0.003545745749254481,0.0030101982663686133
2019-06-28,15.079999923706055,0.10640784554595008,0.1183612363604343,-0.020779201477328257,0.06958685493156658,-0.3787892854589821,0.25,3.6,0,0.005146123134781799,0.0004544666740788905
2019-07-01,14.0600004196167,0.10580760826330389,0.11958958639134243,-0.07863694569243562,0.08204853601088713,-0.38790988816432176,0.24999999999999978,3.7,0,0.009078466759598003,-0.0012566313699088338
2019-07-02,12.930000305175781,0.08250040628492128,0.1193379778195674,-0.20577397052677848,0.061817754984065054,-0.37958411728893604,0.20999999999999996,3.7,0,0.002604132815106519,0.0035555261734459
2019-07-03,12.569999694824219,0.08192704659882606,0.12030784710371337,-0.22455272024877193,0.06111567324599809,-0.37148117307774414,0.18999999999999995,3.7,0,0.007995228793195919,0.0019077812772791969
2019-07-05,13.279999732971191,0.0820628644785698,0.11976287067991537,-0.16055625858728884,0.05306032532386551,-0.33855023900144354,0.16999999999999993,3.7,0,-0.001138209400743162,-0.006346755058220133
2019-07-08,13.960000038146973,0.08195555044725808,0.1203051550142375,-0.074270549816013,0.036897835393727485,-0.3326589612425187,0.16999999999999993,3.7,0,-0.005494548939359967,-0.0010037702189229503
2019-07-09,14.09000015258789,0.08131734868323418,0.12029847878484835,0.002133693604257303,0.03344803860549672,-0.33772830948411525,0.1499999999999999,3.7,0,0.0012465481406669365,-0.000639166206576891
2019-07-10,13.029999732971191,0.08171232834063534,0.11993318482622382,0.007733907612931912,0.03863784193757236,-0.3231208196380153,0.24999999999999978,3.7,0,0.004778176277394408,0.0005481954256401078
2019-07-11,12.930000305175781,0.08055496805432327,0.11995796245918738,0.02863966738995183,0.042913202593065636,-0.319380733149744,0.2799999999999998,3.7,0,0.0023441392398160232,-0.004932449366436331
2019-07-12,12.390000343322754,0.0806805611516028,0.12021575913989334,-0.06701802767651965,0.043277338843872526,-0.32314222636554535,0.28,3.7,0,0.004476822481024323,0.0011011394754423254
2019-07-15,12.680000305175781,0.08007443953815847,0.12003966686661896,-0.09169052503391661,0.044778860268584575,-0.3248811648389059,0.2599999999999998,3.7,0,0.00033258883968212416,0.0021087514295363707
2019-07-16,12.859999656677246,0.08215966883509798,0.12028566189868667,-0.08729598882827072,0.041013202625305833,-0.3148523583539683,0.2599999999999998,3.7,1,-0.003225240906618687,-0.002195555916909897
2019-07-17,13.970000267028809,0.0814870761800059,0.12125331163648961,0.07214125505152813,0.023215481745750388,-0.33101940773261457,0.22999999999999998,3.7,1,-0.006805019999748141,0.004676912916478981
2019-07-18,13.529999732971191,0.08188891231137674,0.12015219337579372,0.046403666947729016,0.024648271563437296,-0.33606490814730716,0.27,3.7,1,0.003660944374638264,0.0024645877312619024
2019-07-19,14.449999809265137,0.07903341286651705,0.12066143521702785,0.16626306770463994,0.009313140568250944,-0.3173524963489835,0.24999999999999978,3.7,1,-0.005554983323993956,-0.001820850714267741
2019-07-22,13.529999732971191,0.07898641412802937,0.12071645378214302,0.0670346535755566,0.013265387444650223,-0.32041055348583786,0.24999999999999978,3.7,1,0.002456579888082233,0.00045577698349985596
2019-07-23,12.609999656677246,0.08186275354349648,0.1211956736662663,-0.019440124935788283,0.021761570941495112,-0.33718011422305444,0.25,3.7,1,0.007150238990134783,-0.0016410971176953337
2019-07-24,12.069999694824219,0.07183078553595336,0.12148513114274012,-0.13600576491675964,0.036731265131206614,-0.3340218918820777,0.21999999999999975,3.7,1,0.004699236925995054,0.0014610871307936257
2019-07-25,12.739999771118164,0.07497757229041309,0.12197175946715208,-0.05838876403876636,0.03280876800829713,-0.32138983061422627,0.21999999999999997,3.7,1,-0.004777018595959359,-0.0017326579713193846
2019-07-26,12.15999984741211,0.07686127559181387,0.12148681744528005,-0.15847750810243688,0.03605524495492918,-0.33382565146606497,0.21999999999999997,3.7,1,0.006700238845540163,-0.00018251173535699383
2019-07-29,12.829999923706055,0.07679763520499222,0.12145502000367243,-0.05173686792907395,0.028873645798155767,-0.3467319134634407,0.20999999999999996,3.7,1,-0.0018212240076506125,0.0009136273243537385
2019-07-30,13.9399995803833,0.07235736631233952,0.12012145289191141,0.10547184456121639,0.017114094495425558,-0.3546373698339373,0.20999999999999996,3.7,1,-0.002454834775338588,0.0004564376511986268
2019-07-31,16.1200008392334,0.08318706726250555,0.1220369039372605,0.33554277106948693,0.003373235931809271,-0.35901387450664624,0.13000000000000012,3.7,1,-0.010940701199944614,0.00255491745859171
2019-08-01,17.8700008392334,0.08350619524849369,0.11830401494711872,0.4026688508853078,-0.013253008785694798,-0.3721693513091591,0.16999999999999993,3.6,1,-0.008707603959193011,0.011342606206747874
2019-08-02,17.610000610351562,0.087006341186004,0.119387926553671,0.44819085783946955,-0.019566684845152338,-0.3815304627496163,0.14000000000000012,3.6,1,-0.007529401702482508,0.002073496702775124
2019-08-05,24.59000015258789,0.13464705925627451,0.13460270688371445,0.9166017380212781,-0.043797738676487286,-0.46293516238086263,0.15999999999999992,3.6,1,-0.030073390506366926,0.008636953127707736
2019-08-06,20.170000076293945,0.14613478051193005,0.13728812327521533,0.44691540053398926,-0.031596245068794104,-0.44472097784123854,0.1299999999999999,3.6,1,0.014022823465464462,0.0016056614409352132
2019-08-07,19.489999771118164,0.14447120640380895,0.1268187196696174,0.20905699481620066,-0.035631751903971054,-0.41993732006946055,0.11999999999999988,3.6,1,0.0005910909035959921,0.0
2019-08-08,16.90999984741211,0.1628469769299239,0.13161341411700378,-0.053721373628232705,-0.019010332307146105,-0.40599047458220083,0.09999999999999987,3.6,1,0.01962009430326428,8.935738397952697e-05
2019-08-09,17.969999313354492,0.1628250852235466,0.13205536007444849,0.020442855793617376,-0.030034700924588043,-0.40031793657076836,0.1100000000000001,3.6,1,-0.006811494943104512,-0.0015142330004190852
2019-08-12,21.09000015258789,0.1669835977400772,0.13327790657403793,-0.14233428134532378,-0.042160956246040215,-0.4155733633011227,0.06999999999999984,3.6,1,-0.012173310484965949,0.00633209540560542
2019-08-13,17.520000457763672,0.17822689607432843,0.13622485195446518,-0.13138322302957506,-0.02411744251534398,-0.44375571497767546,0.020000000000000018,3.6,1,0.015551733334924878,-0.0035448850054039527
2019-08-14,22.100000381469727,0.20421066565148355,0.14888201864217027,0.133914861005759,-0.04648330466922135,-0.49943483395058136,0.010000000000000009,3.6,0,-0.02956765864334121,0.006670474162280504
2019-08-15,21.18000030517578,0.2038478495617796,0.14782487193995786,0.2525133350854021,-0.04745184784226142,-0.4768638193334689,0.040000000000000036,3.6,0,0.0026414667289074156,0.00636064978466333
2019-08-16,18.469999313354492,0.2121887244795117,0.1507210517996853,0.027824152426562554,-0.02799768205226405,-0.48978419234179427,0.07000000000000006,3.6,0,0.014754854220311087,-0.0026336312651968896
2019-08-19,16.8799991607666,0.21713466242428078,0.15030800630639227,-0.19962071888864796,-0.01869765654317823,-0.4896426991002336,0.07000000000000006,3.6,0,0.012047988871956239,-0.004752990984031702
2019-08-20,17.5,0.21625703295144405,0.1512450908919429,-0.0011415786096516944,-0.033130288902897154,-0.4966226112969402,0.050000000000000044,3.6,0,-0.007662554668486643,0.004422072919080033
2019-08-21,15.800000190734863,0.21792097841522692,0.15061390834079302,-0.28506787701312664,-0.029823457327645464,-0.4945323704883311,0.030000000000000027,3.6,0,0.008135450846201708,-0.002641673006981593
2019-08-22,16.68000030517578,0.21758575377410808,0.14981205246358953,-0.21246458617379382,-0.025466706253249094,-0.49745279341980864,0.010000000000000009,3.6,0,-0.000307792014215158,-0.0022067767447603304
2019-08-23,19.8700008392334,0.23189221412085,0.15938295628510055,0.07579867774367766,-0.05681973320491551,-0.5344874926211527,0.010000000000000009,3.6,0,-0.02568767434665442,0.006724307209284852
2019-08-26,19.31999969482422,0.23707614582801637,0.1581370184625084,0.14454980185833177,-0.04464922959722639,-0.5192716616788589,0.0,3.6,0,0.011058963186695081,-0.0009669096433961855
2019-08-27,20.309999465942383,0.2371565066216122,0.15829008027890726,0.16057139805385034,-0.0460560796278473,-0.5216552361969896,-0.040000000000000036,3.6,0,-0.003923820293244673,0.004310853047010843
2019-08-28,19.350000381469727,0.2370043626010894,0.15279897175144036,0.2246835536632834,-0.028712582194150293,-0.5013383489200233,-0.030000000000000027,3.6,0,0.00704122315030542,0.0003500050852756065
2019-08-29,17.8799991607666,0.240399635345165,0.15395146748114674,0.07194237611725107,-0.007665356062066531,-0.5086970593511647,-0.030000000000000027,3.6,0,0.01277311826576688,-0.001926080313595202
2019-08-30,18.979999542236328,0.23887458258910124,0.15348778866442245,-0.04479120580809237,-0.000581123866367772,-0.5071233598073391,0.0,3.6,0,-0.0004441989347522268,0.0002632327719691574
2019-09-03,19.65999984741211,0.21231835465472626,0.15276124070831132,0.017598351861205064,0.02438130619629808,-0.5321589340819398,0.0,3.6,0,-0.0058475871584560135,0.002196224731412455
2019-09-04,17.329999923706055,0.21039637653688006,0.15419309150699903,-0.14672573218101048,0.02168211866846881,-0.5234542373181876,0.040000000000000036,3.6,0,0.011350929961086331,0.0015779514277931561
2019-09-05,16.270000457763672,0.21442393904466575,0.15627591147557263,-0.15917311953417712,0.03420460127626446,-0.5419819147996605,0.020000000000000018,3.6,0,0.012855066463514087,-0.008052056978536837
2019-09-06,15.0,0.2037875914090102,0.156195920637941,-0.16107378612668355,0.015087500337279458,-0.5413256383263347,0.020000000000000018,3.6,0,0.0007725855625775324,0.0006174658551010292
2019-09-09,15.270000457763672,0.20179510490515046,0.15603069814612766,-0.19546887112493172,0.0225633986125664,-0.5289621874477324,0.04999999999999982,3.6,0,0.0005031220032398753,-0.0061731355149511336
2019-09-10,15.199999809265137,0.19566300548795898,0.15599984298606023,-0.22685656524733155,0.03492194232004575,-0.5062779908396413,0.050000000000000044,3.6,0,-0.00023458929237241133,-0.007275944409759427
2019-09-11,14.609999656677246,0.19000151934836754,0.15656227152768176,-0.1569532763418,0.02632035352399842,-0.508294716313857,0.07000000000000006,3.6,0,0.007111136943976248,-0.0009831306515722948
2019-09-12,14.220000267028809,0.15080382108896306,0.15535694729184196,-0.12599877892177014,0.06125367069944354,-0.520800234606335,0.07000000000000006,3.6,0,0.0034633736863993736,-0.0022364266594413484
2019-09-13,13.739999771118164,0.15136913080967876,0.15534138911961357,-0.08400001525878908,0.057755459550700605,-0.49359269441992243,0.10999999999999988,3.6,0,-0.0006635409746622578,-0.009146850295534303
2019-09-16,14.670000076293945,0.14591713393458924,0.15437926041760303,-0.039292754648522,0.039155555332500924,-0.5047134079280678,0.10000000000000009,3.6,0,-0.0030889138482255163,0.004344168622801181
2019-09-17,14.4399995803833,0.14102130082498512,0.1543944757032684,-0.050000015685433,0.029384985507654227,-0.5098233645504123,0.09000000000000008,3.6,0,0.002532295585588651,0.002613392192414299
2019-09-18,13.949999809265137,0.13690126813856568,0.15435600144283618,-0.04517452860517135,0.03795397066203221,-0.5103473708734081,0.030000000000000027,3.6,0,0.0005980329220596214,0.0003592206367071249
2019-09-19,14.050000190734863,0.1350293560268782,0.1528707789161621,-0.01195499810841183,0.02950929998758456,-0.5100047574563207,0.050000000000000044,3.6,0,-6.661987973044514e-05,0.00044916587326082613
2019-09-20,15.319999694824219,0.13670907791364081,0.1532304308866091,0.11499271834248903,0.024960508043167406,-0.522111809718439,0.050000000000000044,3.6,0,-0.004724839886086962,0.005746902568581236
2019-09-23,14.90999984741211,0.09301591097809274,0.1531121731976752,0.016359902513292557,0.051736632401318206,-0.5278855969545233,0.040000000000000036,3.6,0,-0.00023468587475672376,0.0014289553110078401
2019-09-24,17.049999237060547,0.09425552089483762,0.15374311872456983,0.18074790391427187,0.032070090293519815,-0.5362921598139527,0.039999999999999813,3.6,0,-0.007846942588954242,0.004992612235293015
2019-09-25,15.960000038146973,0.09307590124602175,0.15310570673412618,0.14408603988272883,0.042264261811515214,-0.5363414419612222,0.050000000000000044,3.6,0,0.005914824888336501,-0.006564897803988279
2019-09-26,16.06999969482422,0.09226761625627145,0.15309699634600682,0.14377220474498098,0.032820754595878965,-0.5432363031397118,0.040000000000000036,3.6,0,-0.0020831432946633033,0.0021432563263161786
2019-09-27,17.219999313354492,0.08545025123905164,0.15262555758291235,0.1240208652988537,0.014301131618391194,-0.5529405123504383,0.06000000000000005,3.6,0,-0.0053870283313601774,0.0014260739688698454
2019-09-30,16.239999771118164,0.08642728284569459,0.1529113589481065,0.08920187373019317,0.019457988637978874,-0.5678553405863741,0.050000000000000044,3.6,0,0.004637690642723014,0.0008004821038369858
2019-10-01,18.559999465942383,0.09500173195576533,0.15445343340659912,0.08856306724047469,0.01325689824967946,-0.5766486272730164,0.08999999999999986,3.6,0,-0.011894750494742978,0.002769625349881011
2019-10-02,20.559999465942383,0.10685039762455144,0.15856828383483404,0.2882205148371346,-0.015813726739031253,-0.5800914353572454,0.1200000000000001,3.6,0,-0.01766501226212447,0.0034633341935099704
2019-10-03,19.1200008392334,0.10002655968693105,0.1591972467910893,0.18979472323148294,-0.02034362115437749,-0.5550634190958963,0.15000000000000013,3.6,0,0.00819321876884338,0.005221169881564736
2019-10-04,17.040000915527344,0.11251349765147688,0.16163440097708745,-0.010452869047884117,-0.007853589687265794,-0.5427831538125403,0.1200000000000001,3.6,0,0.013531836004889053,0.0019361530972159535
2019-10-07,17.860000610351562,0.11331414317606742,0.16156353933241707,0.0997537476641146,-0.01263073972165385,-0.531821755206494,0.10000000000000009,3.6,0,-0.004314265303716702,-0.003338465349552955
2019-10-08,20.280000686645508,0.12503254855939855,0.16454061877084475,0.09267248223036484,-0.02773134207175232,-0.5310188330333121,0.1200000000000001,3.6,0,-0.01552477556596854,0.002115869668096959
2019-10-09,18.639999389648438,0.12744261367833593,0.16572201298023764,-0.09338522014431094,-0.025429213559851838,-0.5431330314395337,0.1200000000000001,3.6,0,0.009495765147411017,-0.0025511238237819756
2019-10-10,17.56999969482422,0.12958433341115771,0.16579739432029414,-0.08106700190246052,-0.022223699244290573,-0.5428402553435907,0.1399999999999999,3.6,0,0.006763920198000317,-0.006262033283459534
2019-10-11,15.579999923706055,0.13583209434556714,0.16701624580229282,-0.08568080477571416,-0.0114311198636744,-0.5580094777537284,0.13000000000000012,3.6,0,0.010367016887743441,-0.0068339693638498344
2019-10-14,14.569999694824219,0.13552107130296911,0.166634185792548,-0.18421057128186635,-0.009472690383791171,-0.5650939433193191,0.13000000000000012,3.6,0,-0.0011139578293056784,0.0027700028538795163
2019-10-15,13.539999961853027,0.14011117026850653,0.16778526828293172,-0.3323471645260253,-0.0021928247252667177,-0.5732942527190207,0.15999999999999992,3.6,0,0.009900391709079637,-0.004812168638635761
2019-10-16,13.680000305175781,0.14018961681804926,0.1671916692374137,-0.26609438019762754,-0.00439052998969458,-0.5713372195503085,0.16999999999999993,3.6,0,-0.0016058193041217361,0.0019698420319762544
2019-10-17,13.789999961853027,0.14063077141296315,0.16702177297162293,-0.21513943076986541,-0.001387913318514733,-0.5747272410102785,0.15999999999999992,3.6,0,0.002949037089851503,-0.0003573256303600614
2019-10-18,14.25,0.14048215093894972,0.16697478843087687,-0.08536584917965029,-0.0010388731387840355,-0.5808413826269667,0.17999999999999994,3.6,0,-0.00437696604658433,0.0008939926837434609
2019-10-21,14.0,0.14252745085772905,0.16698828140488345,-0.03912146237221292,0.0059689023361677584,-0.5852382361228504,0.17999999999999994,3.6,0,0.006778731024705609,-0.0036623593600080273
2019-10-22,14.460000038146973,0.1399435142449585,0.16708257770622512,0.06794683005065805,0.010613089310464563,-0.585999643478436,0.17999999999999994,3.6,0,-0.0032665382692615985,0.00233066509143276
2019-10-23,14.010000228881836,0.13882185258256058,0.16710823470185068,0.024122800902365515,0.007593804309011576,-0.5859637347857916,0.18999999999999995,3.6,0,0.00290957631630695,0.0003580926339235013
2019-10-24,13.710000038146973,0.13856155167893847,0.16554433198249538,-0.005801299777183244,0.011346916398861318,-0.5838902092847138,0.18999999999999995,3.6,0,0.001633923844444496,-0.00017854305354936262
2019-10-25,12.649999618530273,0.13720835691102273,0.16464756309386436,-0.11228072852419135,0.02098854925279947,-0.5845458274112373,0.17000000000000015,3.6,0,0.0040950721715411476,-0.0021461736486325655
2019-10-28,13.109999656677246,0.13759763661046898,0.16411249981509188,-0.06357145309448242,0.02200366575107693,-0.5844612313875813,0.2100000000000002,3.6,0,0.005636550321716616,-0.0037647822266486664
2019-10-29,13.199999809265137,0.1289284067482234,0.15107038572734233,-0.08713694505932401,0.03399955826597645,-0.5384277787966533,0.20000000000000018,3.6,0,-0.0002967447696244907,0.0009001046158720882
2019-10-30,12.329999923706055,0.10670542958551593,0.14875660718183506,-0.119914366718741,0.05582199664302867,-0.5458160524959056,0.16999999999999993,3.6,0,0.0030670514647517244,0.004852935062124697
2019-10-31,13.220000267028809,0.1063061179173637,0.14894800976829212,-0.03574031872755501,0.044452915547468,-0.5440581705045162,0.16999999999999993,3.6,0,-0.002662996105085469,0.006350852341145519
2019-11-01,12.300000190734863,0.10122958269387233,0.1448707981388127,-0.027667939790505303,0.040054878567374885,-0.5659144367476306,0.16999999999999993,3.6,0,0.009264003124251463,-0.0018867948490206565
2019-11-04,12.829999923706055,0.09864016615907605,0.14413410636150237,-0.021357722372523535,0.04875740880771606,-0.5746203751457867,0.18999999999999995,3.6,0,0.004017011626599176,-0.005083801046263603
2019-11-05,13.100000381469727,0.07411480018752835,0.1415773884050955,-0.007575714336391148,0.06411804783891206,-0.5436438053306956,0.2300000000000002,3.6,0,-0.001105646384436998,-0.005378103839727144
2019-11-06,12.619999885559082,0.07077029308490862,0.13837991032842611,0.023519867286897922,0.05434870020238303,-0.5343959527172325,0.19999999999999996,3.6,0,0.0002278882540929228,0.0028841262557630643
2019-11-07,12.729999542236328,0.06919335873427723,0.12299907301804694,-0.037065107026855504,0.050948183225779875,-0.49322666354575767,0.24,3.6,0,0.0035168750777212487,-0.007997904406411793
2019-11-08,12.069999694824219,0.06264817894175288,0.12299249009894571,-0.018699227019841502,0.04272976866827949,-0.5097598060053773,0.26,3.6,0,0.002465947041919714,-0.0013588364637650008
2019-11-11,12.6899995803833,0.06325068384246303,0.1200111501428364,-0.010911951999631353,0.04189909451646967,-0.509231621996552,0.26,3.6,0,-0.0019097045709514093,0.001088580685077778
2019-11-12,12.680000305175781,0.056084663564829156,0.11788157268128535,-0.03206107359264243,0.03385963531441649,-0.4953491216221676,0.26,3.6,0,0.002107839589576388,0.0004531224687094326
2019-11-13,13.0,0.05499651283613508,0.11649465114994438,0.030110944365042913,0.035857740421083806,-0.4817447518037639,0.25,3.6,0,0.0003237429331239827,0.0027165342979416085
2019-11-14,13.050000190734863,0.05482661945554212,0.11558757821989922,0.02513752238849798,0.034315705341322555,-0.46860265468344,0.24,3.6,0,0.0014559917245908771,0.005059043111043771
2019-11-15,12.050000190734863,0.05324547440716069,0.11624108719173153,-0.0016569597841772365,0.04638041779012014,-0.47075241520171107,0.22999999999999998,3.6,0,0.007236418097170461,-0.0008090780869342007
2019-11-18,12.460000038146973,0.05072635314626926,0.10188570833431503,-0.018124472012739146,0.04010164850500031,-0.4223698738206198,0.20999999999999996,3.6,0,0.0007375902829664938,0.00170865259621511
2019-11-19,12.859999656677246,0.04765534773496238,0.10003117817590018,0.014195532111145992,0.043209200388946156,-0.42712599249198435,0.18999999999999995,3.6,0,-0.00028855919265380336,0.0018860479848525902
2019-11-20,12.779999732971191,0.05182728422344291,0.09998520023530258,-0.016923097463754533,0.03631449178880808,-0.42569248630491757,0.16999999999999993,3.6,0,-0.0037187866989067953,0.0036743704469948124
2019-11-21,13.130000114440918,0.05321683656789133,0.0994824570555336,0.006130262263356334,0.03295910804425728,-0.4244673587459101,0.16999999999999993,3.6,0,-0.0016091710004968451,-0.0025004892850164495
2019-11-22,12.34000015258789,0.052475666815865296,0.09658712580007534,0.02406638649483228,0.031034184256824915,-0.4239338788826664,0.15999999999999992,3.6,0,0.002223936640410651,-0.0001788032284838481
2019-11-25,11.869999885559082,0.055136182918348174,0.09747941018859925,-0.047351536980864584,0.033201336125964875,-0.4161143887840717,0.1499999999999999,3.6,0,0.007750318383903609,0.00044732752342468984
2019-11-26,11.539999961853027,0.05469075765536335,0.0963688642182458,-0.10264383593034088,0.03584981630008577,-0.40707454340497706,0.15999999999999992,3.6,0,0.0022658673359787773,0.0018796432971053267
2019-11-27,11.75,0.05534712678883042,0.09433738002781092,-0.0805946599759223,0.03728514525934834,-0.4345948110740158,0.14000000000000012,3.6,0,0.004456954870046381,-0.002590752195102186
2019-11-29,12.619999885559082,0.056585230139325315,0.09171874714797236,-0.038842362866464586,0.036197839022498624,-0.3891591072448072,0.16999999999999993,3.6,0,-0.0037084277778823838,-0.0008059332402661212
2019-12-02,14.90999984741211,0.060437015555999035,0.09375708164691066,0.20826577496315912,0.017965291423527763,-0.354012951591506,0.21999999999999997,3.6,0,-0.008494626824494533,-0.003590142836054633
2019-12-03,15.960000038146973,0.06491672838779557,0.095022520357032,0.344566149285624,0.007092972119849605,-0.391152144103397,0.18999999999999995,3.6,0,-0.006706333883014559,0.008917939889390603
2019-12-04,14.800000190734863,0.06780875546258591,0.09565292076784858,0.2824956880119749,0.014428332204457606,-0.4183763408763953,0.18999999999999995,3.6,0,0.006169997446964892,-0.0038393111691263915
2019-12-05,14.520000457763672,0.06788507926465544,0.09477708005536135,0.23574471980967426,0.016020991976445798,-0.4181088233015935,0.21999999999999997,3.6,0,0.0017982532270242046,-0.0023303260988063457
2019-12-06,13.619999885559082,0.07355345455244705,0.09617618977389573,0.0792393034126957,0.021707651448414467,-0.4254253297518998,0.22999999999999998,3.6,0,0.00913354913072495,-0.0030545228000080638
2019-12-09,15.859999656677246,0.0748401838147861,0.09647454209555147,0.06371561495555778,0.01599031341705137,-0.45994117533821577,0.20000000000000018,3.6,0,-0.0031437170102619483,0.0008110652147625963
2019-12-10,15.680000305175781,0.07451053494978413,0.09622018675897695,-0.01754384287606181,0.016798941726963612,-0.45123825851826854,0.20000000000000018,3.6,0,-0.0011153229138880505,-0.001170393236252787
2019-12-11,14.989999771118164,0.07471986457739174,0.09624550352816354,0.012837809319911075,0.017540546331675344,-0.44505962793194337,0.17999999999999994,3.6,0,0.00283872920576278,0.004146608484594028
2019-12-12,13.9399995803833,0.07954651374052117,0.09755899328196693,-0.03994496274759074,0.025978774721786335,-0.4672026909375813,0.24,3.6,0,0.008619196354956227,-0.007899811603582219
2019-12-13,12.630000114440918,0.07958167770226195,0.0975386010832166,-0.07268720847551802,0.02510083404567176,-0.4590017418671179,0.20999999999999996,3.6,0,0.0005990354481686389,0.005881572322285589
2019-12-16,12.140000343322754,0.07922580250596106,0.0975408345141468,-0.23455229469619365,0.024727625441472556,-0.45743050171384175,0.24,3.6,0,0.006869713393387045,-0.004677921586278333
2019-12-17,12.289999961853027,0.07929019980021065,0.09751745041140099,-0.21619899727959546,0.024196919762368374,-0.45674262671886007,0.26,3.6,0,0.00021930902532263374,8.989531581815591e-05
2019-12-18,12.579999923706055,0.0792120342477415,0.09572364553255319,-0.16077384150836038,0.024556772953370887,-0.43323744834445477,0.29000000000000004,3.6,0,6.269098698918896e-05,-0.0027107801350980676
2019-12-19,12.5,0.07758407039338157,0.09542193319218212,-0.10329982953584183,0.03259645712420989,-0.4204794051075872,0.2999999999999998,3.6,0,0.004099019509325119,0.0007802795046718547
2019-12-20,12.510000228881836,0.07719496966242026,0.09537062056247671,-0.009501178501326923,0.03879505075133305,-0.4155957715708333,0.29000000000000004,3.6,0,0.004384088987291479,0.0
2019-12-23,12.609999656677246,0.07719770575264635,0.09432159142679414,0.038714934107312526,0.038073437711956926,-0.41205338130008495,0.29000000000000004,3.6,0,0.0015277282203460807,-0.000906579352098924
2019-12-24,12.670000076293945,0.07421932281085142,0.09413866884120597,0.030919456112319166,0.030122253389484488,-0.41687184053544596,0.2799999999999998,3.6,0,3.1395770719422345e-05,0.0017243381529850055
2019-12-26,12.649999618530273,0.07542393778718592,0.09027093452558814,0.005564363692269092,0.03326454261293965,-0.39795615079880997,0.26,3.6,0,0.00532318332309023,0.0014497146007810269
2019-12-27,13.430000305175781,0.0749475590564622,0.08087456755454231,0.07440002441406257,0.02842489734357523,-0.38327484237237514,0.2899999999999998,3.6,0,-0.00024776028220685475,0.0014474550798611041
2019-12-30,14.819999694824219,0.07683345186891237,0.081266773599394,0.18465223210862036,0.026561804010097667,-0.4202032581095839,0.31999999999999984,3.6,0,-0.005513308417393725,-0.0006321103375945825
2019-12-31,13.779999732971191,0.06754383872289445,0.07750085507119168,0.09278351373105753,0.03787190438173571,-0.46904091089338407,0.33999999999999986,3.6,0,0.0024292408333781434,-0.0036161350615353527
2020-01-02,12.470000267028809,0.06448640708238218,0.07811678070055215,-0.015785304503615927,0.054650670537595536,-0.44012839132695225,0.2999999999999998,3.6,0,0.009351757753835122,0.004627329365414434
2020-01-03,14.020000457763672,0.07254503459859468,0.07204250650749358,0.1083004648653556,0.040246394092851245,-0.4886924326542399,0.27,3.6,0,-0.007572136511235672,0.006682497035519708
2020-01-06,13.850000381469727,0.07282896856543965,0.070421611521839,0.031273273771414756,0.042340657086817,-0.4846518874794794,0.27,3.6,0,0.0038151109840580677,-0.0010758985483825256
2020-01-07,13.789999961853027,0.06977595718204413,0.07030158056658972,-0.0695006581768629,0.030002423572729864,-0.45800316311837375,0.29000000000000004,3.6,0,-0.0028116103441754303,-0.0014371145595188928
2020-01-08,13.449999809265137,0.06879080715867338,0.06837754260767874,-0.023947745290333278,0.038757150516740335,-0.42677315396201415,0.29000000000000004,3.6,0,0.005329277188843573,-0.0023386621029501953
2020-01-09,12.539999961853027,0.06988354287265654,0.0689481204928513,0.005613447740598687,0.046968648857160566,-0.4118291240735115,0.27,3.6,0,0.006780978800216664,0.0007214786296121378
2020-01-10,12.5600004196167,0.07221375033008502,0.06744334805220098,-0.10413694653900585,0.04100033780051837,-0.39187972434861446,0.27,3.6,0,-0.002878016450452492,0.0021615137612878144
2020-01-13,12.319999694824219,0.07034334561834024,0.0680000888133071,-0.11046936061406432,0.03920258974632462,-0.3891450898863445,0.27,3.6,0,0.006877368680336504,-0.0011681814421717895
2020-01-14,12.390000343322754,0.07127557172488524,0.068257114227087,-0.10152281525765494,0.03699697954272341,-0.39335637888850716,0.24,3.6,0,-0.001524642325610559,0.001979813139631359
2020-01-15,12.420000076293945,0.06878528835260135,0.06712425485976156,-0.07657990688309657,0.03224935016046948,-0.390390992427946,0.22999999999999998,3.6,0,0.002260014108133701,0.002514877756784273
2020-01-16,12.319999694824219,0.07253891945215042,0.06769338240411772,-0.017543880996655048,0.04060779804471326,-0.38404021838189983,0.22999999999999998,3.6,0,0.008318399585178993,-0.0020604025754992206
2020-01-17,12.100000381469727,0.0722647097922715,0.0669414562099948,-0.036624205635258256,0.04378118667964093,-0.37719236873513007,0.26,3.6,0,0.0031124351689533203,-0.0008081416358418636
2020-01-21,12.850000381469727,0.07329447984807304,0.06734950366074849,0.04301953731932051,0.03748441574168515,-0.3883440665886187,0.25,3.6,0,-0.001958362637012212,0.003953222490675534
2020-01-22,12.90999984741211,0.0729020140835913,0.06743222278139734,0.04196928891689611,0.03308089150693272,-0.38812435967053677,0.24,3.6,0,0.00012105658916761186,0.00017896266428230057
2020-01-23,12.979999542236328,0.07292223298202126,0.0672605854870866,0.04508852355091797,0.032687987375157546,-0.38418034635445075,0.22999999999999998,3.6,0,0.0011468244733692234,0.002505267673557965
2020-01-24,14.5600004196167,0.08183639240337767,0.07013834688766189,0.18181824515251677,0.023471967991457232,-0.3909254795139905,0.20999999999999996,3.6,1,-0.008893186329976377,0.003570622204251306
2020-01-27,18.229999542236328,0.10045600341422505,0.07868831461408271,0.5066114849181536,0.0017340117580659786,-0.4462952702351527,0.17000000000000015,3.6,1,-0.016029303157197416,0.006758637018086322
2020-01-28,16.280000686645508,0.10696109574439791,0.08088544352355058,0.2669260858639346,0.012482207209955964,-0.4765202514909014,0.19999999999999996,3.6,1,0.010479171567788992,-0.0033568286201373088
2020-01-29,16.389999389648438,0.10465259894362669,0.08058831131006057,0.26955844952499475,0.017254401432437838,-0.4698037044900152,0.18000000000000016,3.6,1,-0.0008259335577570637,0.004786525064610636
2020-01-30,15.489999771118164,0.10485304157754621,0.07898485085981652,0.1933744466411118,0.01808234755213456,-0.4625250246889916,0.16000000000000014,3.6,1,0.003245120714605365,0.0009703459729308861
2020-01-31,18.84000015258789,0.11989364093286634,0.08817860268987138,0.29395601714439135,-0.00966486884317408,-0.48236533645719415,0.17999999999999994,3.6,1,-0.01815751171608526,0.005023103990210442
2020-02-03,17.969999313354492,0.11991248164167173,0.08909643345504491,-0.014262218069696186,0.0053040130961239385,-0.5073839206752571,0.17999999999999994,3.6,1,0.007428377006325038,-0.0008515824760201296
2020-02-04,16.049999237060547,0.13073587727304772,0.09373232398543105,-0.014127852572735522,0.016746978491371856,-0.5425490429440085,0.20000000000000018,3.6,1,0.015241128814068583,-0.005800409719779243
2020-02-05,15.149999618530273,0.13524137235514092,0.09597969114475909,-0.07565587658906936,0.03138814302048254,-0.5745127787507719,0.21999999999999997,3.6,1,0.01154791035106495,-0.004330830353676651
2020-02-06,14.960000038146973,0.13469798338894307,0.09604062498380217,-0.03421560624935582,0.02937302269054265,-0.5734387045164341,0.20999999999999996,3.6,1,0.0033650705238201795,0.0007104394712980078
2020-02-07,15.470000267028809,0.1352387742581734,0.0967967178066208,-0.17887472708412766,0.01699064286843943,-0.5834043813295811,0.18000000000000016,3.6,1,-0.005329640190544382,0.0047903288751529605
2020-02-10,15.039999961853027,0.13640804683382976,0.0975969680260864,-0.1630494971318125,0.027539925063450932,-0.5705790942170745,0.18999999999999995,3.6,1,0.007465167394037131,0.001942073051456994
2020-02-11,15.180000305175781,0.1348792367893603,0.09757135421164542,-0.054205543504069365,0.022290142499529653,-0.5679540073822393,0.18000000000000016,3.6,1,0.0017331527475310526,-0.0023787729569196836
2020-02-12,13.739999771118164,0.13575583942894573,0.09810521330092081,-0.09306929920232543,0.030447420788601187,-0.5824215308318031,0.18000000000000016,3.6,1,0.006442607889104446,-0.002561944979245112
2020-02-13,14.149999618530273,0.13603374549332423,0.09751948099637746,-0.05414441293791805,0.027026963776011215,-0.5820499892771902,0.17000000000000015,3.6,1,-0.0010668779045330812,0.0008853757302933474
2020-02-14,13.680000305175781,0.1335496246103132,0.0975104878688607,-0.11570781712706568,0.020185973122639478,-0.5798154798165802,0.17000000000000015,3.6,1,0.0016020260229658856,0.0024778647590875114
2020-02-18,14.829999923706055,0.13390138079339234,0.0977935337598007,-0.013962768529229397,0.014399956058314123,-0.5804138119504832,0.14000000000000012,3.6,1,-0.0025767487840070435,0.0015883152165394598
2020-02-19,14.380000114440918,0.13423064435586407,0.09745285138293941,-0.05270093377152929,0.02124981604639875,-0.5743081537276002,0.14000000000000012,3.6,1,0.004781035799852562,-0.00017574750201454492
2020-02-20,15.5600004196167,0.13546764134244035,0.09792877353455462,0.13246002029230186,0.016931257351584295,-0.5915462787000492,0.13000000000000012,3.6,1,-0.0041081549288531916,0.0029082480607245387
2020-02-21,17.079999923706055,0.14113576109293893,0.10083983473180003,0.20706716495870214,0.005305650743540058,-0.6023504173594127,0.11999999999999988,3.6,1,-0.010298333745615507,0.004042572650658549
2020-02-24,25.030000686645508,0.18238083456840504,0.12220482574897744,0.8296783719497063,-0.019314044715511125,-0.6356980995741421,0.11999999999999988,3.6,1,-0.03316515565781153,0.007790048137725325
2020-02-25,27.850000381469727,0.203846633864648,0.13755540304768807,0.8779501365304081,-0.03353941875261357,-0.6028868604652131,0.13000000000000012,3.6,1,-0.030302324126562308,0.0027789761515815137
2020-02-26,27.559999465942383,0.19882972526198325,0.13745077134240583,0.9165507125598442,-0.04708035807412114,-0.5967050222791151,0.17000000000000015,3.6,1,-0.0036785058515906854,-0.0005199697293173378
2020-02-27,39.15999984741211,0.24951819665286878,0.16521382827849676,1.516709433891954,-0.08912487866581575,-0.5803670574636534,0.18999999999999995,3.6,1,-0.04491128216733664,0.0048532158441429996
2020-02-28,40.11000061035156,0.24783217039235383,0.16459062287639878,1.3483607019623691,-0.09588591295783844,-0.580875717187615,0.2699999999999999,3.6,1,-0.004201536357903768,0.011210820192769866
2020-03-02,33.41999816894531,0.295671022682674,0.18717006718596782,0.3351976529020313,-0.03928794364696697,-0.5386239728893765,0.2600000000000001,3.6,1,0.04330629226224092,-0.0006832057175428785
2020-03-03,36.81999969482422,0.30812969193367573,0.19576203466665745,0.3220825562114811,-0.07367648007299421,-0.5861487593216074,0.31000000000000005,3.6,1,-0.02863236274415537,0.011619861248217456
2020-03-04,31.989999771118164,0.3426466636565827,0.21423393829623172,0.16074021738099842,-0.04923084292276447,-0.5797137979861823,0.35,3.6,1,0.04203329777133957,-0.0021957778711464426
2020-03-05,39.619998931884766,0.3552907349003387,0.22407616660245513,0.011746656952631662,-0.09132953091667317,-0.6084083056972315,0.33000000000000007,3.6,1,-0.03324197324136269,0.008888172860900934
2020-03-06,41.939998626708984,0.35643744604355265,0.22642072904734858,0.045624482386199094,-0.10934796272221503,-0.6190433090168974,0.25,3.6,1,-0.016531102747370574,0.010151730899622624
2020-03-09,54.459999084472656,0.4397350639169609,0.27644037081359624,0.6295631977346496,-0.1745035024856918,-0.6299145058625601,0.16000000000000003,3.6,1,-0.07809462748928642,0.008969579054304733
2020-03-10,47.29999923706055,0.4874565268607582,0.29746396389983887,0.28462790953552064,-0.138221475967647,-0.6969598523947429,0.26,3.6,1,0.05174503778653783,-0.018356816241941742
2020-03-11,53.900001525878906,0.5080207546843267,0.31225730148013797,0.6849015914824095,-0.1816502463054187,-0.5453265657070159,0.31999999999999995,3.6,1,-0.04874854042212984,-0.00997869183484501
2020-03-12,75.47000122070312,0.5885105164009785,0.3663119956970191,0.904846119517877,-0.2646848370423175,-0.46228101155550133,0.38,3.6,1,-0.09567699276936681,0.000508136608816212
2020-03-13,57.83000183105469,0.6868629842006183,0.4089853342811891,0.37887467154627763,-0.20097317384142166,-0.492802811159054,0.44999999999999996,3.6,1,0.08548606407366544,-0.006519000956965115
2020-03-16,82.69000244140625,0.7695193947886253,0.46397939668408744,0.5183621709788531,-0.28954372159085007,-0.623223900412889,0.37,3.6,1,-0.10942358308991895,0.026416857451302622
2020-03-17,75.91000366210938,0.8076760507889756,0.47904369527590257,0.6048626825903263,-0.24925029173640456,-0.647774389402312,0.55,3.6,1,0.05399197335897554,-0.02507272370353142
2020-03-18,76.44999694824219,0.815425610587521,0.4884434138232636,0.4183672501667073,-0.29065440402045084,-0.5567135085127913,0.6399999999999999,3.6,1,-0.05063299416142253,-0.013880605074867769
2020-03-19,72.0,0.8169052402129228,0.48829434576383013,-0.04597854994801864,-0.2862145318377004,-0.5546351127859869,0.6800000000000002,3.6,1,0.002125241775123632,0.0032814153742322105
2020-03-20,66.04000091552734,0.8224421831994803,0.494539121730491,0.14196781643648304,-0.3098673838384405,-0.5649170501060509,0.55,3.6,1,-0.04309427605734395,0.025477645740398236
2020-03-23,61.59000015258789,0.8209125061186505,0.4961949111026489,-0.25516993186412984,-0.30444461913680976,-0.569292864628452,0.48,3.6,1,-0.025568184085353662,0.011834829172940653
2020-03-24,61.66999816894531,0.9024791362908684,0.5335023090836899,-0.18759063109190688,-0.21772028338166627,-0.5746746919004411,0.45999999999999996,3.6,1,0.09060305470763774,-0.0068020999805328275
2020-03-25,63.95000076293945,0.9068091757720969,0.5348764598692688,-0.16350551581794592,-0.2030778221016445,-0.5741332459687887,0.54,3.6,1,0.014970320892359057,0.0005849031431950369
2020-03-26,61.0,0.9275456066498582,0.5498286065050374,-0.1527777777777778,-0.11688390842554408,-0.555233906973734,0.53,3.6,1,0.05838968846820003,0.0024206431846682808
2020-03-27,65.54000091552734,0.931850297178017,0.5524922230600613,-0.007571168883531043,-0.13957289986462562,-0.559884569399348,0.47,3.6,1,-0.029785559831358,0.007411303058788121
2020-03-30,57.08000183105469,0.9250426883011803,0.5567657909261758,-0.07322614564636765,-0.14850484394261387,-0.5569858573007334,0.47,3.6,1,0.03247591109777792,0.0023142651559331373
2020-03-31,53.540000915527344,0.9219413093040217,0.5572317647715642,-0.13183067123086,-0.13647213529455204,-0.5572427690879671,0.47,3.6,1,-0.014905703600990416,0.0018139019935587974
2020-04-01,57.060001373291016,0.9139122230179256,0.563621752391888,-0.10774041137527801,-0.20860014123491744,-0.5561431446170628,0.39,14.8,1,-0.04500475503932089,0.004071772594008483
2020-04-02,50.90999984741211,0.9168129697609745,0.5663114895352215,-0.16540983856701463,-0.16249811893124155,-0.5562070198149986,0.4,14.8,1,0.023075322773109086,0.00016396715886868307
2020-04-03,46.79999923706055,0.9165631235824782,0.5664609002961877,-0.28593227672700605,-0.1607294673337657,-0.5544713191615114,0.39,14.8,1,-0.014454195368996725,0.0007383492079140463
2020-04-06,45.2400016784668,0.9124143011101182,0.5844763783568921,-0.2074281670072805,-0.028488847185616728,-0.5592576009548427,0.4,14.8,1,0.06716644558976825,-0.00451037092544837
2020-04-07,46.70000076293945,0.8918959930905082,0.5845264311573506,-0.1277549502358002,-0.07534495824029763,-0.5578393920678356,0.47,14.8,1,0.0010192358757992181,-0.00444848927748287
2020-04-08,43.349998474121094,0.8829785313337905,0.5889283347693873,-0.24027344145118412,0.004670468573170217,-0.5578333577854845,0.5,14.8,1,0.0335684189924903,-0.001241082673288152
2020-04-09,41.66999816894531,0.8050506427472323,0.5900100242724922,-0.18149679249972517,0.12787047309099187,-0.5561378898458968,0.5,14.8,1,0.015217675742799086,0.002154465368923386
2020-04-13,41.16999816894531,0.7513813058954745,0.5901262470293321,-0.12029917008325253,0.02955969052514562,-0.553970658268537,0.51,14.8,1,-0.009130283254715321,-0.0021498336268253038
2020-04-14,37.7599983215332,0.6286355224360699,0.5933128866816183,-0.16534047478813207,0.19015506742017863,-0.5500315311432254,0.53,14.8,1,0.029492554210047706,0.001325339316369245
2020-04-15,40.84000015258789,0.6145444733923835,0.5945561697148695,-0.12548180973482959,0.10519538221418401,-0.5526838364613215,0.43,14.8,1,-0.021247656095637057,0.008936068595982505
2020-04-16,40.11000061035156,0.5775167115239849,0.5947291057246297,-0.07474043778118544,0.16975511298469304,-0.5531363785141511,0.41,14.8,1,0.004824058307029366,0.0010660242721391988
2020-04-17,38.150001525878906,0.5806300419148936,0.5976970488643817,-0.08447316529256998,0.19880867304682814,-0.5558558739969314,0.45,14.8,1,0.027015328237243175,-0.0026212207559174194
2020-04-20,43.83000183105469,0.5564260121357777,0.5985635926955555,0.06461024484853706,0.23072546668008354,-0.556173200107327,0.43,14.8,1,-0.01761784833019364,0.002628109611379603
2020-04-21,45.40999984741211,0.560849015875916,0.6012424112396719,0.2025953883985312,0.22466916566111506,-0.5551057292659918,0.37999999999999995,14.8,1,-0.030363284665792856,0.0027856638963634772
2020-04-22,41.97999954223633,0.47816393364999704,0.6026112862123172,0.027913794940968017,0.14785130688222559,-0.5563411410653681,0.41000000000000003,14.8,1,0.022194545871595528,-0.0031046679294917112
2020-04-23,41.380001068115234,0.47796347969771047,0.6020922663662439,0.03166293788177876,0.13083993908580682,-0.5552698520358398,0.39,14.8,1,-7.172621568207749e-05,0.0006557377525204799
2020-04-24,35.93000030517578,0.4384866628644482,0.6029562232430188,-0.058191379604459414,0.08334577859167291,-0.5563902043873504,0.38,14.8,1,0.013938366939812763,0.0002456407651079129
2020-04-27,33.290000915527344,0.42052447187743675,0.6037720927313092,-0.24047457164511188,0.13270480520420502,-0.5581967734936295,0.43000000000000005,14.8,1,0.014419015769980836,-0.00532132053810408
2020-04-28,33.56999969482422,0.41072254981355033,0.6028023745989661,-0.26073552504675124,0.09203117665632088,-0.5564477125059177,0.42,14.8,1,-0.004598657227248615,0.004362065669202275
2020-04-29,31.229999542236328,0.41056657820146036,0.6051639645168019,-0.25607432389760654,0.13757529509934385,-0.5559900736439253,0.43,14.8,1,0.02617851841739105,-0.0004915713053907922
2020-04-30,34.150001525878906,0.3682194811773364,0.6044668399436304,-0.17472207239277482,0.1800937560165392,-0.5512498007290068,0.44,14.8,1,-0.009310477769153835,-0.002377931793495769
2020-05-01,37.189998626708984,0.3839908910687069,0.606046088089338,0.03506814113084489,0.12294041755846652,-0.5480908055534427,0.44,13.2,1,-0.02647342697024091,0.00138219375642179
2020-05-04,35.970001220703125,0.37656690764303136,0.6060248695753561,0.08050466300605463,0.1425522968421684,-0.5481541970427215,0.45,13.2,1,0.002758120660206753,0.00016439246188215684
2020-05-05,33.61000061035156,0.3025768939422897,0.6064084820630192,0.0011915673485547451,0.08053304601113886,-0.5489606659032926,0.47000000000000003,13.2,1,0.009239238537264605,-0.0007390992672035024
2020-05-06,34.119998931884766,0.3048712343494856,0.6061954694330562,0.09253920691673145,0.0721154466216396,-0.5463999498459746,0.5499999999999999,13.2,1,-0.006778932759478495,-0.00369968468836146
2020-05-07,31.440000534057617,0.28585792389729275,0.6068294968212293,-0.07935580880626458,0.04981215737347422,-0.5406240538600835,0.5,13.2,1,0.012067026134848113,0.006106136797822126
2020-05-08,27.979999542236328,0.286674058816113,0.6077629399260095,-0.24764720152095543,0.05118575661253555,-0.5422543106729396,0.5299999999999999,13.2,1,0.016546010737862105,-0.0032806102594078457
2020-05-11,27.56999969482422,0.28348177521369305,0.6077729174523351,-0.2335279744456652,0.061089319371097295,-0.5414464326636034,0.5599999999999999,13.2,1,0.00020502248322418204,-0.002797645902684054
2020-05-12,33.040000915527344,0.276705495608417,0.6088990616728218,-0.016959228934041226,0.010148525362598138,-0.5425278190994854,0.5199999999999999,13.2,1,-0.019931341761669663,0.0033007881540814132
2020-05-13,35.279998779296875,0.2732340202961434,0.6097579674764213,0.03399765192630477,0.013824720104577581,-0.5423949017838915,0.48,13.2,1,-0.017685720271328642,0.0020559507689710266
2020-05-14,32.61000061035156,0.2757841643105349,0.6102843186419132,0.03721374225253382,0.02103160140492988,-0.5413123671617324,0.47,13.2,1,0.011966957441714055,0.0015591540142314564
2020-05-15,31.889999389648438,0.2588990153131613,0.6104183135461486,0.13974267017088016,-0.0012558366057318082,-0.5416204473029586,0.48,13.2,1,0.004597275326254868,-0.0006554830149839708
2020-05-18,29.299999237060547,0.271299226806271,0.6137243210285784,0.06274934934297827,0.04762277541387494,-0.5468750493483989,0.55,13.2,1,0.030460005645208676,-0.0061497916810586695
2020-05-19,30.530000686645508,0.24737031640882948,0.6104164007336287,-0.07596852782477514,0.0693300891776032,-0.5418661146315392,0.5299999999999999,13.2,1,-0.01027188448763694,0.002805408832317502
2020-05-20,27.989999771118164,0.24279206310889442,0.608351539809847,-0.2066326320979538,0.06388367363834391,-0.5416133980918096,0.52,13.2,1,0.016988205645012355,0.000246460255535208
2020-05-21,29.530000686645508,0.24521679412285868,0.6084699855163052,-0.09444955124374799,0.05661448200262531,-0.5418398089783608,0.51,13.2,1,-0.006903930172016293,0.0006579631705132538
2020-05-22,28.15999984741211,0.24170840526420367,0.6012610986705935,-0.11696455357873392,0.04406868229335803,-0.5393987006630295,0.49,13.2,1,0.00189928562317343,0.0018907549271143242
2020-05-26,28.010000228881836,0.24042054824267167,0.601639922825254,-0.04402727105013149,0.0419087075982858,-0.5453660635323598,0.51,13.2,1,0.012320380458508584,-0.0026251586269308014
2020-05-27,27.6200008392334,0.24308099470084849,0.5958888123076641,-0.09531607540005749,0.062296415282324435,-0.5473001627588584,0.49000000000000005,13.2,1,0.014879010496183787,0.0008222483290414306
2020-05-28,28.59000015258789,0.2277181459140877,0.5928171577760952,0.021436241028084835,0.03328662809096716,-0.5401408140490142,0.5299999999999999,13.2,1,-0.0018449409592643518,-0.0009039846535002782
2020-05-29,27.510000228881836,0.2240746734536309,0.5866619369513413,-0.06840502576341578,0.0476449912026109,-0.5385209871164004,0.49,13.2,1,0.00445596370446899,0.003208598274570207
2020-06-01,28.229999542236328,0.1963430802564924,0.5825143842722824,0.002485784630806842,0.08048337901830194,-0.5308619208294825,0.52,11.0,1,0.0040417221713917595,-0.00039427663880076125
2020-06-02,26.84000015258789,0.1968760410937729,0.5815551435751176,-0.041770798526717945,0.08643344061595859,-0.5292106604812085,0.51,11.0,1,0.008280160796446223,-0.0016424146188331878
2020-06-03,25.65999984741211,0.19877077182459132,0.557911543728256,-0.07096310399227668,0.09081354733252511,-0.5139519908543362,0.5800000000000001,11.0,1,0.013308126148854793,-0.005922579677767215
2020-06-04,25.809999465942383,0.19619489413996052,0.5486186580462249,-0.09723681958056474,0.09537399325141638,-0.4861554474178757,0.6299999999999999,11.0,1,-0.002626499033540286,-0.003971422727627849
2020-06-05,24.520000457763672,0.20852546066253508,0.5403650575143705,-0.10868774068489695,0.110052701475706,-0.5456834073128513,0.6900000000000001,11.0,1,0.025629368012219933,-0.004984843426136254
2020-06-08,25.809999465942383,0.20592512160309823,0.4997410697414841,-0.08572441075223047,0.10518413993295339,-0.5881154883472532,0.66,11.0,1,0.01208755862316746,0.0010853261673069436
2020-06-09,27.56999969482422,0.21009089437174555,0.4712984690606122,0.027198194414538523,0.09671820158363853,-0.5848788195015094,0.6399999999999999,11.0,1,-0.007456754184627434,0.003586231507652693
2020-06-10,27.56999969482422,0.1932685311506988,0.40900233955928994,0.07443491265666302,0.11277779276846789,-0.4548097914673993,0.58,11.0,1,-0.005579886700885384,0.007479790386606844
2020-06-11,40.790000915527344,0.2863166868932067,0.41603317726526207,0.5803952638337648,0.06750690528352488,-0.39543152221378886,0.47000000000000003,11.0,1,-0.0576489901365661,0.0035465947512876017
2020-06-12,36.09000015258789,0.28632016436232016,0.40086100490098237,0.4718596851070145,0.06751617585725644,-0.550719022962746,0.52,11.0,1,0.011975745688653117,-0.0022192608824331828
2020-06-15,34.400001525878906,0.2870694832447606,0.4009611117086539,0.3328168243967409,0.07255113564016868,-0.5515564924919792,0.52,11.0,1,0.009335476951376931,-0.0008233774526539284
2020-06-16,33.66999816894531,0.2757244933125786,0.3895558578879426,0.2212549344085144,0.06088101764749698,-0.5359538340306554,0.54,11.0,1,0.019247869036513432,-0.0020613060900694924
2020-06-17,33.470001220703125,0.2726253703452101,0.38469689526139933,0.21400078314061521,0.06743875894281404,-0.5212702799537802,0.55,11.0,1,-0.004153968504349681,0.0015697876247446896
2020-06-18,32.939998626708984,0.2679899120670002,0.34188470009958416,-0.19244918148138934,0.05001198564048703,-0.4654337910961306,0.52,11.0,1,0.0003850771166191702,0.0022270587787462937
2020-06-19,35.119998931884766,0.2674644630081834,0.34177601030965704,-0.026877285026377873,0.051269115713103997,-0.46640594132442764,0.51,11.0,1,-0.005714942854298299,0.0003290963841307004
2020-06-22,31.770000457763672,0.2677785417500556,0.3225270766962121,-0.07645351603071004,0.0560075521760095,-0.5263138365126203,0.52,11.0,1,0.006415195047503319,-0.0009051355532139205
2020-06-23,31.3700008392334,0.26555704633922217,0.3151347854541709,-0.06830999271729277,0.04795800727244637,-0.497029639154786,0.54,11.0,1,0.004603846289314761,-0.0003294317691475701
2020-06-24,33.84000015258789,0.27891051628756336,0.31495800393032863,0.011054643513305207,0.00625341797515877,-0.5295402215243252,0.49999999999999994,11.0,0,-0.025509165390120936,0.00189487510530717
2020-06-25,32.220001220703125,0.2810903224427096,0.31318714723566743,-0.02185784565947302,0.018921053012216138,-0.5252928084872007,0.51,11.0,0,0.01072074455538874,0.00016449488114167465
2020-06-26,34.72999954223633,0.2941398285414714,0.30204486396322205,-0.01110476655779069,-0.009692322276970256,-0.5139745079519342,0.47,11.0,0,-0.023751202460143395,0.002713101392271433
2020-06-29,31.780000686645508,0.29863332423285627,0.30021489739017426,0.0003147695542256024,0.0008174985543836222,-0.5143158384119233,0.48,11.0,0,0.014697298054119123,0.000983412096418057
2020-06-30,30.43000030517578,0.30068202942721634,0.29847737701437843,-0.029964950873765717,0.005313315001227448,-0.5172815010062556,0.5,11.0,0,0.01280950059764141,-0.001801826720951194
2020-07-01,28.6200008392334,0.2979237210886544,0.2678834287478812,-0.154255298162441,-0.0009399799561690125,-0.49220120980786375,0.5199999999999999,10.2,0,0.007005101508692935,-0.0015605476606112
2020-07-02,27.68000030517578,0.2983265632080272,0.26790897077200576,-0.14090629247432007,0.007207186842858926,-0.5030736194778591,0.52,10.2,0,0.005506914485447156,0.0012341587116333486
2020-07-06,27.940000534057617,0.2890013884034124,0.2615580731626413,-0.19550818018068683,-0.0028019358224459223,-0.5072128360781922,0.5299999999999999,10.2,0,0.015437174898753847,-0.0014789907770971222
2020-07-07,29.43000030517578,0.2875314176798987,0.26154835639047813,-0.07394588831639759,-0.024873925756021764,-0.526476779573139,0.49,10.2,0,-0.01031399549963552,0.003208499722796354
2020-07-08,28.079999923706055,0.28810065128323603,0.26069853871316284,-0.0772264330562632,-0.010033591917655627,-0.5417481128765493,0.51,10.2,0,0.007648649625167758,-0.0015580101628507315
2020-07-09,29.260000228881836,0.2881281158144107,0.25504691131342944,0.022361962644358302,-0.010145882576265364,-0.5685619055511436,0.45999999999999996,10.2,0,-0.0056926825377394685,0.0032033013912509123
2020-07-10,27.290000915527344,0.19467314788579498,0.2509631399911345,-0.014089573170109837,0.06113451468461495,-0.5491909976445903,0.49,10.2,0,0.01021066025018147,-0.0019645007113395785
2020-07-13,32.189998626708984,0.19589094960116596,0.2519338626214737,0.15211159668629248,0.039497348342151906,-0.5522663484064366,0.48,10.2,0,-0.008659044001993688,0.0010661387155670443
2020-07-14,29.520000457763672,0.19809767217842533,0.2476325033905081,0.003058109128597719,0.04322918220910932,-0.5408839380717286,0.49,10.2,0,0.012959028586228438,-8.165049231700916e-05
2020-07-15,27.760000228881836,0.18964812648478593,0.24464955428928797,-0.011396000558891228,0.032931649030767174,-0.5323339033736217,0.48,10.2,0,0.009187051214937014,-0.00032800406953803485
2020-07-16,28.0,0.18932075876977195,0.23526578220161515,-0.04306220844243602,0.03382425783442855,-0.5219557678076383,0.45999999999999996,10.2,0,-0.0032934072700817607,0.0007379797502007346
2020-07-17,25.68000030517578,0.1892937589530166,0.2317948060666045,-0.058995989605684196,0.03642247196754034,-0.5097002190507358,0.5,10.2,0,0.002899251674066017,-0.0002461012917025496
2020-07-20,24.459999084472656,0.1883052226837073,0.2320029806282814,-0.24013668443659142,0.050803551291253024,-0.5071590415658882,0.45999999999999996,10.2,0,0.008081450666627132,0.000655828499363631
2020-07-21,24.84000015258789,0.18775161846682614,0.2308160268587501,-0.1585365932453756,0.04632683509802571,-0.5102997738811083,0.47,10.2,0,0.0021275856316018693,0.0010647968021810783
2020-07-22,24.31999969482422,0.1879657044177179,0.22957914829696724,-0.12391932657401783,0.04746006765074551,-0.50184842022409,0.45999999999999996,10.2,0,0.0056918904290752526,0.00032688111628598193
2020-07-23,26.079999923706055,0.16615176868698608,0.23101375311584055,-0.06857143129621235,0.06205414470021453,-0.5017719038745028,0.42999999999999994,10.2,0,-0.011931755841521396,0.0009816230628112432
2020-07-24,25.84000015258789,0.16683207109396708,0.2261875104780852,0.006230523579077385,0.044021790271593364,-0.5035552229117787,0.44999999999999996,10.2,0,-0.0064400327789224665,-0.0004904745328476734
2020-07-27,24.739999771118164,0.13637490461003013,0.22529981327512721,0.011447289334661326,0.07722021800237533,-0.5247882311918751,0.47,10.2,0,0.007292139215664406,-0.001552788416839479
2020-07-28,25.440000534057617,0.1344330182063499,0.21811313925560888,0.024154604580677308,0.05488399461091431,-0.5316548804755636,0.44999999999999996,10.2,0,-0.0063425089837382265,0.0023740929215905204
2020-07-29,24.100000381469727,0.13393585113368145,0.21907484471722402,-0.009046024511312534,0.05435256459797566,-0.5229603905411636,0.45999999999999996,10.2,0,0.01229926689539873,0.0013066873189724326
2020-07-30,24.760000228881836,0.13466773987906952,0.21895181293261531,-0.050613485379053746,0.04328199542862765,-0.5232558281473532,0.44000000000000006,10.2,0,-0.003568325259979188,0.0013866065349965595
2020-07-31,24.459999084472656,0.1357228847349947,0.2184366257540333,-0.053405613775781124,0.04576750147782915,-0.5522069332508336,0.44000000000000006,10.2,0,0.007902425506837618,0.00024446224313745546
2020-08-03,24.280000686645508,0.12792692233761005,0.2177282483672412,-0.018593334225074032,0.03702907138698963,-0.6112580643748435,0.45000000000000007,10.2,0,0.0069521849254061685,-0.0004890926934946194
2020-08-04,23.760000228881836,0.11967913262389776,0.21575006122968796,-0.06603774645864069,0.05188356819143514,-0.5902431357975179,0.41000000000000003,10.2,0,0.0038623549970699944,0.0034246765101559884
2020-08-05,22.989999771118164,0.11897503542338969,0.21586581581251024,-0.046058115883061634,0.050382880073980285,-0.5973950040246272,0.44000000000000006,10.2,0,0.006211070029108479,-0.003331735045237094
2020-08-06,22.649999618530273,0.1157566316687267,0.21100316771150185,-0.085218117562467,0.06345797550585441,-0.5802627434365093,0.44000000000000006,10.2,0,0.006684388062948576,0.0011414897563815085
2020-08-07,22.209999084472656,0.11289853478923864,0.20672593656255675,-0.09198692085922078,0.05346480926009822,-0.5672311183543649,0.43999999999999995,10.2,0,0.0007178515979984201,-0.0021173692413091194
2020-08-10,22.1299991607666,0.10472351632729206,0.20588613449172635,-0.0885503074578351,0.06584288435023922,-0.5771540780299184,0.44999999999999996,10.2,1,0.002989083857060315,-0.0010610750537020097
2020-08-11,24.030000686645508,0.10561049094648575,0.20711069703234128,0.01136365552031715,0.04352166392760726,-0.5429106065440126,0.48,10.2,1,-0.008254681321824608,-0.003431247431377238
2020-08-12,22.280000686645508,0.11102142330030883,0.20029900128458672,-0.03088295309009148,0.048438833142384397,-0.5065978725314518,0.5299999999999999,10.2,1,0.01394243260444128,-0.0029512265160225315
2020-08-13,22.1299991607666,0.11013419651853651,0.19875785157290676,-0.022958077992118464,0.050001633134516776,-0.4874107427969255,0.5499999999999999,10.2,1,-0.0018077192108097995,-0.002055958528167978
2020-08-14,22.049999237060547,0.11045482729205665,0.1965172143238416,-0.007203955605922019,0.04699734450476245,-0.4953665311538217,0.57,10.2,1,2.973345284273954e-05,0.000494452425569003
2020-08-17,21.350000381469727,0.10841603875479909,0.1955945015222849,-0.03524621820500129,0.04190312310532929,-0.4918420646479155,0.5499999999999999,10.2,1,0.003176576623430183,0.0016473117588742259
2020-08-18,21.510000228881836,0.10841630439263586,0.19559225411985456,-0.10486892991077368,0.04193711400774758,-0.4919800958771243,0.53,10.2,1,0.0021602789024237623,0.001726375598758656
2020-08-19,22.540000915527344,0.10969621571175246,0.19494705351469155,0.011669668800220467,0.03172636404131701,-0.47649370908450195,0.54,10.2,1,-0.004163664477630835,-0.0013130669428008668
2020-08-20,22.719999313354492,0.09742021576755659,0.19314908744353584,0.026660649569019368,0.04743640640337299,-0.47941010733183265,0.52,10.2,1,0.0031135066557257396,0.0028759654063130746
2020-08-21,22.540000915527344,0.09177156473773063,0.1930120102189127,0.022222299112066413,0.057965461020347275,-0.48197203424939156,0.48,10.2,1,0.0035474443568315195,0.0007378119817571527
2020-08-24,22.3700008392334,0.09412458603154056,0.19366441800967876,0.04777519623132931,0.06094932087642846,-0.49758591256338497,0.51,10.2,1,0.010133081276904266,-0.0013920071099172704
2020-08-25,22.030000686645508,0.08744305957532462,0.19364485526941766,0.024174823441678095,0.07145757875208991,-0.49474574430402424,0.5399999999999999,10.2,1,0.003499251551115634,-0.002378004084580221
2020-08-26,23.270000457763672,0.08472900024844505,0.19391445406635105,0.03238684616616161,0.06905109428200751,-0.49201200124995154,0.5299999999999999,10.2,1,0.010025651482927778,-0.00041137573228466895
2020-08-27,24.469999313354492,0.08086413078526752,0.19251801875863958,0.07702465021516858,0.07522542211295624,-0.4726911741666123,0.58,10.2,1,0.0021865875350151054,-0.0035356152275289876
2020-08-28,22.959999084472656,0.08001414447385494,0.19249098600435455,0.018633458380029833,0.07368558830225402,-0.49260217473951473,0.6,10.2,1,0.006459005177698929,0.0016505644866455782
2020-08-31,26.40999984741211,0.08284524475378705,0.18647671678735583,0.18059896542753817,0.06241061015658622,-0.451683371388308,0.58,10.2,1,-0.0036220129612569707,0.0010709099586410087
2020-09-01,26.1200008392334,0.08586519032437046,0.18591730042565097,0.18565592488007643,0.06829072598578034,-0.4356496424256153,0.55,7.8,1,0.009418424248939017,0.0032778555441195234
2020-09-02,26.56999969482422,0.09414582350603264,0.18678493798292672,0.14181345819267288,0.07705284202687945,-0.41093933523270576,0.52,7.8,1,0.014464008993170019,0.0013953656053344865
2020-09-03,33.599998474121094,0.16410626318184443,0.20059334472152207,0.37310990670048394,0.03308108509976959,-0.4185692686303065,0.5,7.8,1,-0.0344145065195286,0.0013117317251625238
2020-09-04,30.75,0.16778462688853818,0.15977511194979777,0.3392857676895793,0.023911386546257685,-0.27423517193252656,0.58,7.8,1,-0.008164588675686035,-0.005566672278774831
2020-09-08,31.459999084472656,0.19575279798672,0.1696099506681683,0.1912154209101744,-0.007033002276008893,-0.2901669189666278,0.5499999999999999,7.8,1,-0.027322996468613137,0.0021398441980848837
2020-09-09,28.809999465942383,0.20560954485961355,0.1729350807438425,0.10298616157272433,0.02100358182296347,-0.2877674279662297,0.57,7.8,1,0.019747408471306294,-0.0004925607318906344
2020-09-10,29.709999084472656,0.20970519097284854,0.1734541207363945,0.11817837507390339,-0.010520426247554004,-0.2749215540233257,0.54,7.8,1,-0.017363558870527762,0.001232842209026419
2020-09-11,26.8700008392334,0.20966673429063684,0.17310088396329412,-0.20029755775349745,-0.008224096421956761,-0.2701493062961773,0.54,7.8,1,0.0005088305865390552,0.0015594070300655183
2020-09-14,25.850000381469727,0.2150846118446876,0.17479074258449406,-0.15934958109041542,0.004809414724686656,-0.27763272393381727,0.54,7.8,1,0.01317171303805953,-0.0009013290447321687
2020-09-15,25.59000015258789,0.21551671890417845,0.1742838404164815,-0.1865861126099636,0.0066882078312531235,-0.2784776512289283,0.54,7.8,1,0.005052316648562538,-0.0004923800818293911
2020-09-16,26.040000915527344,0.21595866912444261,0.17437861278059014,-0.09614712258809932,0.0005313654980594329,-0.27184677703899446,0.5499999999999999,7.8,1,-0.00396887089966258,-0.0005745575244778811
2020-09-17,26.459999084472656,0.21779383548047296,0.1755213141056437,-0.10939078088691523,-0.004122068750022079,-0.2709772714149113,0.5599999999999999,7.8,1,-0.008795262315542729,0.00032836248727274864
2020-09-18,25.829999923706055,0.22108030362913064,0.16860251045591326,-0.03870490818924055,-0.018642598840578062,-0.23189050196706082,0.5599999999999999,7.8,1,-0.011512522700457883,-0.0009026642278032737
2020-09-21,27.780000686645508,0.22333744876161232,0.16945355610785948,0.07466151940791765,-0.03299497328131751,-0.24788123015139446,0.54,7.8,1,-0.011129459973272526,0.0018074667805605404
2020-09-22,26.860000610351562,0.22337302661966318,0.16226909801805858,0.0496287788273122,-0.03294611264420777,-0.20467436771553577,0.55,7.8,1,0.010184121079752195,0.0
2020-09-23,28.579999923706055,0.2351086393472815,0.16781068874096672,0.09754220118572032,-0.05866693740350437,-0.208632553884304,0.54,7.8,0,-0.023190914046383626,0.0
2020-09-24,28.510000228881836,0.23115463355345153,0.166063206832312,0.07747548054951259,-0.06552649277179379,-0.19290152962928925,0.53,7.8,0,0.0026655287431300856,0.0004924440792424267
2020-09-25,26.3799991607666,0.24067174188139867,0.1685401272602774,0.02129304059949977,-0.052490756481138434,-0.17287522056592938,0.54,7.8,0,0.01616690904021101,0.0008197095836470769
2020-09-28,26.190000534057617,0.24830522736668356,0.17130102674773698,-0.05723542524432845,-0.042934859109946655,-0.17813816485153214,0.53,7.8,0,0.01660942748500216,-0.0001639087757003832
2020-09-29,26.270000457763672,0.2485402663103393,0.16925185714030413,-0.021965753506368535,-0.044686867555200904,-0.1653507530159364,0.55,7.8,0,-0.0054459877079852115,0.0007374575322505184
2020-09-30,26.3700008392334,0.247488216560436,0.16815319627238304,-0.07732677013198808,-0.046424934599003986,-0.15182423795424935,0.5599999999999999,7.8,1,0.00758191971758726,-0.0027016092118665735
2020-10-01,26.700000762939453,0.24186286931095566,0.1679709476384353,-0.06348647672435925,-0.0539861215374533,-0.14135045884477554,0.54,6.9,1,0.00642001508787593,0.0005669057356874063
2020-10-02,27.6299991607666,0.21291190202903307,0.16881465779282515,0.047384383615108217,-0.029571226074011414,-0.11488472037048036,0.57,6.9,1,-0.009494503313386526,-0.0009852102697155418
2020-10-05,27.959999084472656,0.22168615734538047,0.1712307125400155,0.06758299023756509,-0.004232454024430288,-0.17396642359762488,0.64,6.9,1,0.017733130016820642,-0.006327801145410761
2020-10-06,29.479999542236328,0.20457533881317141,0.17297396857696967,0.12219257817043516,0.009185777747269475,-0.19092592379308757,0.62,6.9,1,-0.014215915880241847,0.002315671708420064
2020-10-07,28.059999465942383,0.20181008483388793,0.17450357172601488,0.06408792464635038,0.0068693931076304615,-0.22128727467758189,0.65,6.9,1,0.01740678171518284,-0.002887684055136841
2020-10-08,26.360000610351562,0.19241245495615336,0.1744416238422752,-0.012734087748035638,0.033742199498415726,-0.20697770834638693,0.65,6.9,1,0.008862482973391872,0.0018201660749310733
2020-10-09,25.0,0.19401855170098062,0.17488725294542623,-0.09518636412052761,0.04244308794512652,-0.20606116628790164,0.63,6.9,1,0.008929997613585483,-0.0004952158494695436
2020-10-12,25.06999969482422,0.19647572884549744,0.1774307535270567,-0.10336192719167059,0.0454432127323654,-0.18953527252419244,0.63,6.9,1,0.016087595550174916,0.0010740212346969091
2020-10-13,26.06999969482422,0.1986094101408732,0.17769416018323125,-0.11567163841120698,0.03339959454280739,-0.20477274598031275,0.58,6.9,1,-0.006525994076330699,0.0022290385691550174
2020-10-14,26.399999618530273,0.19965558689304091,0.1783829159458565,-0.059158940805644766,0.0309983292923266,-0.20735390263160064,0.59,6.9,1,-0.006283304688233793,0.0003297031865574507
2020-10-15,26.969999313354492,0.1962074554219537,0.17821360857468438,0.023141073174459015,0.03886093993772799,-0.20676426345662569,0.6,6.9,1,-0.0012361259902302635,-0.0010707105054951205
2020-10-16,27.40999984741211,0.18997975376994838,0.17616231848791228,0.09639999389648435,0.050325112056277765,-0.19810805834482054,0.62,6.9,1,-0.0006042383082539571,-0.0005767911726832775
2020-10-19,29.18000030517578,0.19436323371731565,0.17871208495983532,0.1639409916387069,0.045998150996079845,-0.1779035679867966,0.62,6.9,1,-0.015203250336996876,-0.0016496734887962994
2020-10-20,29.350000381469727,0.1922747363016159,0.17835956751212123,0.12581514096821023,0.03960059328329235,-0.17533943023451437,0.67,6.9,1,0.004005609952371314,-0.002147551345894505
2020-10-21,28.649999618530273,0.16865819902614576,0.17779470110389642,0.08522727395877361,0.062267743245186136,-0.1607623139363093,0.69,6.9,1,-0.0018928519074200567,-0.001324998006301148
2020-10-22,28.110000610351562,0.16886349957267535,0.17652365457421917,0.0422692371531721,0.06525492981683079,-0.18256551399607734,0.71,6.9,1,0.00548510885592024,-0.003481565434675815
2020-10-23,27.549999237060547,0.16181375239630402,0.17631407403375982,0.005107602715351822,0.051866279737610155,-0.17402277385725995,0.6699999999999999,6.9,1,0.0033952214503099043,0.001414163349246822
2020-10-26,32.459999084472656,0.16923333631101534,0.1802852764733123,0.11240571435892299,0.015559824149851798,-0.21073970281624535,0.65,6.9,1,-0.018480094576953876,0.0026582901608269704
2020-10-27,33.349998474121094,0.16839743689969494,0.18002287570090578,0.13628613426447478,0.017600877983648733,-0.21467148729388688,0.63,6.9,1,-0.0034471509763274177,0.002236725643362636
2020-10-28,40.279998779296875,0.20726536692062597,0.19345966555854438,0.4059336584857942,-0.024575405267937556,-0.21739122311261191,0.63,6.9,0,-0.034179109940121966,-8.261633549344616e-05
2020-10-29,37.59000015258789,0.20949559509077642,0.19417275473480095,0.337246507876108,-0.020947158803924282,-0.22799368267307035,0.69,6.9,0,0.010163553933190572,-0.004216185615045331
2020-10-30,38.02000045776367,0.21002266297212835,0.19483436459367234,0.38003635247360634,-0.02186655090655687,-0.21111530066227827,0.74,6.9,0,-0.010424650178754158,-0.003237702692993061
2020-11-02,37.130001068115234,0.20346966299481165,0.19623839817773378,0.1438694428638012,-0.028137655234801495,-0.19318715000488737,0.71,6.9,0,0.011208140361716135,0.0017166748098489393
2020-11-03,35.54999923706055,0.20813368258407125,0.19949222262265537,0.0659670423867218,0.003284179742885973,-0.20927387533330752,0.73,6.9,0,0.01765603078142819,-0.0022467737252637177
2020-11-04,29.56999969482422,0.21418986188466152,0.20378677215626942,-0.2658887638789449,0.00815808691789388,-0.09392960941480649,0.64,6.9,0,0.022349295823771653,0.008422560811611746
2020-11-05,27.579999923706055,0.222858853750227,0.20564285530335571,-0.26629423219602455,0.01879109909519272,-0.07388588615323084,0.65,6.9,0,0.01950292439411294,-0.00016525552480750605
2020-11-06,24.860000610351562,0.22091302470860724,0.20558375478150592,-0.34613360570659435,0.009543081875471815,-0.07409502824836062,0.6699999999999999,6.9,0,-0.00022850602833868194,-0.00339095699637737
2020-11-09,25.75,0.2179653349140745,0.20698449405798297,-0.3064907282722278,0.0060437980123471124,-0.11128544516105203,0.7899999999999999,6.9,0,0.01256562705723585,-0.007386068943660229
2020-11-10,24.799999237060547,0.216571126547193,0.2069952032985931,-0.3023910050831513,0.011167404631752254,-0.10975755371237658,0.79,6.9,0,-0.0014664032284826822,-0.0028426303240409734
2020-11-11,23.450000762939453,0.21622282834050463,0.20741030893427245,-0.20696648613614899,0.025120116360861644,-0.10464212971643037,0.79,6.9,0,0.0074286113867683135,0.0015932179058344431
2020-11-12,25.350000381469727,0.21961647490926986,0.2083094947614659,-0.0808556761568211,0.016431625101677394,-0.13325858955922237,0.71,6.9,0,-0.00970123271365364,0.00569225112584637
2020-11-13,23.100000381469727,0.22423820917874052,0.20994577885400745,-0.07079646764565972,0.031126659626544928,-0.1437061388924506,0.72,6.9,0,0.013844500652025138,-0.0013319837305764137
2020-11-16,22.450000762939453,0.21812627987130326,0.21118516203765844,-0.12815531017710857,0.06011514456119538,-0.14682974257658796,0.72,6.9,0,0.012482742915896239,-0.0007498685252541604
2020-11-17,22.709999084472656,0.22009454151969227,0.21079101779366538,-0.08427420229370985,0.05020683503330159,-0.14974590875795124,0.69,6.9,0,-0.0053782748097578326,0.0025854799230071723
2020-11-18,23.84000015258789,0.22567977356524396,0.2124000272605503,0.016631103495092114,0.0395353751723011,-0.14579903931930402,0.72,6.9,0,-0.012034911559421602,-0.00033244507896645903
2020-11-19,23.110000610351562,0.22546668223688496,0.211646457217576,-0.08836290877358544,0.03821716291130395,-0.14281413364026133,0.6799999999999999,6.9,0,0.004210074999064339,0.0010815937748986926
2020-11-20,23.700000762939453,0.22753203969738306,0.21217312685297166,0.02597404205893583,0.027618839337713696,-0.14786283471731707,0.6699999999999999,6.9,0,-0.006847632943759896,0.001745989371767509
2020-11-23,22.65999984741211,0.21534159520382615,0.21211939476718106,0.00935407916864417,0.05324280225234168,-0.15791128540365115,0.7,6.9,0,0.005994378538718426,-0.001991750571139095
2020-11-24,21.639999389648438,0.21911477040802718,0.21433422995942894,-0.0471157964755623,0.0739162759223777,-0.16436684483320718,0.72,6.9,0,0.016113589473104373,-0.001580028741377526
2020-11-25,21.25,0.16932524805710458,0.21362935722662732,-0.10864094530245794,0.11020653742057762,-0.1826382529255683,0.71,6.9,0,-0.0015416563075351108,0.00033339182055258654
2020-11-27,20.84000015258789,0.16853511508302566,0.2117302879903745,-0.0982258934578687,0.10209720148989421,-0.18981404218320286,0.6799999999999999,6.9,0,0.0027849668616266587,0.002997033178406161
2020-11-30,20.56999969482422,0.16252736316604285,0.19919975604010212,-0.13206755136521897,0.10877676099654665,-0.17346243798603309,0.6799999999999999,6.9,0,-0.004427059924000165,-0.0006641310177551984
2020-12-01,20.770000457763672,0.1623980083702735,0.1993213897126637,-0.08340685800420622,0.1084799675850634,-0.22592121141784313,0.75,6.7,0,0.010937463770850364,-0.00531950538959125
2020-12-02,21.170000076293945,0.15584319356308568,0.19022035397087025,-0.021719007699201542,0.09153952965567957,-0.20061133306033802,0.7899999999999999,6.7,0,0.0021036172718957857,-0.0016712723558327536
2020-12-03,21.280000686645508,0.14136828826953113,0.18651375023242667,0.0014117970186120488,0.06738655389144754,-0.20296405240915916,0.76,6.7,0,-0.00027267717284573667,0.002678674373347123
2020-12-04,20.790000915527344,0.1296165326626885,0.18291224570515113,-0.0023991956187360275,0.05599008672983441,-0.20254032912300138,0.8099999999999999,6.7,0,0.00861770988895838,-0.003923771758483352
2020-12-07,21.299999237060547,0.13033515809356633,0.1830672544281173,0.035488553868088246,0.05406074967483798,-0.20631774642014736,0.7999999999999999,6.7,0,-0.0020551294162739486,0.0031008090458999327
2020-12-08,20.68000030517578,0.1250088075216308,0.1815457295091678,-0.004333180096500633,0.044026544748975605,-0.20286390063226373,0.78,6.7,0,0.0029264378492979137,0.0010029048796418305
2020-12-09,22.270000457763672,0.1306264663329583,0.18268558288779768,0.05196033904135411,0.03618230672294542,-0.19415338584409356,0.7899999999999999,6.7,0,-0.008968832404694038,-0.0014191013078329595
2020-12-10,22.520000457763672,0.12909468550155004,0.1823814124391092,0.05827066405577419,0.02820504442317806,-0.1964468009868768,0.78,6.7,0,-0.00032728468401010957,0.0022569269847556583
2020-12-11,23.309999465942383,0.12274063776938643,0.18121748095594445,0.121212046149211,0.03705996925494848,-0.19688892239351596,0.79,6.7,0,-0.001172757588115969,0.002001541894860015
2020-12-14,24.719999313354492,0.11603958003781147,0.17961311650847667,0.16056338961474603,0.018318963040582226,-0.20258403201284167,0.77,6.7,0,-0.004476972213976138,-0.0005826047111645583
2020-12-15,22.889999389648438,0.11745784322651842,0.17919848013711462,0.10686649186941932,0.019361680354941457,-0.1943303256759085,0.81,6.7,0,0.01351948417756943,-0.0009992807934317005
2020-12-16,22.5,0.11502947516416187,0.17840794383340375,0.010327774472772777,0.026482191608244054,-0.19606799187278287,0.79,6.7,0,0.0015694213058450313,-0.0008336525626378988
2020-12-17,21.93000030517578,0.10438553875823053,0.17065784777879547,-0.026198940523755265,0.04479615159116013,-0.2021020973609435,0.8099999999999999,6.7,0,0.0055918463542941055,-0.0007265481684766151
2020-12-18,21.56999969482422,0.1063478005400043,0.17116560477758508,-0.07464606653725714,0.03626150048165688,-0.19959238463958082,0.82,6.7,0,-0.003993039663745868,-0.0008350282405330534
2020-12-21,25.15999984741211,0.10341079375517015,0.16911966842776827,0.017799374849493343,0.03967598725095489,-0.2144123385256857,0.82,6.7,0,-0.0035751909823104056,0.0006685514571331819
2020-12-22,24.229999542236328,0.10303675067777252,0.16650679714618033,0.058540855758776544,0.03173905859820314,-0.22185203552058003,0.8,6.7,0,-0.0016854233471012003,0.0016709969755210885
2020-12-23,23.309999465942383,0.08757328818944943,0.1658504756538459,0.03599997626410589,0.016290038402278828,-0.21687316924469535,0.83,6.7,0,0.0008985414100297628,-0.0020853534736507973
2020-12-24,21.530000686645508,0.08775066006401294,0.1654732833455688,-0.018239836432463186,0.02181894765126513,-0.2074972246896444,0.8099999999999999,6.7,0,0.0038902434086593995,0.0014212536576381218
2020-12-28,21.700000762939453,0.09157119546504405,0.16579487791661401,0.0060269388017852865,0.027735027101982057,-0.20816054301758555,0.8099999999999999,6.7,0,0.008590844262485797,8.326422794024957e-05
2020-12-29,23.079999923706055,0.0898713672842789,0.1643139887868644,-0.0826709036693416,0.0303358746211142,-0.2154850125733584,0.82,6.7,0,-0.001907603699361271,-0.00016702852509475896
2020-12-30,22.770000457763672,0.08269408683329207,0.16096919895857634,-0.06025584449259569,0.020642486520947356,-0.16670348385492167,0.81,6.7,0,0.0014265756976454824,0.0006683725759286663
2020-12-31,22.75,0.08387139611175187,0.15767827783069344,-0.024024001663345507,0.023674984606933736,-0.14364502740032647,0.8,6.7,0,0.005081033302944737,0.0006672657112529734
2021-01-04,26.969999313354492,0.09895757246543713,0.15751016472527535,0.2526706202142981,0.010013967967584358,-0.11962401401922293,0.8200000000000001,6.7,0,-0.013614110535308921,0.00024984695315777294
2021-01-05,25.34000015258789,0.09725480225671439,0.15716414002554657,0.16774190145951717,0.008281224450521263,-0.137560158197632,0.83,6.7,0,0.006887361741870768,-0.00233376625899806
2021-01-06,25.06999969482422,0.09870182019850055,0.15667618948394843,0.08622182745651497,0.016398095447239136,-0.1479698750139706,0.9,6.7,0,0.005978531808330079,-0.005847843201346792
2021-01-07,22.3700008392334,0.11044679026403596,0.15620168868263978,-0.017566956982378534,0.028489289891098002,-0.18798687318264026,0.9400000000000001,6.7,0,0.014857371828062016,-0.0035294041119291464
2021-01-08,21.559999465942383,0.10422955338945587,0.15558171629426717,-0.052307715782752395,0.04371049834500029,-0.1823900056239537,0.9899999999999999,6.7,0,0.005698011610647757,-0.0028673058222412617
2021-01-11,24.079999923706055,0.10865356371130452,0.1556828046979878,-0.10715607946706263,0.03701421878805422,-0.1699793048490966,1.0099999999999998,6.7,0,-0.006741024871372403,-0.0019454028456891148
2021-01-12,23.329999923706055,0.10825473850448229,0.1556011513155178,-0.07932123980972283,0.03845101956204888,-0.17150299641894212,1.0099999999999998,6.7,0,0.0002111344829702766,-0.0001691289879481861
2021-01-13,22.209999084472656,0.10560308596176138,0.15555239869352883,-0.11408060012629428,0.04593018846802477,-0.16613630290540515,0.9600000000000001,6.7,0,0.0026930191812273296,0.0034751486316759728
2021-01-14,23.25,0.09860402147738485,0.1519571275898616,0.039338360650537973,0.02836449090543547,-0.17727706152271153,0.9899999999999999,6.7,0,-0.0035018972962083117,-0.002280956789382782
2021-01-15,24.34000015258789,0.10332806616176722,0.15301883923104737,0.1289425211274695,0.019265211378462377,-0.18970212013805587,0.9800000000000001,6.7,0,-0.007292767354623475,0.0027088249926150443
2021-01-19,23.239999771118164,0.10496617698398268,0.1533669684754673,-0.034883727377462925,0.021556258664491068,-0.18835228789830902,0.9600000000000001,6.7,0,0.007852159415824733,0.0005917205023653338
2021-01-20,21.579999923706055,0.11234351173814623,0.155173866943376,-0.07501071606184584,0.03984531391851509,-0.17581664890003657,0.9700000000000001,6.7,0,0.013838603162070306,0.000421633564733348
2021-01-21,21.31999969482422,0.11051534559588475,0.1551564151762441,-0.04007201379268177,0.04452750711958364,-0.17686874448879264,0.9900000000000001,6.7,0,0.0009114892995647494,-0.001433662134686986
2021-01-22,21.90999984741211,0.11157154937046082,0.14970921637825735,-0.05763441516507062,0.042587702854694376,-0.15128705801513675,0.9700000000000001,6.7,0,-0.0035394050376672537,0.001519894925320564
2021-01-25,23.190000534057617,0.11165630316031756,0.14929965678235568,-0.04724731353002898,0.045759946831556375,-0.13540652441173825,0.92,6.7,0,0.003943939279910769,0.004047817163020717
2021-01-26,23.020000457763672,0.11227764128963295,0.12887430464306868,-0.009466407724663561,0.04008142650248936,-0.1523661931856903,0.9400000000000001,6.7,0,-0.001560922676463461,-0.00033579196590571847
2021-01-27,37.209999084472656,0.1434244438624771,0.13949603605713687,0.7242817060252507,0.006018856535288997,-0.14736333368253268,0.92,6.7,0,-0.024440412065680595,0.0011759253326215635
2021-01-28,30.209999084472656,0.14606696062953364,0.13756781473398896,0.41697933944185905,0.01661005371831914,-0.1901801294678062,0.9500000000000001,6.7,0,0.008600145044543428,-0.0026010347150104973
2021-01-29,33.09000015258789,0.16374038710312996,0.1438978129469453,0.5102693009145001,-0.005161139088406763,-0.16876506483438383,1.0,6.7,0,-0.020019455631229865,-0.0017670398334075355
2021-02-01,30.239999771118164,0.17354653869978098,0.14344275892977792,0.3040103093877329,0.006285405052032678,-0.13234723361444348,0.9800000000000001,6.2,0,0.016645423139785898,0.001247903416976115
2021-02-02,25.559999465942383,0.17183861884910656,0.13939721982520412,0.11033879051562212,0.03459947709669109,-0.3110302024509579,1.01,6.2,0,0.014140044496576465,-0.002526981684955132
2021-02-03,22.90999984741211,0.17078465565243137,0.13446924898674242,-0.3843052832276953,0.02833068914627357,-0.32128820195307844,1.0399999999999998,6.2,0,0.0007864855086565647,-0.002449197216240262
2021-02-04,21.770000457763672,0.17372340596121613,0.13590688500841377,-0.27937765251528845,0.0338377496822313,-0.32693307626044915,1.0399999999999998,6.2,0,0.01136588894063717,-0.0003382416953849887
2021-02-05,20.8700008392334,0.1669653303280079,0.13410990589178096,-0.3692958373225874,0.02271171359307056,-0.29111504473104977,1.0999999999999999,6.2,0,0.003935600256284255,-0.002117387321821429
2021-02-08,21.239999771118164,0.16759920928094288,0.13444390651799432,-0.29761904987167975,0.024261584782274026,-0.29811928920861364,1.0799999999999998,6.2,1,0.007222099339885046,0.0004241969837699422
2021-02-09,21.6299991607666,0.16512528370068527,0.13400419683439868,-0.15375588369680293,0.030526375838943576,-0.3113998688261349,1.0699999999999998,6.2,1,-0.0006658581007027431,0.0007636931577685857
2021-02-10,21.989999771118164,0.16521112639952115,0.13199495731984506,-0.04015714021918104,0.02985983248859858,-0.27290745092933644,1.0399999999999998,6.2,1,-0.0004358010019055447,0.002542831907745402
2021-02-11,21.25,0.1651542565408871,0.12957043884878472,-0.023886102288905975,0.028752828767571348,-0.26515920578935803,1.0499999999999998,6.2,1,0.0016152172626890948,-0.0007608032048277424
2021-02-12,19.969999313354492,0.16450064350223828,0.12776339333834316,-0.04312417296059701,0.03746748662153898,-0.2691941875706783,1.0899999999999999,6.2,1,0.0049395278686632516,-0.0033001422348137854
2021-02-16,21.459999084472656,0.1612918009234469,0.12706888260884125,0.010357783226233597,0.044184244392713845,-0.21981729869765104,1.17,6.2,1,-0.0008657958057745052,-0.007216186096315247
2021-02-17,21.5,0.1600219328623038,0.12393349124965289,-0.006010132492395126,0.03628667106468364,-0.2253123870885012,1.18,6.2,1,0.00022937983880733093,0.0006841362845182442
2021-02-18,22.489999771118164,0.15482117741304235,0.12441793070580738,0.022737608240301244,0.017791632384769107,-0.23068979661444064,1.18,6.2,1,-0.004255795525320183,-8.59374612661723e-05
2021-02-19,22.049999237060547,0.155116332716482,0.12338099142593531,0.037647022920496376,0.015068876603624881,-0.20084563801964536,1.23,6.2,1,-0.0017661093927319182,-0.004016118565424276
2021-02-22,23.450000762939453,0.15733907748304482,0.12450794921000781,0.17426147066804298,0.010839069143341318,-0.18359815304796895,1.26,6.2,1,-0.007691671505094533,-0.0016304096940849
2021-02-23,23.110000610351562,0.15686406260245586,0.12068686059161161,0.07688730644321229,0.008090650352041262,-0.17391938090508222,1.26,6.2,1,0.001214267987657447,0.0007733577499611233
2021-02-24,21.34000015258789,0.161026549777959,0.12221344311302369,-0.007441853368005069,0.02079265056262436,-0.1776857069023338,1.2599999999999998,6.2,1,0.011019467158507545,-0.001374072599138243
2021-02-25,28.889999389648438,0.16030522227514452,0.13285377523052636,0.2845709063434141,0.02115324858713774,0.09239035214929198,1.37,6.2,0,-0.02409579275439311,-0.013330008019459605
2021-02-26,27.950000762939453,0.15919579822002444,0.13298726028673807,0.26757377460414955,0.007229105596540997,0.04553804634043914,1.2999999999999998,6.2,0,-0.00515282754734514,0.008977667466038675
2021-03-01,23.350000381469727,0.16137768152522403,0.13987984129177825,-0.004264408452718138,0.05271961582892404,0.06610284672623556,1.3199999999999998,6.1,0,0.024240400178577204,-0.0011238037800175293
2021-03-02,24.100000381469727,0.15645789082901793,0.1410596712637007,0.04283858697410503,0.027403453808444445,0.052985685361989956,1.29,6.1,0,-0.0078032143346092875,0.001817335886701077
2021-03-03,26.670000076293945,0.15707636666358013,0.14402772052395102,0.24976569285823969,-0.0003404037126171211,0.09497540800927114,1.33,6.1,0,-0.013245649795786574,-0.005355228784828969
2021-03-04,28.56999969482422,0.16306839257049827,0.14555837242526784,-0.011076486728444745,-0.013486975539296564,0.14279838041478338,1.4,6.1,0,-0.01237490609281744,-0.004950254459283987
2021-03-05,24.65999984741211,0.17161286258048972,0.15003946442153987,-0.11771022632277528,-0.006629250565417855,0.1386054879776115,1.42,6.1,0,0.01839637809014305,-0.0013962238776364932
2021-03-08,25.469999313354492,0.1716277247448904,0.15042586181358755,0.09079224399358776,-0.015449607306380786,0.14560685217337377,1.4200000000000002,6.1,0,-0.004978564112108397,-0.003933013163048171
2021-03-09,24.030000686645508,0.17768017389345217,0.15163113570570672,-0.0029045516064821753,-0.008552901972793459,0.17867776218905007,1.3800000000000001,6.1,0,0.01427761836275554,0.004738112649867343
2021-03-10,22.559999465942383,0.17920485164799888,0.15197755670269697,-0.15410575922738,-0.0017169114645232408,0.18885153747654884,1.37,6.1,0,0.006224513278876964,0.002095539218897935
2021-03-11,21.90999984741211,0.18277936517018661,0.15301196689919164,-0.23311165273196155,0.008844364992712128,0.19426993887700394,1.4,6.1,0,0.010139028887140356,-0.00034811786672273026
2021-03-12,20.690000534057617,0.18276019102998142,0.15253553793592323,-0.16098942976153807,0.008574030997735571,0.1889129901097534,1.5,6.1,0,0.0013468204192237376,-0.00723566856736646
2021-03-15,20.030000686645508,0.18312667102278377,0.15074892536496867,-0.21358456118436842,0.00960181741977828,0.19687966423094602,1.48,6.1,0,0.005963610553694876,0.0012293788211725776
2021-03-16,19.790000915527344,0.18317234390270237,0.15083760267693286,-0.17644609446368065,0.009202184331142504,0.1958339878095993,1.4700000000000002,6.1,0,-0.0012612854741708146,-0.00017528882204365104
2021-03-17,19.229999542236328,0.1834528076092876,0.15063464655204167,-0.14760638309115104,0.012411156582046834,0.19475144318890072,1.5,6.1,0,0.003409821155994086,-0.0016668073076272494
2021-03-18,21.579999923706055,0.19062482396694536,0.1537111969165628,-0.01506161232333525,0.0019452373525172817,0.23105185528498445,1.55,6.1,0,-0.014549418180059726,-0.006238673973783637
2021-03-19,20.950000762939453,0.19063641621816113,0.15353131852593394,0.01256646796378047,0.0018604273528124438,0.23516658643735983,1.58,6.1,0,-0.0018506052442133214,-0.000618773427324304
2021-03-22,18.8799991607666,0.19019238606148822,0.154072807909466,-0.05741395339270461,0.017688029008265937,0.251201536613773,1.54,6.1,0,0.007985024084435244,0.003273461843681158
2021-03-23,20.299999237060547,0.1927388953711074,0.15519358609056189,0.02577050520159685,0.008453528603307392,0.21701615896416948,1.48,6.1,0,-0.007870749522268627,0.00493840799268308
2021-03-24,21.200000762939453,0.1895211423545261,0.1555857184949041,0.1024441636816611,-0.0076085591332456515,0.2068593822711824,1.48,6.1,0,-0.005083489422301968,0.0013160906341789236
2021-03-25,19.809999465942383,0.16822365344901147,0.15507900604996022,-0.08202041075168365,0.022614925579938605,0.20293138834016133,1.4899999999999998,6.1,0,0.005625569879950554,-0.0013143608162187181
2021-03-26,18.860000610351562,0.17444260233575892,0.15807032567103194,-0.0997613401659202,0.04447617044821861,0.18050029214466853,1.5299999999999998,6.1,0,0.016114804187219667,-0.0033348620398279127
2021-03-29,20.739999771118164,0.1539525306910659,0.1581064538995558,0.09851698585965618,0.01924204967705956,0.18181146418302693,1.5899999999999999,6.1,0,-0.0005048325879254412,-0.0034334244086626775
2021-03-30,19.610000610351562,0.15110658530815732,0.15807691899340734,-0.033990081410904316,0.024532659256880196,0.17888226955914355,1.57,6.1,0,-0.0026529893993527676,-0.0008837246954638278
2021-03-31,19.399999618530273,0.14124283068015744,0.15521748097431465,-0.08490571130336144,0.0424940475673774,0.19077560711818684,1.58,6.1,0,0.0040534356857300224,-0.001414619772966308
2021-04-01,17.329999923706055,0.13343715075517792,0.15602345346583202,-0.12518927860144458,0.06695511990723313,0.2150873990291689,1.52,6.1,0,0.010798721539007516,0.004430119334798199
2021-04-05,17.90999984741211,0.12802376891467326,0.15801176350309537,-0.05037119470812912,0.06271903840617576,0.21415654727519653,1.56,6.1,0,0.014353087067418002,-0.0028228424157341614
2021-04-06,18.1200008392334,0.12527971383573727,0.1555902027783671,-0.12632589010600137,0.06740597488438338,0.22692812659372266,1.51,6.1,0,-0.0005901960713364796,0.004865628422570989
2021-04-07,17.15999984741211,0.11849972126317761,0.15531379571668721,-0.12493629202878087,0.0535982961691408,0.23300931957999232,1.52,6.1,0,0.0011571938832772855,-0.0006163405848295112
2021-04-08,16.950000762939453,0.11802201677754433,0.15459588246478817,-0.12628860328691238,0.052050823972278115,0.2333628138413141,1.5,6.1,0,0.004746621312116783,0.0034354297144909562
2021-04-09,16.690000534057617,0.1160028221321662,0.15504695265093718,-0.03693014382377291,0.04906314845096493,0.22636735275918754,1.51,6.1,0,0.007270376935199163,-0.0026336322288942338
2021-04-12,16.90999984741211,0.11617601930592142,0.15504280530950715,-0.055834729677258665,0.048033822881756505,0.22649018557747688,1.51,6.1,0,0.0003643134200739251,-0.0006160003363233635
2021-04-13,16.649999618530273,0.11543227803125297,0.1547276529337316,-0.08112589142492099,0.04490861014229974,0.22321715451474844,1.48,6.1,0,0.0029638502191593474,0.004139590009462513
2021-04-14,16.989999771118164,0.11654270171896985,0.15398316051905944,-0.009906764440885674,0.04265509817570723,0.24201217936218267,1.48,6.1,0,-0.0034152247018098825,-0.0012281400239806395
2021-04-15,16.56999969482422,0.12046273290109898,0.15459573947836583,-0.022418941062592346,0.05027448447206617,0.26058867816499903,1.4000000000000001,6.1,0,0.010742415658552718,0.006410943424216553
2021-04-16,16.25,0.10227972205138863,0.1525485511852985,-0.02636312282673403,0.06934343456758096,0.25585067276960904,1.4300000000000002,6.1,0,0.0033425788589489525,-0.002705189712250089
2021-04-19,17.290000915527344,0.10490033393674891,0.153108973529989,0.02247197347984531,0.06606225082192108,0.2562448819166058,1.4500000000000002,6.1,0,-0.004913336508970412,-0.0010496736708672794
2021-04-20,18.68000030517578,0.10965004567416001,0.15382387416180854,0.12192196595525817,0.04987399210328314,0.24392216942337147,1.4300000000000002,6.1,0,-0.007321326310966714,0.0029778413322654185
2021-04-21,17.5,0.10516241270215258,0.15463792774826665,0.030017671321503014,0.06821571685606509,0.2443525465237962,1.4200000000000002,6.1,0,0.009462151157545673,0.0005239051165126796
2021-04-22,18.709999084472656,0.11031366923964166,0.15603418491017093,0.1291490301183822,0.06386770134184339,0.23533517759288736,1.4100000000000001,6.1,0,-0.009133151260342531,0.0007857143897156416
2021-04-23,17.329999923706055,0.11339438485216556,0.1477100146982834,0.06646153376652641,0.06938657578689389,0.26913745733289524,1.4200000000000002,6.1,0,0.010842309942554085,-0.0013083172097236861
2021-04-26,17.639999389648438,0.10295874788820558,0.14704674021193695,0.020242825655768293,0.05462390921132987,0.27780134835807596,1.4000000000000001,6.1,0,0.0020875437031684374,-0.0010481935969333112
2021-04-27,17.559999465942383,0.10284496562076925,0.13993881844796807,-0.05995721739485582,0.0549293054897273,0.28048090600466774,1.46,6.1,0,-0.0002154004010218591,-0.0039337567399893025
2021-04-28,17.280000686645508,0.10154741389993582,0.13668922852579504,-0.012571389334542382,0.05743142568226656,0.26969637627848203,1.46,6.1,0,-0.00028744501528243926,0.001316430765057941
2021-04-29,17.610000610351562,0.10225366852562234,0.1346109118010238,-0.05879201111420562,0.05987394126624612,0.2843969104344683,1.49,6.1,0,0.006372655735605415,-0.0017527281911507986
2021-04-30,18.610000610351562,0.10311275469621052,0.13566291529903338,0.07386039770805586,0.041661691366990494,0.2749407267941429,1.49,6.1,0,-0.0065702486731700205,0.0008779028205980755
2021-05-03,18.309999465942383,0.09235985889318869,0.1341271502919469,0.03798186504967327,0.029137111633496193,0.2768603230294674,1.47,6.1,0,0.0021568565424960884,0.0017028915266030786
2021-05-04,19.479999542236328,0.09604665256689651,0.13491335479735087,0.10933941541500536,0.02339192249222699,0.2699328347486341,1.4500000000000002,6.1,0,-0.00616943161566097,0.0013146927565026445
2021-05-05,19.149999618530273,0.09609539417664822,0.13434875596260218,0.10821752648019034,0.02252871117237243,0.2669197572696361,1.4300000000000002,6.1,0,0.0003127371275417623,0.0012251181001869949
2021-05-06,18.389999389648438,0.09837205531983885,0.13502191610716033,0.04429294447828558,0.025824918919208573,0.2703225263254272,1.4200000000000002,6.1,0,0.007985506988959168,0.0004372478404512936
2021-05-07,16.690000534057617,0.0983783757177928,0.13552818990726806,-0.10317033924361996,0.025832902424987036,0.2764745771030347,1.46,6.1,0,0.007278216039832364,0.0003495840601321909
2021-05-10,19.65999984741211,0.1061118443442034,0.13749385612608772,0.07373022505985327,0.01530464020879263,0.28124848082845083,1.47,6.1,0,-0.009902561212736694,-0.002009022707589403
2021-05-11,21.84000015258789,0.11114021925374223,0.13881910199034894,0.12114993150973308,0.003269919565376256,0.29171409678613375,1.48,6.1,0,-0.008924591214882427,-0.0016629016208817848
2021-05-12,27.59000015258789,0.13439225078275172,0.14607220003116264,0.4407311071636131,-0.014679654894576233,0.32615462653840555,1.53,6.1,0,-0.021245194763724218,-0.004821717002302051
2021-05-13,23.1299991607666,0.13589416573753682,0.14791368113212355,0.25774877261748386,-0.01344165646966533,0.341298285811409,1.5,6.1,0,0.012012355455078394,0.0033473289732315337
2021-05-14,18.809999465942383,0.14681634267195487,0.15046592569091324,0.12702210090159638,-0.0016298175564388728,0.3533807876191014,1.47,6.1,0,0.015355371608594126,0.0021950662429317536
2021-05-17,19.719999313354492,0.14601227552551935,0.1505392017901811,0.0030518548529023803,0.0007466517336320866,0.3520389596872088,1.48,6.1,0,-0.0025446831393780567,-0.0009635753750226739
2021-05-18,21.34000015258789,0.14695136069731912,0.15078279426541355,-0.022893772733822648,-0.0005580940201335149,0.3444730025994397,1.48,6.1,0,-0.008615553258522035,0.0
2021-05-19,22.18000030517578,0.1428484252260438,0.1509794232565201,-0.19608553162348064,-0.012521948611878608,0.347572190536702,1.52,6.1,0,-0.002621651132571956,-0.002981763043280239
2021-05-20,20.670000076293945,0.1445128303261838,0.1509067997135938,-0.1063553468970867,0.007301174518851816,0.36998615704483695,1.48,6.1,0,0.010758000265621792,0.004134092068202699
2021-05-21,20.149999618530273,0.13916984315641787,0.14157811413934884,0.07123871295233752,-0.0043190397157836236,0.2475440668898754,1.46,6.1,0,-0.0008187547877406276,0.0003499802991986378
2021-05-24,18.399999618530273,0.143818812632916,0.14200992121192202,-0.06693710653074458,0.003735745567450266,0.3108490970069491,1.4600000000000002,6.1,0,0.010194156485267003,0.0009631462315953243
2021-05-25,18.84000015258789,0.14407587713642978,0.13422291614166118,-0.11715088950909991,0.001724357056012149,0.330272376935152,1.4100000000000001,6.1,0,-0.0022188712014059586,0.0036741940366185055
2021-05-26,17.360000610351562,0.14421519720269488,0.13288807926214694,-0.21731287775047747,0.004000963487744258,0.3460531937125616,1.44,6.1,0,0.0019845892190157866,-0.0011332002357704596
2021-05-27,16.739999771118164,0.14239888227359562,0.12933890920120059,-0.19013063815529585,-0.0018327871479321134,0.3100106494215336,1.4700000000000002,6.1,0,0.000525124374948005,-0.0017448681530556343
2021-05-28,16.760000228881836,0.1404024261247241,0.12598518750654975,-0.1682381862941048,0.006566017537359414,0.27394044642546067,1.44,6.1,0,0.00178869393937231,-8.750326795181618e-05
2021-06-01,17.899999618530273,0.14030211436859216,0.12131317376084548,-0.027173913606849176,0.0035149868230965886,0.3037893608313016,1.4600000000000002,5.9,0,-0.0008808094392154242,-0.00018345848699519163
2021-06-02,17.479999542236328,0.1383085018736607,0.12054068076800377,-0.07218686832997456,0.011332279031329273,0.2894255367809369,1.46,5.9,0,0.001572419837030825,0.00113716038226519
2021-06-03,18.040000915527344,0.13915423634161278,0.11813077637854706,0.03917052311451563,0.007263952965460563,0.26197214688780557,1.47,5.9,0,-0.003711260194460664,-0.0025344032444284403
2021-06-04,16.420000076293945,0.14005148595684042,0.11879129093240683,-0.019115872114665144,0.008423587542131683,0.27934634736882563,1.42,5.9,0,0.009145972270424574,0.005519549955260938
2021-06-07,16.420000076293945,0.13776464438497504,0.11749079776484551,-0.020286405008633657,0.00016572644068224562,0.2865617351858932,1.4100000000000001,5.9,0,-0.0009702657502916878,-0.0007840587704113222
2021-06-08,17.06999969482422,0.13266274669824746,0.11750992973362143,-0.04636871180973823,0.010384451506729286,0.3000258507653472,1.3900000000000001,5.9,0,0.0002132958378444627,0.0028775202864186333
2021-06-09,17.889999389648438,0.12816976186648174,0.11722151583077371,0.02345536945933202,0.017961794131577058,0.28743182437197595,1.34,5.9,0,-0.001492056076176529,0.0031303763915293548
2021-06-10,16.100000381469727,0.09823463914382527,0.11733639451895096,-0.10753882680725502,0.044892856926973534,0.2924026452098877,1.31,5.9,0,0.004648613111060351,0.003553575790389063
2021-06-11,15.649999618530273,0.09116084290770611,0.1172508610120094,-0.046894059329228965,0.0341964229255276,0.29583415029578514,1.31,5.9,0,0.001652514925008175,-0.0014681813514083597
2021-06-14,16.389999389648438,0.07567211119356942,0.1125866360370924,-0.0018270820040263702,0.020836235447076135,0.22229718644063107,1.35,5.9,0,0.002238580812151225,-0.0031140539316827365
2021-06-15,17.020000457763672,0.07526623738056896,0.11258455136651047,-0.002929070764758568,0.02156361404542073,0.2201664417889379,1.35,5.9,0,-0.001833964196322757,0.0001734588881514565
2021-06-16,18.149999618530273,0.0707190013548322,0.11265970957434233,0.014533272093473437,0.02468811378023017,0.23507664634994063,1.36,5.9,0,-0.005583357907836484,-0.006853328292741767
2021-06-17,17.75,0.06952202914551904,0.11110616442314017,0.10248444592767458,0.027040774534028644,0.27511597969045265,1.29,5.9,0,-0.0003316929818796277,0.003581662384893658
2021-06-18,20.700000762939453,0.07865524008737673,0.1144731922320586,0.3226837870609123,0.0024018170911561665,0.19744825465404656,1.19,5.9,0,-0.013490329470738138,0.005657366011891263
2021-06-21,17.889999389648438,0.09322681525997936,0.11725360106396565,0.09151922244410615,0.017585288072308636,0.16020429423409208,1.23,5.9,0,0.014315933899892164,-0.003202528328613563
2021-06-22,16.65999984741211,0.08826472875102954,0.11348370277582912,-0.021151621660935316,0.012701858621306572,0.21765452126615772,1.23,5.9,0,0.005346197348244042,0.0018231165113586911
2021-06-23,16.31999969482422,0.08790096134147278,0.11353730726337236,-0.10082644419660003,0.013730641798169296,0.21891966587781575,1.24,5.9,0,-0.0012052456898495878,-0.0019927583452027386
2021-06-24,15.970000267028809,0.08975290431684851,0.11366193689246168,-0.1002816750969685,0.017707724115637147,0.2129548342087351,1.23,5.9,0,0.005915589257733833,-0.0001739901944152189
2021-06-25,15.619999885559082,0.09023013121876024,0.11361499519002212,-0.24541066135975342,0.02078666062772383,0.21186564313659084,1.26,5.9,0,0.003552077264958653,-0.0020842854639442354
2021-06-28,15.760000228881836,0.09025856998115728,0.11189395051203843,-0.11906088504391277,0.02101807506848763,0.18491733762402837,1.24,5.9,0,0.00201580150191516,0.0031331108087437887
2021-06-29,16.020000457763672,0.08999488047492678,0.10846668058983287,-0.03841532986255414,0.022468334768775078,0.23087111003656471,1.22,5.9,0,0.0005383449648403982,0.0005206809782929422
2021-06-30,15.829999923706055,0.08998428283757078,0.10842060213710343,-0.030024496340742224,0.021722167142124382,0.24246740882912654,1.2,5.9,0,0.0008415014408171828,0.0015610019154950194
2021-07-01,15.479999542236328,0.08942528965787697,0.10882626189503325,-0.030682574614862235,0.03120614976867042,0.23735858337758622,1.23,5.4,0,0.0055366404611241204,-0.000719117611108322
2021-07-02,15.069999694824219,0.08787881499549025,0.10940944438282144,-0.03521128007455021,0.02967077148845987,0.24530227639216004,1.2,5.4,0,0.00764343971887449,0.0036418611867019557
2021-07-06,16.440000534057617,0.08824435418560292,0.10879571861432961,0.043147226859147514,0.028793699816755947,0.24697558225918245,1.1500000000000001,5.4,0,-0.0018212374427615252,0.005269882781897994
2021-07-07,16.200000762939453,0.08842166281446982,0.10891987211427528,0.011235973784791575,0.03220931466087662,0.2504837925471215,1.11,5.4,0,0.0035340231917921905,0.0029217358092685775
2021-07-08,19.0,0.09446020476865094,0.11042448936817159,0.20025269056045558,0.025328618076772225,0.2258400123671462,1.11,5.4,0,-0.008148099672542264,0.0025709953848673806
2021-07-09,16.18000030517578,0.09960257990607786,0.11189723478263561,0.045219688865593355,0.031478928352093094,0.16398429680893717,1.1400000000000001,5.4,0,0.010674876866278327,-0.005042755391202358
2021-07-12,16.170000076293945,0.0998589879639786,0.11019102254053677,0.07299272752125674,0.033465666546485195,0.11747885095484749,1.15,5.4,0,0.003581804272769995,-0.0005156756050438416
2021-07-13,17.1200008392334,0.10142938909231689,0.11042226248275176,0.04136254763295599,0.02764215623601607,0.13666714171807262,1.16,5.4,0,-0.0034089669466564887,-0.0030939931843887436
2021-07-14,16.329999923706055,0.10071457177227698,0.10978638521529904,0.00802463917557339,0.031066559608815547,0.13045703217535815,1.1400000000000001,5.4,0,0.0014922161465891204,0.004310843344186965
2021-07-15,17.010000228881836,0.09895680813266929,0.10882445241875953,-0.1047368300588507,0.0333142058337248,0.13474312346192696,1.08,5.4,0,-0.003415605699449986,0.004206214636994998
2021-07-16,18.450000762939453,0.1044028963176233,0.10883353462749895,0.14029668819212127,0.025549608309803906,0.13796169776511386,1.06,5.4,0,-0.007843466281417744,-0.00017115420252100666
2021-07-19,22.5,0.10686997043842575,0.11158121981215023,0.3914656706146935,0.024221452472396043,0.02661942585421697,0.98,5.4,0,-0.014767925958471206,0.008550409870238473
2021-07-20,19.729999542236328,0.10689331695848009,0.11316846400027082,0.15245318779550954,0.024235950193987943,0.0215431566934097,1.03,5.4,0,0.014330291410155516,-0.0012722117081509499
2021-07-21,17.90999984741211,0.10873138458749058,0.11416175122892959,0.09675443546159412,0.027037745019028447,-0.013345337744393629,1.08,5.4,0,0.008096319302634658,-0.005771552863817031
2021-07-22,17.690000534057617,0.10833013819719717,0.11417707132234536,0.03997650182397927,0.0304305278931285,-0.015024891078517266,1.07,5.4,0,0.0020942374631298666,0.0023049667275225616
2021-07-23,17.200000762939453,0.11174021752941711,0.11579971927579392,-0.06775067470516738,0.03490947887646367,-0.028860722123500104,1.08,5.4,0,0.010287981666244894,-0.0015333843789741008
2021-07-26,17.579999923706055,0.11157204915533861,0.1152944612971254,-0.21866667005750873,0.03377782500781734,-0.02098887092270776,1.07,5.4,0,0.0024547121196922816,-0.0006820939754320632
2021-07-27,19.360000610351562,0.11373317069944076,0.11481082280585717,-0.01875311406331781,0.026996026715502275,-0.034512227701380925,1.05,5.4,0,-0.004557631287134045,0.0042682224885306486
2021-07-28,18.309999465942383,0.11387341840363822,0.11481377763598624,0.022333870571644487,0.026022809554844928,-0.0359503204193288,1.06,5.4,0,-0.00040979997621615194,0.0008500015418009266
2021-07-29,17.700000762939453,0.1142969215293387,0.11405128314841982,0.0005653040463500236,0.029411733377562976,-0.04010257912044729,1.08,5.4,0,0.004147252127265411,-0.0030578383853268054
2021-07-30,18.239999771118164,0.11534741204466498,0.1146851796672523,0.060465055932996226,0.018772045219006328,-0.04964736196491265,1.05,5.4,0,-0.004856281962060338,0.0028116968559919187
2021-08-02,19.459999084472656,0.11301551415314544,0.1139093829243779,0.10693965693546348,0.008922816972395164,-0.05746875664268086,1.03,5.4,0,-0.0020982000086450237,0.00438645757987266
2021-08-03,18.040000915527344,0.11583156005362986,0.11413097802016109,-0.06818180026907805,0.018986892789586207,-0.05802320198294299,1.02,5.4,0,0.008135665678560944,0.00025376545994171273
2021-08-04,17.969999313354492,0.11722406338494983,0.11257852283469294,-0.018569096805289953,0.010403714590724977,-0.07678896647240238,1.02,5.4,0,-0.00491899167093568,-0.00025370107937061626
2021-08-05,17.280000686645508,0.1142147170821005,0.11122677184327828,-0.023728816846909306,0.025155564282306253,-0.11116182651331051,1.02,5.4,0,0.006332894348611395,-0.00363950363357457
2021-08-06,16.149999618530273,0.10871625206330855,0.1009578001941742,-0.11458334313672902,0.016003706088349334,-0.22442831426105694,1.1,5.4,0,0.001652291928400551,-0.005861347205342149
2021-08-09,16.719999313354492,0.10835230807667424,0.0986679041566663,-0.14080163926135225,0.011553976278656952,-0.2506092488591624,1.1,5.4,0,-0.0008135220869442961,-0.0021362723420633722
2021-08-10,16.790000915527344,0.10732479995526717,0.09423298230740391,-0.06929046211544831,0.016276730056319577,-0.28449621291309113,1.12,5.4,0,0.0012439276852764802,-0.0018838033106288732
2021-08-11,16.170000076293945,0.10746387802021666,0.09396886668656683,-0.100166906279338,0.017284080206075636,-0.289265575113612,1.12,5.4,0,0.0024849116438665497,0.0011152266945229083
2021-08-12,15.59000015258789,0.10647110880097137,0.09179276557782502,-0.09780095294577729,0.023829823255695493,-0.3016909588014233,1.1300000000000001,5.4,0,0.0029969446385351706,-0.001028212432200415
2021-08-13,15.449999809265137,0.10096859596194843,0.0914199253675273,-0.04334364246436062,0.03380170539003258,-0.30965596159330083,1.06,5.4,0,0.0018199248294146209,0.005747375104207864
2021-08-16,16.1200008392334,0.080105434052039,0.08935911859602333,-0.03588507767711846,0.0517682553134029,-0.34962454158099027,1.05,5.4,0,0.002354527169708298,0.0022177410470458625
2021-08-17,17.90999984741211,0.07335109272806489,0.09070225970263135,0.06670630558745194,0.030112097303312213,-0.33709956432645144,1.03,5.4,0,-0.006555010037409215,-0.0005104876520861668
2021-08-18,21.56999969482422,0.08132865543888612,0.0920855704928255,0.3339517373563252,0.01065473194390032,-0.324842425003157,1.04,5.4,0,-0.0109451990461924,-0.0005112703154829257
2021-08-19,21.670000076293945,0.08121352555424943,0.0918729904512663,0.3899935769209595,0.010104222299621712,-0.31735409003065607,1.02,5.4,0,0.001548390771116459,0.002215170869316996
2021-08-20,18.559999465942383,0.07784488657913258,0.09297964959313872,0.20129447864538008,0.007773662202622766,-0.3210841108518333,1.03,5.4,0,0.007956997590969461,-0.0009350532497268693
2021-08-23,17.149999618530273,0.08314128185676685,0.09433051953105784,0.06389570258520272,0.014149208682310954,-0.32040322105043695,1.02,5.4,0,0.008796608966780584,0.0002552531979851391
2021-08-24,17.219999313354492,0.08080021223756952,0.09432559017977073,-0.038525993296271155,0.020409804427338196,-0.31872984298000623,1.05,5.4,0,0.00158748247386864,-0.0027220059777766092
2021-08-25,16.790000915527344,0.08070071910939063,0.09424981851314672,-0.22160402628303466,0.022970081465921943,-0.3188432912958162,1.12,5.4,0,0.0020982392703789987,-0.003923488867489611
2021-08-26,18.84000015258789,0.08358155575859882,0.09536062239241558,-0.13059528905133477,0.012731165998428384,-0.3132382715693841,1.09,5.4,0,-0.005903265495609378,0.0
2021-08-27,16.389999389648438,0.08585300047217169,0.09617266997664392,-0.11691811092321946,0.02677238150565664,-0.304169892085817,1.09,5.4,0,0.008941088825733523,0.0032540465816726094
2021-08-30,16.190000534057617,0.08550257195253384,0.09499931466445222,-0.055976624246416584,0.03345609422105911,-0.3453532748034993,1.09,5.4,0,0.0043975814025620785,0.0019630462980713137
2021-08-31,16.479999542236328,0.08260887938781666,0.09505503005997826,-0.04297327529765216,0.023597207004945275,-0.3409558170097494,1.1,5.4,0,-0.0014816716055719992,-0.0018737906516346214
2021-09-01,16.110000610351562,0.07947824336534999,0.09504325420660635,-0.04050031376394503,0.029203723854646313,-0.3406345076888356,1.11,4.7,0,0.0005313342989237135,0.0004268036583596757
2021-09-02,16.40999984741211,0.0776454853048204,0.09495191167614322,-0.12898090687340003,0.025873570472956464,-0.3347236452871928,1.09,4.7,0,0.003076743196466669,0.0011953770685562137
2021-09-03,16.40999984741211,0.07781922713336668,0.09473855757701002,0.0012202842287050153,0.023932623030587186,-0.3431661349086698,1.12,4.7,0,-0.00024282898134786457,-0.002387675858956384
2021-09-07,18.139999389648438,0.07936666687740118,0.0952349104185245,0.1204446443030538,0.021102352553281856,-0.31929732418994317,1.16,4.7,0,-0.003575391301922637,-0.003931619380232898
2021-09-08,17.959999084472656,0.079769758251255,0.09532284247392396,0.08980579996032523,0.018591370861806622,-0.3219825769078214,1.1300000000000001,4.7,0,-0.00121822036955066,0.0027458318829158834
2021-09-09,18.799999237060547,0.08161783777453234,0.09576962590684193,0.16697694132801666,0.011717490650922757,-0.33089679788289694,1.07,4.7,0,-0.0042802754497842654,0.0028242011182237903
2021-09-10,20.950000762939453,0.0863720920365599,0.09655895258046966,0.2766606311847901,0.0007414183370102467,-0.3541864775514888,1.12,4.7,0,-0.007884518909063165,-0.0031578619607148806
2021-09-13,19.3700008392334,0.08661242875250955,0.09657429470875295,0.18037788052070503,0.0014799238178484497,-0.352129621525115,1.12,4.7,0,0.0025592262031188806,0.001198576958588271
2021-09-14,19.459999084472656,0.08827627039985599,0.09272879266663116,0.07276735056438177,-0.006264281840512087,-0.3189615815080009,1.07,4.7,0,-0.005396441588006673,0.003762382445188006
2021-09-15,18.18000030517578,0.09010628619734677,0.08987455494989127,0.012249511799437007,0.00864759398738335,-0.29978302724878086,1.1,4.7,0,0.008352503158960856,-0.0017037500763065205
2021-09-16,18.690000534057617,0.07996721981285959,0.08958257909230093,-0.005850995078025778,0.018193146620741008,-0.29588805035479265,1.11,4.7,0,-0.0015850670079479157,-0.0031571451941097006
2021-09-17,20.809999465942383,0.08837800295910826,0.09212668667415727,-0.006682639231437748,0.006715979626011004,-0.2586779772057142,1.1400000000000001,4.7,0,-0.009741155001543267,-0.0029100128048952234
2021-09-20,25.709999084472656,0.10239384564782612,0.09819667700723508,0.32731016884613484,-0.01788499111972297,-0.30896010972862165,1.08,4.7,0,-0.01667429972876211,0.005064642512348838
2021-09-21,24.360000610351562,0.09580795708120611,0.09801613840916794,0.25179865140839963,-0.02736825319038394,-0.30298046196399503,1.11,4.7,0,-0.000944289535252496,-0.0005979948450318684
2021-09-22,20.8700008392334,0.10324825849177062,0.09984599103977511,0.1479648233719657,-0.019437048677900637,-0.29834820866548606,1.07,4.7,0,0.009754802928604533,0.0009404180302103882
2021-09-23,18.6299991607666,0.1129110185827115,0.10267408986876074,-0.003210346258775032,-0.00960139445594066,-0.355469246229851,1.14,4.7,0,0.01214990577950914,-0.009050911038375742
2021-09-24,17.75,0.11125035471446859,0.10269321756840959,-0.14704466816303252,-0.0020792041778502357,-0.35589417232515835,1.18,4.7,0,0.0016470124933853914,-0.0030154228845218345
2021-09-27,18.760000228881836,0.10633560075872664,0.10243870292780827,-0.2703227966969558,-0.013752170725341961,-0.3443961568214406,1.17,4.7,0,-0.002860785258421372,-0.0026792397638264465
2021-09-28,23.25,0.12490180292674133,0.10978134142261596,-0.04556652637684577,-0.03785809944469365,-0.2838692725638373,1.23,4.7,0,-0.020151964649150145,-0.003812560254891517
2021-09-29,22.559999465942383,0.12554536216676432,0.10975746262294676,0.0809774105773855,-0.034808563144252735,-0.28094385526075066,1.25,4.7,0,0.0016831608243812468,0.0010437339918478727
2021-09-30,23.139999389648438,0.1305474086039808,0.11239182329018349,0.24208268556337686,-0.047111539906293465,-0.2966703935187252,1.24,4.7,0,-0.012222108474743476,0.0012166988476072227
2021-10-01,21.100000381469727,0.13890376177076438,0.11377515475741999,0.1887324158574495,-0.03874498451075925,-0.23781462376653056,1.21,4.5,0,0.01188396197325825,0.004081897690922043
2021-10-04,22.959999084472656,0.14402368982873892,0.11476256485499271,0.223880533280844,-0.05091094127243678,-0.1916267882430995,1.22,4.5,0,-0.01289608157176425,-0.0012114146177716334
2021-10-05,21.299999237060547,0.15110485289102266,0.11655734228385678,-0.08387100055653562,-0.037594654287137264,-0.20885432010516847,1.26,4.5,0,0.010405041752934885,-0.0031172540538199067
2021-10-06,21.0,0.15260951381368615,0.11666349671161667,-0.06914891413439217,-0.0324160750449779,-0.21634527345834517,1.23,4.5,0,0.0041560957795456765,0.00026064045079032816
2021-10-07,19.540000915527344,0.15645023173358352,0.11795430829765019,-0.15557470047866706,-0.019855248951898274,-0.24273117110921558,1.26,4.5,0,0.008645799462121406,-0.003995546799427263
2021-10-08,18.770000457763672,0.15435544848394447,0.11779246853682054,-0.11042653467211727,-0.013867550630499048,-0.23197107881843915,1.29,4.5,0,-0.001823691470656752,-0.002179792839235306
2021-10-11,20.0,0.15556527201333,0.1176228372944394,-0.12891982589295659,-0.023506175238021898,-0.21909554512890933,1.29,4.5,0,-0.007239956487156363,-0.002446973329129354
2021-10-12,19.850000381469727,0.15484807437553502,0.11356367767213331,-0.06807506608112557,-0.020624442237080376,-0.14291466216218754,1.2400000000000002,4.5,0,-0.002461264913614092,0.004555482516735765
2021-10-13,18.639999389648438,0.15193298391475865,0.11002118333558841,-0.1123809814453125,-0.025242908355814775,-0.1308933498425978,1.19,4.5,0,0.00359738972503143,0.001918799445575159
2021-10-14,16.860000610351562,0.16486561536851727,0.11406214916734017,-0.1371545639512297,-0.007273328729404449,-0.0599724750435798,1.1600000000000001,4.5,0,0.016820643288896875,0.0023501035500819167
2021-10-15,16.299999237060547,0.16320542700810575,0.11497407828130707,-0.13159302932683092,0.010126978506978856,-0.08813287525265413,1.1800000000000002,4.5,0,0.007615896687685142,-0.004949638356113173
2021-10-18,16.309999465942383,0.15006771456026213,0.11327038726729399,-0.1845000267028809,0.0302967724370673,-0.08241624017131699,1.1500000000000001,4.5,0,0.0029603374630349233,-0.0013965684296781689
2021-10-19,15.699999809265137,0.15131221114317459,0.11419690471460582,-0.20906803488420467,0.03922681487121382,-0.09872558576924548,1.24,4.5,0,0.007714972657157704,-0.003582770605630725
2021-10-20,15.489999771118164,0.1487271109134548,0.11393503669738951,-0.1689914013773841,0.0332297016677352,-0.08195865951186547,1.25,4.5,0,0.003927765197991873,-0.0004383745537835937
2021-10-21,15.010000228881836,0.14358377094996866,0.11399091355439067,-0.10972718354078104,0.023489120224000626,-0.0839747610394734,1.23,4.5,0,0.002608050203154466,-0.0026324750283157616
2021-10-22,15.430000305175781,0.1437888292609163,0.11380265195508713,-0.05337417009852918,0.020747530983917573,-0.0805959544845439,1.18,4.5,0,-0.0010360689556996316,0.002551109111649019
2021-10-25,15.239999771118164,0.14377300352886094,0.11365847220402675,-0.06560390741020761,0.029165991308971462,-0.060463817197082714,1.17,4.5,0,0.005362969061871503,0.001228570985712718
2021-10-26,15.979999542236328,0.11906395591134036,0.11350758924675414,0.017834378112919103,0.051277385607451764,-0.05021112616990684,1.16,4.5,0,0.0008998447238719454,0.0012269101736059884
2021-10-27,16.979999542236328,0.1215914181969428,0.11294193216779316,0.09619107767169499,0.0448613746191846,-0.07773459108943548,1.04,4.5,0,-0.004430173538744753,0.005602318513278304
2021-10-28,16.530000686645508,0.11149112408382734,0.11386852768180403,0.10126585173789193,0.06799623690549939,-0.0909645644770058,1.07,4.5,0,0.009648836365409919,-0.0026113947452711672
2021-10-29,16.260000228881836,0.10683963124999894,0.11331519183827968,0.05379130961051515,0.057595091387926844,-0.07719250560561593,1.07,4.5,0,0.002029290232206993,0.0004366136698619183
2021-11-01,16.40999984741211,0.08950472164585761,0.11331764450648475,0.07677165970246613,0.07325502936607053,-0.07509761101943879,1.08,4.1,0,0.0017200851128622574,-7.880179768793294e-05
2021-11-02,16.030000686645508,0.08582103204698562,0.11347265486748738,0.003128982843649153,0.06649730760010986,-0.06980907709089877,1.1,4.1,0,0.004043053263467211,0.0024444977629740627
2021-11-03,15.100000381469727,0.08637465253308867,0.11398861052949152,-0.11071844590397428,0.06856735112268053,-0.08080300351042087,1.1300000000000001,4.1,0,0.006105136632162278,-0.003135576844996768
2021-11-04,15.4399995803833,0.0842701700311617,0.11421305572872018,-0.06594077803897569,0.06440061295926625,-0.06320397334116075,1.12,4.1,0,0.0047127175262278165,0.005417201136667105
2021-11-05,16.479999542236328,0.08220529456812309,0.11425376808589925,0.013530092881777422,0.07004516474202216,-0.04920775681384032,1.06,4.1,0,0.0034696706274255362,0.005474424287928548
2021-11-08,17.219999313354492,0.07278749524829473,0.11423892255077328,0.04936011416661423,0.07876884177231691,-0.053858271141836014,1.06,4.1,0,0.0008536439266872975,-0.00432112191032874
2021-11-09,17.780000686645508,0.07380654462134784,0.114523433526794,0.10917030100054292,0.07785582395684876,-0.07096297606882088,1.05,4.1,0,-0.003305533492281243,0.004599953536282619
2021-11-10,18.729999542236328,0.08489567210795607,0.1149732223157016,0.2403972893418751,0.06535216785850184,-0.01567093265643779,1.05,4.1,0,-0.008044832122649281,-0.008553559576505498
2021-11-11,17.65999984741211,0.06832887217675718,0.11234631660013714,0.14378240462191094,0.04806786458864076,-0.01598133723569949,1.05,4.1,0,0.0003237168265528556,-0.00322437776408413
2021-11-12,16.290000915527344,0.06825885845967264,0.11314422003409372,-0.011529043203068023,0.0479960856967383,-0.005146423639663679,1.05,4.1,0,0.007546888224615689,0.0020981712509284822
2021-11-15,16.489999771118164,0.06858301856613368,0.11224183958023172,-0.04239254188995223,0.04526050020098138,-0.0008392815120758072,1.0999999999999999,4.1,1,0.000342308837327554,-0.003925910260595522
2021-11-16,16.3700008392334,0.06583539611810552,0.1112322796974233,-0.07930257553202202,0.04136321014876554,-0.005834776072938572,1.0899999999999999,4.1,1,0.00395767240745859,-0.000875744003541512
2021-11-17,17.110000610351562,0.06726499957270665,0.1114273823385739,-0.08649220349587583,0.034769410186701766,-0.013977812617595842,1.08,4.1,1,-0.002428997548726941,0.0035942184859529824
2021-11-18,17.59000015258789,0.06746113692221448,0.111523110812271,-0.003963742663025904,0.03558305682282836,-0.009020657997203207,1.07,4.1,1,0.003396408130408979,0.0006111775652111184
2021-11-19,17.90999984741211,0.06792573127485138,0.11077777695397105,0.09944744265426109,0.03480312865415591,-0.013466823723614612,1.02,4.1,1,-0.0017884181798164533,0.0027063197910801584
2021-11-22,19.170000076293945,0.06831151694382244,0.10974911142822417,0.16252276181772518,0.026385682128550636,-0.01596263399056114,0.9999999999999999,4.1,1,-0.002815001024001784,-0.00731306349468519
2021-11-23,19.3799991607666,0.06829417686680818,0.10948805757453944,0.1838728263421494,0.026822478641582492,-0.02400871713073906,1.0699999999999998,4.1,1,0.0013257952897085534,-0.004122070489351981
2021-11-24,18.579999923706055,0.06491395853053766,0.10947259000957218,0.08591462658774773,0.03414538663357458,-0.021010841938214647,0.9999999999999999,4.1,1,0.00266985240578288,0.003082224486939067
2021-11-26,28.6200008392334,0.10163762573295515,0.11921317330844661,0.6270608636136221,0.0014182860944353948,-0.19297123923234863,0.98,4.1,1,-0.02230303365599895,0.012906224780991904
2021-11-29,22.959999084472656,0.11035015188546476,0.12157725142295424,0.2819653422716384,0.011649188595283633,-0.2047101466588248,1.01,4.1,1,0.012266435003490894,-0.002253993284752731
2021-11-30,27.190000534057617,0.13114984866301793,0.12826961254378624,0.41836204620997286,-0.009738386022000611,-0.2561902486903661,0.9099999999999999,4.1,1,-0.01945757539189452,0.005994520167757811
2021-12-01,31.1200008392334,0.13521854407433048,0.1301258608374555,0.6057792666076878,-0.02468059678582102,-0.2731160342637939,0.8699999999999999,3.9,0,-0.01110710777079238,0.0018840179332970663
2021-12-02,27.950000762939453,0.1454008925593291,0.13379722817411918,0.5043057522986476,-0.015751368697878965,-0.2801694491882772,0.8099999999999999,3.9,0,0.015316213758109543,-0.002156592425798576
2021-12-03,30.670000076293945,0.1465045961904809,0.13475075334259684,0.07162820324765073,-0.028892089572319368,-0.29435316089864083,0.7500000000000001,3.9,0,-0.008701219725121057,0.005878627277654758
2021-12-06,27.18000030517578,0.15308200708137565,0.13572403474857295,0.1837979699031007,-0.02078851616106625,-0.3301686197032572,0.7799999999999999,3.9,0,0.011843292193657096,-0.004984912067666936
2021-12-07,21.889999389648438,0.17136924436851203,0.14179943978607568,-0.19492464289474765,-0.001386057470604718,-0.34949976908252633,0.78,3.9,0,0.02068492838564251,-0.0038000621880464047
2021-12-08,19.899999618530273,0.17115539878926994,0.1412349227984512,-0.36053987526111886,0.0045786500074322944,-0.3425717163758868,0.84,3.9,0,0.002647708981620589,-0.0032080197465516047
2021-12-09,21.579999923706055,0.17038045609340058,0.14127668572595115,-0.22790700054934365,0.005888523212660202,-0.3464643271361608,0.79,3.9,0,-0.00675141871476892,0.002522362882593221
2021-12-10,18.690000534057617,0.17339149408061214,0.14228937867666522,-0.3906097004380559,0.015028886034581745,-0.3452134886824441,0.8099999999999999,3.9,0,0.009413513061592216,0.0006942302752126484
2021-12-13,20.309999465942383,0.1747022527089752,0.14201730491053846,-0.25275940993735646,-0.0014981135496843212,-0.379396665310801,0.7599999999999999,3.9,0,-0.008858287265384512,0.004768424291952789
2021-12-14,21.889999389648438,0.17637808852140366,0.13818854152824003,0.0,-0.00870724044860105,-0.34407124360337604,0.7699999999999999,3.9,0,-0.0068801058066757514,-0.0017256132527218027
2021-12-15,19.290000915527344,0.18484180592398455,0.1412654999014994,-0.03065320174352759,0.0028130769059420135,-0.34568583377034656,0.78,3.9,0,0.015625175155986826,-0.0014697180568595813
2021-12-16,20.56999969482422,0.1874228296158817,0.14170318557952527,-0.04680260576703388,-0.0036099968974151464,-0.36207983962591384,0.7999999999999999,3.9,0,-0.008818495572229912,0.0029114119138409222
2021-12-17,21.56999969482422,0.19053418840899297,0.14180657057606638,0.15409304860738549,-0.017551267999340148,-0.3403126377874997,0.7499999999999999,3.9,0,-0.01064289505899041,0.002246218023480351
2021-12-20,22.8700008392334,0.19369329740162286,0.14368246312020835,0.12604635355032157,-0.026256749307327465,-0.33087284977445325,0.7799999999999999,3.9,0,-0.010633574149691793,-0.0008619128012248289
2021-12-21,21.010000228881836,0.20494208450175802,0.14777265843836504,-0.040200967807369814,-0.006166354085865744,-0.35727688915715766,0.78,3.9,0,0.017759047344589884,-0.003968505141204504
2021-12-22,18.6299991607666,0.20810321689956995,0.14228419138250298,-0.034214708317067966,0.002441586404332785,-0.4115830662173378,0.7799999999999999,3.9,0,0.009998627903688329,0.000952763224926434
2021-12-23,17.959999084472656,0.20904150044076536,0.1426324764919671,-0.1268838429301623,0.005993108706438877,-0.41498297616013496,0.79,3.9,0,0.006222183425131034,-0.0020770382343680005
2021-12-27,17.68000030517578,0.19623307103685672,0.14208967555595944,-0.18034304333262707,0.04350347547812894,-0.4075039110722794,0.72,3.9,0,0.014152257619593822,0.00034722135542963883
2021-12-28,17.540000915527344,0.19280044563077586,0.14064356843549478,-0.23305639388357435,0.030016028719350718,-0.4358962737088483,0.75,3.9,0,-0.000817268087724865,-0.0001735504173037139
2021-12-29,16.950000762939453,0.17616661932982328,0.13733919882433343,-0.19324128613579072,0.05179920138111438,-0.4476612477349147,0.8,3.9,0,0.0012793105806270244,-0.00511552068717025
2021-12-30,17.329999923706055,0.16994481366318992,0.13650335141284942,-0.06977988704359417,0.06067243007299261,-0.44406390691618675,0.79,3.9,0,-0.002764571692612461,0.0033116431766626597
2021-12-31,17.219999313354492,0.1645123853284453,0.13667086801582085,-0.041202661962156384,0.04203910967419211,-0.44101081651472634,0.79,3.9,1,-0.002520313128660079,-0.0011288540956460036
2022-01-03,16.600000381469727,0.1598553269220998,0.13616326425121808,-0.061085967481000925,0.05727213710733792,-0.43143814947329157,0.8499999999999999,3.9,1,0.0057900612394605755,-0.00930487228728627
2022-01-04,16.90999984741211,0.15656571531046798,0.13604138276278238,-0.03591796095959854,0.04454713490914597,-0.43590083051673856,0.8899999999999999,3.9,1,-0.00033494240223186367,-0.0005264973819848473
2022-01-05,19.729999542236328,0.15820958016318254,0.14144133906686845,0.16401172000978548,0.0037273963423181122,-0.3859135477710464,0.88,3.9,1,-0.019202301729087767,-0.004215193758255742
2022-01-06,19.610000610351562,0.1579957206503945,0.14130084012917718,0.13156380246295618,0.00013655782190058474,-0.37856199992647055,0.85,3.9,1,-0.000939266953219442,-0.002469457409476239
2022-01-07,18.760000228881836,0.15670425207714286,0.14163893555889892,0.08943095104150434,0.0029537572117523947,-0.3714458923339675,0.89,3.9,1,-0.003953621478697822,-0.003271041984824974
2022-01-10,19.399999618530273,0.15290813456275362,0.13794262790828224,0.1686746489588118,-0.007635969413088861,-0.403143053526579,0.86,3.9,1,-0.0012444191490210699,-0.00026618202966433024
2022-01-11,18.40999984741211,0.15293164264445727,0.13828460222476427,0.08870490913869289,0.010352931058667858,-0.3794075279834807,0.85,3.9,1,0.009108455859358378,0.0023951925252283512
2022-01-12,17.6200008392334,0.15051293462002857,0.13826977825048878,-0.10694367724064169,0.020102792743105224,-0.37822676233796065,0.82,3.9,1,0.0027034578242053353,0.00017751534573440253
2022-01-13,20.309999465942383,0.1488977777143598,0.14077942934233054,0.03569601396245292,-0.009430664024100421,-0.3832644179899876,0.7899999999999999,3.9,1,-0.013778648081764766,0.0031856766604196896
2022-01-14,19.190000534057617,0.14556985887674995,0.14060910800337748,0.0229211247297203,-0.00020886435349454224,-0.3734588291917508,0.79,3.9,1,0.0004090031389407667,-0.006880650106040553
2022-01-18,22.790000915527344,0.1543386110139946,0.14541865565352688,0.17474233833278263,-0.007350130402135502,-0.29067585574992794,0.81,3.9,1,-0.017709633352212317,-0.007550243910452448
2022-01-19,23.850000381469727,0.15411937377993565,0.14701268143814814,0.2954916121209157,-0.007099139447183878,-0.29852215142575556,0.79,3.9,1,-0.010383413411624298,0.0024165133670666084
2022-01-20,25.59000015258789,0.1428476865989105,0.14832717858265365,0.4523268407347729,-0.035222285191475855,-0.31024577880874654,0.75,3.9,1,-0.011068187234608118,0.002142825041151042
2022-01-21,28.850000381469727,0.1491002817963796,0.15353893571454275,0.4204825770600329,-0.06352487237482396,-0.34337735656810603,0.74,3.9,1,-0.019630553805778606,0.00579131163353197
2022-01-24,29.899999618530273,0.14759587704594107,0.15363588925303354,0.5581031154983551,-0.06536338199581126,-0.34044635325041905,0.76,3.9,1,0.004246744771710276,-0.0008858883944447005
2022-01-25,31.15999984741211,0.13532805512823687,0.15404654656371664,0.36726628326645194,-0.08965770518685623,-0.3247644397405258,0.76,3.9,1,-0.012208942270209855,-0.0013300881770266226
2022-01-26,31.959999084472656,0.13482475432060106,0.15397310386919189,0.340041868900933,-0.09119887506417579,-0.3139618831122193,0.7200000000000002,3.9,1,-0.0025088409577705972,-0.007101986590635212
2022-01-27,30.489999771118164,0.13293902684206244,0.15410092601877495,0.1914810312353492,-0.09684198972737079,-0.3184164380858118,0.6300000000000001,3.9,1,-0.0049380386330309944,0.0042022352016173325
2022-01-28,27.65999984741211,0.1701223652483183,0.1626457667663702,-0.041247851588312345,-0.07184563747901829,-0.2810588522707749,0.6300000000000001,3.9,1,0.024835524588417535,0.002314941036308804
2022-01-31,24.829999923706055,0.1867540951242912,0.1665338466175312,-0.1695652093481007,-0.05274133598879149,-0.266450039755503,0.6100000000000001,3.9,1,0.018010919000237546,0.0
2022-02-01,21.959999084472656,0.1873635266595082,0.166855718871936,-0.295250346854656,-0.05183067760893112,-0.2840942888387218,0.6300000000000001,3.9,1,0.006756989474003605,-0.0013515192230748596
2022-02-02,22.09000015258789,0.19229925787162797,0.1679602657893971,-0.30882350483795773,-0.04229925783977695,-0.2853442039787116,0.6200000000000001,3.9,1,0.009714135402238755,0.002047870505675009
2022-02-03,24.350000381469727,0.1979029639851447,0.17454216374163156,-0.20137748231354824,-0.04650079373893867,-0.23963157412168093,0.6300000000000001,3.9,1,-0.02350516645257672,-0.004265176647902269
2022-02-04,23.219999313354492,0.19942638828468826,0.1748019456652052,-0.16052062756873176,-0.04111640514402182,-0.24534928102081907,0.6199999999999999,3.9,1,0.004702406559798034,-0.0076743653751075724
2022-02-07,22.860000610351562,0.1993482600686644,0.17419762616164916,-0.07933948124879642,-0.04039986048957056,-0.27789497677678127,0.6199999999999999,3.9,1,-0.0032093062021160135,0.0002697662352522112
2022-02-08,21.440000534057617,0.2026234581018149,0.1751043344689219,-0.02367935209900429,-0.031299071912790355,-0.2847365682591733,0.6099999999999999,3.9,1,0.008227717220030906,-0.003236478480113436
2022-02-09,19.959999084472656,0.20736066200561637,0.17706155355160197,-0.09642376882762038,-0.02599268366740559,-0.27940004448274797,0.5799999999999998,3.9,1,0.014636190058048504,0.0013528458618048411
2022-02-10,23.90999984741211,0.2149931163978757,0.1807453935666165,-0.01806983684453889,-0.04607031124280292,-0.21005937915417422,0.4199999999999997,3.9,1,-0.0179656955355042,-0.009187394380565261
2022-02-11,27.360000610351562,0.22018223389984973,0.18470080210973483,0.17829463477270813,-0.05181574620996576,-0.2620743150496338,0.41999999999999993,3.9,1,-0.019718572907939103,0.010363659426722904
2022-02-14,28.329999923706055,0.21991017020485035,0.18473794666294915,0.23928255325056913,-0.05530214179067494,-0.252297011251268,0.3999999999999999,3.9,1,-0.0032694185533663767,-0.00692839071064133
2022-02-15,25.700000762939453,0.22216797669458216,0.18783210573745693,0.19869403557685517,-0.022760409882547905,-0.2623777719444351,0.46999999999999975,3.9,1,0.01612703674247662,-0.0029897443603537077
2022-02-16,24.290000915527344,0.2194999102924099,0.18785687095465048,0.21693396942202736,-0.011400320933675268,-0.2600139438695786,0.5099999999999998,3.9,1,0.0011205540520480284,0.002090194618336927
2022-02-17,28.110000610351562,0.22892245820106732,0.19254205183122874,0.17565875323056668,-0.02168990384075764,-0.2970901596561498,0.48,3.9,1,-0.02136122706900423,0.005350014953580562
2022-02-18,27.75,0.21927973112415755,0.19280428404222208,0.014254363338752407,-0.008562034271625496,-0.3001519103830219,0.44999999999999996,3.9,1,-0.006475049973479252,0.0032479102691873596
2022-02-22,28.809999465942383,0.22155904527482354,0.19363261064826212,0.016943153672043243,-0.023349489927258604,-0.3052182764241005,0.3799999999999999,3.9,1,-0.010731755869744952,-9.011484784737789e-05
2022-02-23,31.020000457763672,0.22606392783442247,0.19173933150273406,0.2070038730308481,-0.028816749473161263,-0.20900870958342127,0.4099999999999999,3.9,1,-0.0177385662595817,-0.005215298679667191
2022-02-24,30.31999969482422,0.23335869205117057,0.19266103757306957,0.24825024915673044,-0.011721870005192425,-0.18347259761866733,0.41999999999999993,3.9,1,0.015049113346879306,0.0023505186865329097
2022-02-25,27.59000015258789,0.24587524496649954,0.19465859102992708,-0.0184987707745613,0.01509602963483081,-0.14071012994029433,0.41999999999999993,3.9,1,0.022063946947368684,-0.00027130620182247434
2022-02-28,30.149999618530273,0.22910808089228904,0.1934597015571669,0.08648647273982957,-0.012037779061531695,-0.13199392711205268,0.3900000000000001,3.9,1,-0.002558623608006627,0.011365877791499557
2022-03-01,33.31999969482422,0.2237976879493956,0.19299570153178072,0.1565428779064475,-0.044297713364640945,-0.1639609209176756,0.4099999999999999,3.7,1,-0.015230195559385873,0.00973947813230791
2022-03-02,30.739999771118164,0.23355528430028236,0.1962784110248348,-0.009026456560719653,-0.03324858197592251,-0.21524672476981266,0.3600000000000001,3.7,1,0.018396378024983617,-0.015029502193640298
2022-03-03,30.479999542236328,0.2299213369954771,0.19480141278692542,0.005277039875413392,-0.04731597695750833,-0.20700534712542154,0.33000000000000007,3.7,1,-0.004978418750125613,0.004308307027759861
2022-03-04,31.979999542236328,0.21725921612388946,0.19016813821901632,0.1591155985998305,-0.03231054644532849,-0.20510699240178312,0.24,3.7,1,-0.008124699250551481,0.009920434654135724
2022-03-07,36.45000076293945,0.23717572175614046,0.19859718698918918,0.20895526448156843,-0.06523291749026816,-0.16259653023926698,0.22999999999999998,3.7,1,-0.029479205420162136,-0.00424760919313838
2022-03-08,35.130001068115234,0.2376704011567894,0.1986938925953903,0.054321770404222924,-0.06933330189375941,-0.14747155050079688,0.2300000000000002,3.7,1,-0.007581759073926886,-0.0064878568396712355
2022-03-09,32.45000076293945,0.25808835949265896,0.20593834525794188,0.05562787913316525,-0.05217955243534156,-0.18555890158780855,0.26,3.7,1,0.026811046454242593,-0.006172237053097551
2022-03-10,30.229999542236328,0.24999982054289976,0.20546440478243508,-0.008202099860715961,-0.07007040540662846,-0.17329705431261594,0.26,3.7,1,-0.004515862361074818,-0.0045904077954639355
2022-03-11,30.75,0.24664468130554412,0.20647525645320589,-0.038461524698018,-0.06509827571025106,-0.1751859604094229,0.25,3.7,1,-0.012714973377097816,-0.00027132480279545845
2022-03-14,31.770000457763672,0.23948127813373546,0.20368522389302002,-0.12839506741339146,-0.05326256962313991,-0.15029837299740395,0.27,3.7,1,-0.007308367051778286,-0.012662714036379197
2022-03-15,29.829999923706055,0.25487070067711665,0.20891776247354102,-0.15086823180371545,-0.02926964027267176,-0.1378404053943999,0.2999999999999998,3.7,1,0.021990474691353734,-0.0004578660347795971
2022-03-16,26.670000076293945,0.26119980808400955,0.21346601287076641,-0.17812020187212874,-0.023492475166261073,-0.1302164271462836,0.24,3.7,0,0.022174373782597456,-0.001374706141200055
2022-03-17,25.670000076293945,0.26555373137983596,0.21418693955702564,-0.1508435175320233,-0.012382199887736811,-0.13227583518474437,0.26000000000000023,3.7,0,0.012510865605869226,-0.0019273658459711962
2022-03-18,23.8700008392334,0.25648683721636056,0.21216310131640462,-0.2237398101062309,0.020228174842559232,-0.10933517997730818,0.17000000000000015,3.7,0,0.010952667139108696,0.0029425107856031474
2022-03-21,23.530000686645508,0.25499137883859724,0.211024688767416,-0.2593641691026336,0.026577167447918493,-0.11130371563299939,0.17999999999999972,3.7,0,-0.00029223448523640894,-0.01301955184078285
2022-03-22,22.940000534057617,0.25322238741744285,0.21208981255540799,-0.2309755081217053,0.04985616747741739,-0.12102418797285773,0.19999999999999973,3.7,0,0.011701214796786763,-0.00548070856588212
2022-03-23,23.56999969482422,0.248601537586773,0.21128059425755563,-0.11623548453699528,0.05505081846377857,-0.1460638361161814,0.18999999999999995,3.7,0,-0.012878371612247919,0.006725040466873278
2022-03-24,21.670000076293945,0.24861813929661286,0.21385690581454597,-0.15582391850843702,0.05507719734026839,-0.15946197897268247,0.20999999999999996,3.7,1,0.015074492081934787,-0.005566602100125273
2022-03-25,20.809999465942383,0.23822498978139203,0.214134472644471,-0.1281944392838693,0.037341774677652095,-0.16595839378201704,0.18000000000000016,3.7,1,0.004883463724881132,-0.010263282428949472
2022-03-28,19.6299991607666,0.2382754907876657,0.21469308999394462,-0.16574591636507507,0.047400316162144795,-0.15776800463048435,0.10999999999999988,3.7,1,0.007113025319759769,0.0022625537504266102
2022-03-29,18.899999618530273,0.23118746679042312,0.21628211590656457,-0.17611163127609353,0.07675675659408188,-0.13787126847344683,0.06000000000000005,3.7,1,0.012370842608293797,0.0049848250544746175
2022-03-30,19.329999923706055,0.2270341999815443,0.21622500296327596,-0.17988968290267882,0.050777625359194944,-0.13451680040910516,0.040000000000000036,3.7,1,-0.006174680379638531,0.00393060977951154
2022-03-31,20.559999465942383,0.23451568190118996,0.218357081138115,-0.05122291677173807,0.039781156492026515,-0.14184417566677185,0.040000000000000036,3.7,1,-0.015391396316748907,0.001864788884679669
2022-04-01,19.6299991607666,0.23141153332970524,0.21506359012983053,-0.056703524048953846,0.05126921830285336,-0.16068063563709825,-0.04999999999999982,3.7,1,0.0028340728838514018,-0.006511412350828416
2022-04-04,18.56999969482422,0.19852139618134432,0.21584597090405974,-0.05399895625369899,0.0924804304940372,-0.15984385332823964,-0.010000000000000231,3.7,1,0.008566556507458412,-0.0006565016827646541
2022-04-05,21.030000686645508,0.20334971963369403,0.21720870141379076,0.11269847148710532,0.08692188280345436,-0.12802379820784746,0.03000000000000025,3.7,1,-0.012631189679011001,-0.01191594783511618
2022-04-06,22.100000381469727,0.19078352471203122,0.2180927508528099,0.14330059331074185,0.04795633442737457,-0.12242248325286263,0.10999999999999988,3.7,1,-0.009999561683031288,-0.003513244290069495
2022-04-07,21.549999237060547,0.18918893385342636,0.21748164830884067,0.04815174109114628,0.058014888752536686,-0.13185461549571673,0.18999999999999995,3.7,1,0.005039050328822459,-0.0024779204663533116
2022-04-08,21.15999984741211,0.18140046271951735,0.2174101514982313,0.07794196393566,0.06877530808672794,-0.13089855175983553,0.1900000000000004,3.7,1,-0.002673904010525474,-0.005062788615842084
2022-04-11,24.3700008392334,0.19206659350856345,0.21836504135464183,0.3123317845840212,0.05824160453297389,-0.10653642738330188,0.29000000000000004,3.7,1,-0.017092200288427173,-0.004801023906660595
2022-04-12,24.260000228881836,0.17944161728221059,0.21843356240486578,0.15359008258556295,0.0316345492555532,-0.10864989314131539,0.33000000000000007,3.7,1,-0.003705129163789289,0.004824184933858167
2022-04-13,21.81999969482422,0.16673883225573097,0.2169800482376147,-0.012669714109158181,0.020814286419784223,-0.12475179042237637,0.33000000000000007,3.7,1,0.011453333665923937,0.0022083540822357417
2022-04-14,22.700000762939453,0.1675892055300118,0.2174296762148037,0.0533643418372467,-0.004352902225753907,-0.09587832015433925,0.3599999999999999,3.7,1,-0.012451610232641186,-0.009005603129012996
2022-04-18,22.170000076293945,0.16241140170780308,0.2162890256409214,0.047731580159031006,-0.01473506056392837,-0.08905975130194052,0.3900000000000001,3.7,1,0.00041090923502662413,-0.002900302592379278
2022-04-19,21.3700008392334,0.17307573859758615,0.21497518674527605,-0.12310217056580008,0.0014625429916372834,-0.07738604524370314,0.3200000000000003,3.7,1,0.01614280690220693,-0.0065930457420745325
2022-04-20,20.31999969482422,0.16759067253907922,0.2148378008615615,-0.1624072752219926,-0.010854292407963428,-0.07848213774915908,0.25,3.7,1,-0.0007415444690804796,0.007808087810916353
2022-04-21,22.68000030517578,0.16977242450773647,0.2155940231644412,0.039413410741502286,-0.012933679051141622,-0.06477970877601746,0.21999999999999975,3.7,1,-0.014953503226839526,-0.005520121709519432
2022-04-22,28.209999084472656,0.18418387982760367,0.22290137547244995,0.24273119543365618,-0.054274421381316884,-0.07650720450134296,0.17999999999999972,3.7,1,-0.02743930069214462,0.00048701301451226087
2022-04-25,27.020000457763672,0.18471245316542326,0.2229993553036417,0.21876411207845514,-0.05341394439068092,-0.061523358315773755,0.18000000000000016,3.7,1,0.005797766053542652,0.006423918697072706
2022-04-26,33.52000045776367,0.20284944257760848,0.2247004962122492,0.5685540075517437,-0.08731976253460161,-0.12245884261681864,0.22999999999999998,3.7,1,-0.02896081169116571,0.006673032590535755
2022-04-27,31.600000381469727,0.19500368254429634,0.22138486271028113,0.5551181523648683,-0.09593746571815276,-0.13186059773829184,0.23999999999999977,3.7,1,0.002811841465124587,-0.005571947459267035
2022-04-28,29.989999771118164,0.22240005591099996,0.22735868377824545,0.32231037775930615,-0.06734271986757356,-0.12896557550725335,0.2200000000000002,3.7,1,0.025259187695636953,-0.0014492125247858034
2022-04-29,33.400001525878906,0.2493755642874403,0.23800992959586342,0.18397740552437414,-0.08776914284522808,-0.10415343018771862,0.18999999999999995,3.7,1,-0.036955621713044784,-0.005321238782638349
2022-05-02,32.34000015258789,0.2508639415888789,0.23404963055677133,0.19689117707974058,-0.08487155576834837,-0.12488604014560489,0.26000000000000023,3.7,1,0.00601944972903512,-0.007449877386359605
2022-05-03,29.25,0.24854128331488923,0.23403725587325377,-0.12738664676165556,-0.08848511573948559,-0.11626098188989245,0.1900000000000004,3.7,1,0.004584038250272204,0.0011775934714817193
2022-05-04,25.420000076293945,0.2754517014451893,0.24273900830122597,-0.19556962754974327,-0.04871074390683994,-0.0666933511342568,0.27,3.7,1,0.03045310315678207,0.006467869062195097
2022-05-05,31.200000762939453,0.29879372637679347,0.25238078384224694,0.04034681564041165,-0.07325524471332345,-0.009242917366599119,0.33999999999999986,3.7,1,-0.035542861369273426,-0.010029697540836602
2022-05-06,30.190000534057617,0.29710929896676513,0.2503640937304671,-0.09610780973570088,-0.0834057120419247,-0.01357863054631009,0.3999999999999999,3.7,1,-0.005968960222233033,-0.005704389873285365
2022-05-09,34.75,0.3129735874990906,0.2558829812171979,0.07452071230801338,-0.1103737664131772,-0.07827614281121256,0.43999999999999995,3.7,1,-0.032017251155345705,0.007419100141825341
2022-05-10,32.9900016784668,0.3111336189851505,0.253275432841519,0.12786330524672818,-0.09281260217494258,-0.041913553615374396,0.3700000000000001,3.7,1,0.002310336024135662,0.003338766723155917
2022-05-11,32.560001373291016,0.3136245578717917,0.2549734070765492,0.2808812460884158,-0.10390404788599261,-0.060977359594947975,0.25,3.7,1,-0.01588601979186699,0.006165103994683951
2022-05-12,31.770000457763672,0.3078633294392901,0.25226668246697137,0.01826922054121516,-0.11497582594066191,-0.05493055125211676,0.2799999999999998,3.7,1,-0.001043750822166234,0.003307351306919948
2022-05-13,28.8700008392334,0.32423207275086696,0.25771949224373086,-0.043723076232977,-0.08239120592357563,-0.07305681773017765,0.3200000000000003,3.7,1,0.023907723186987306,-0.005234887346207917
2022-05-16,27.469999313354492,0.32379692540226473,0.25446654490630605,-0.20949642263728085,-0.08648973163582208,-0.05469012450450027,0.2999999999999998,3.7,1,-0.0040574544737568274,0.004190290226807392
2022-05-17,26.100000381469727,0.32786278736777597,0.25812444351110914,-0.20885119570922317,-0.08250941315085236,-0.07243707154937458,0.27,3.7,1,0.020570312687034686,-0.007569642719540748
2022-05-18,30.959999084472656,0.3517178178159157,0.2698181668293525,-0.049140117362858615,-0.1188414764328165,-0.11816490435893748,0.20999999999999996,3.7,1,-0.04031156509029077,0.007138658153478694
2022-05-19,29.350000381469727,0.3501533380659749,0.2678451512109313,-0.07617249107412483,-0.11094374682741004,-0.1331582797031687,0.20999999999999996,3.7,1,-0.006124636828574226,0.003592403336388772
2022-05-20,29.43000030517578,0.34098592876956785,0.26573810356785993,0.01939727917088807,-0.08546131682436142,-0.14085541328082107,0.17999999999999972,3.7,1,0.0004365618929165205,0.004644162296314036
2022-05-23,28.479999542236328,0.34901121999248186,0.2645602690817439,0.03676739185030953,-0.07372064654959609,-0.15964257882060565,0.20999999999999996,3.7,1,0.018710002738081544,-0.006066966608719526
2022-05-24,29.450000762939453,0.33643284629064385,0.2648560779983921,0.12835250316119273,-0.05337670157719354,-0.16895382793821992,0.2599999999999998,3.7,1,-0.007633803009157947,0.00862300066686883
2022-05-25,28.3700008392334,0.33837359655547095,0.2641286284959968,-0.08365627654486008,-0.047690999729489536,-0.14300615943864156,0.27,3.7,1,0.008835028459800665,0.0020174662373153573
2022-05-26,27.5,0.3331666867513732,0.2646483733183381,-0.06303238015075918,-0.05259347006886228,-0.10034094889264461,0.29000000000000004,3.7,1,0.019981171047238844,-0.00047911626077112857
2022-05-27,25.719999313354492,0.3200436326802925,0.2696702706223124,-0.12606187405199654,0.007912587373175128,-0.08447801449294023,0.27,3.7,1,0.02454914591410784,0.0014382044116656445
2022-05-31,26.190000534057617,0.3200887119834449,0.2694200388399195,-0.08040726983799995,-0.0037397330078220437,-0.06311616670859237,0.3200000000000003,3.7,1,-0.005610984382625528,-0.01043960944608513
2022-06-01,25.690000534057617,0.32084517058191836,0.263107276027484,-0.1276740282334221,-0.016307072604770156,-0.07307716986811194,0.2799999999999998,3.6,1,-0.008088301680016174,-0.005630106651012268
2022-06-02,24.719999313354492,0.3085051056102911,0.265566864466645,-0.12865708205518456,-0.027199028748929432,-0.07000809826506202,0.27,3.6,1,0.01904339419616541,0.001461705464530949
2022-06-03,24.790000915527344,0.2869793151582344,0.2618393537218804,-0.09854542125355115,-0.007902058831070757,-0.0462214279367985,0.2999999999999998,3.6,1,-0.0164114039167933,-0.0019464055833715577
2022-06-06,25.06999969482422,0.2863758864731155,0.261800645112347,-0.025272147584886495,0.0010938777967897106,-0.052094193942474526,0.31000000000000005,3.6,1,0.003044504949795135,-0.007507256258655226
2022-06-07,24.020000457763672,0.26125709499101935,0.2612948552496749,-0.08285605315173883,0.044126656696572564,-0.04059228261234625,0.22999999999999998,3.6,1,0.00959222077700761,0.004027501327981797
2022-06-08,23.959999084472656,0.2654013736717339,0.2618228466060235,-0.0673414329941906,0.030394479740245783,-0.05195043709682009,0.25,3.6,1,-0.010871879764689507,-0.0037184599237699567
2022-06-09,26.09000015258789,0.27366622005252944,0.26217236915658,0.055420747463098996,0.02212610506943813,-0.05528834538643454,0.20999999999999996,3.6,1,-0.02378301775442604,-0.0008835555728250455
2022-06-10,27.75,0.293987217453595,0.2639791931278272,0.11940294373360216,-0.00647405450322025,-0.010708996859138878,0.08999999999999986,3.6,1,-0.028995593545769638,-0.009829964924172985
2022-06-13,34.02000045776367,0.3084869710954928,0.2725354459855713,0.357000433661242,-0.06651380197637635,0.08559924971640272,0.03000000000000025,3.6,1,-0.03796802491461082,-0.017770334329005655
2022-06-14,32.689998626708984,0.3084731979734318,0.2710893233457531,0.36094912588326045,-0.06553528106349693,0.07624626822148571,0.040000000000000036,3.6,1,-0.0030134640956589465,-0.007984496824204323
2022-06-15,29.6200008392334,0.302781144475601,0.2732803375909381,0.23622712733861162,-0.07131650609723639,0.11844686010261955,0.1299999999999999,3.6,1,0.014256380742003527,0.013957953058670203
2022-06-16,32.95000076293945,0.29204488699831077,0.2787088873518712,0.2629360126573672,-0.06433419984761246,0.08983119988915779,0.13999999999999968,3.6,1,-0.033096148211713805,0.006531567601506749
2022-06-17,31.1299991607666,0.2924079332991805,0.278190891075059,0.12180177155915684,-0.05653873989953773,0.10388698324872767,0.08000000000000007,3.6,1,0.002155793626102298,0.0002995140821422382
2022-06-21,30.190000534057617,0.30870566184978687,0.28173911592575923,-0.11258083104558025,-0.033210577668975505,0.09748001141920411,0.10000000000000009,3.6,1,0.02517350383660455,-0.005189705446225101
2022-06-22,28.950000762939453,0.29933314005320444,0.2812908037372396,-0.11440801532227074,-0.05268756536666763,0.10855501398942155,0.10000000000000009,3.6,1,-0.0018129795500426704,0.01264064674655252
2022-06-23,29.049999237060547,0.30178086283802663,0.2817546857184102,-0.019243807765793597,-0.03604285832538523,0.1151944667673533,0.08000000000000007,3.6,1,0.009802518971538277,0.005646926191304358
2022-06-24,27.229999542236328,0.32265385386133993,0.2889670827458441,-0.17359639114596626,-0.014105239237265144,0.08652324329757871,0.08999999999999986,3.6,1,0.03179397302310005,-0.0035467230504689917
2022-06-27,26.950000762939453,0.31353503241187974,0.28888170993473833,-0.13427557052732708,-0.03711068587461119,0.08997375190451785,0.1200000000000001,3.6,1,-0.0038196678815241025,-0.005634860877872794
2022-06-28,28.360000610351562,0.30409642683148713,0.2900232836679273,-0.06061609444629246,-0.07938570562741787,0.08906942113594006,0.10000000000000009,3.6,1,-0.02043300805296777,0.0012922871222005305
2022-06-29,28.15999984741211,0.30422604236176115,0.28982712979558733,-0.027288459229979356,-0.07494468102122442,0.09498626676032104,0.040000000000000036,3.6,1,-0.0008140720236936572,0.008042915998354827
2022-06-30,28.709999084472656,0.30423300252001406,0.2890808064765331,-0.011703964251886578,-0.07497857147693898,0.08760130697638585,0.06000000000000005,3.6,1,-0.008124641495371066,0.0076830415269169006
2022-07-01,26.700000762939453,0.29723700483983123,0.28967261744382217,-0.01946378215962863,-0.08266410244919342,0.09251433703772186,0.040000000000000036,3.5,1,0.010576682694497075,0.01071999473490659
2022-07-05,27.540000915527344,0.2942979055872504,0.2893932376639327,0.021892398363091425,-0.06559684268905608,0.09136719262318267,0.0,3.5,1,0.0018885035775944026,0.003681046871336635
2022-07-06,26.729999542236328,0.29439424641041,0.28923167701221325,-0.05747535377415591,-0.06528684169636456,0.08601708296993255,-0.040000000000000036,3.5,1,0.0033772786458332593,-0.008492926671643919
2022-07-07,26.079999923706055,0.29809638007833905,0.29141186610436615,-0.07386363405457208,-0.06030127092002946,0.07089446665346005,-0.020000000000000018,3.5,1,0.014977181315121824,-0.006131854130997483
2022-07-08,24.639999389648438,0.2966792527448692,0.28973877211047416,-0.14176244599831467,-0.05075404451684018,0.060688742830974335,-0.03000000000000025,3.5,1,-0.0008224566747027096,-0.006071610130091054
2022-07-11,26.170000076293945,0.2880000998500865,0.2903836942533529,-0.019850212415767676,-0.0387361469835672,0.05075502426779091,-0.07999999999999963,3.5,1,-0.011423654414398188,0.007882454839453379
2022-07-12,27.290000915527344,0.27116982383002064,0.2893588788705529,-0.009077704854361435,-0.01879161125807216,0.04405131903509231,-0.06999999999999984,3.5,1,-0.008848958453470668,0.0023463693396221785
2022-07-13,26.81999969482422,0.23403235393961258,0.288654582408608,0.0033670091331532426,0.014576944557248783,0.030128347157568843,-0.21999999999999975,3.5,1,-0.005251613166521563,0.0042911427154119774
2022-07-14,26.399999618530273,0.23391423665707134,0.288604680995435,0.01226992698467555,0.015172123600442733,0.031231924928756163,-0.18999999999999995,3.5,1,-0.002428604075233376,-0.005535543377741536
2022-07-15,24.229999542236328,0.2381924862892445,0.28947230417459185,-0.01663960460909575,0.0200253528541523,0.058281566220557406,-0.19999999999999973,3.5,1,0.019105232107544,0.0034180181552074806
2022-07-18,25.299999237060547,0.20488766579695014,0.2897234715848553,-0.033244204688462675,0.04622910274776837,0.059692354340032366,-0.18999999999999995,3.5,1,-0.00825705315143932,-0.0029197259993548608
2022-07-19,24.5,0.2228142238251009,0.29461932389653683,-0.10223528112598568,0.07218595173630216,0.030684905484017103,-0.2200000000000002,3.5,0,0.027019187819418367,-0.004587321978083647
2022-07-20,23.8799991607666,0.2081654675801143,0.2900653698674239,-0.1096197079608836,0.05252358260375223,0.03208184115931373,-0.20999999999999996,3.5,0,0.006373276297060526,-0.000980901681999602
2022-07-21,23.110000610351562,0.2091120706752699,0.2906450985027145,-0.12462117635295145,0.06517266767326713,0.04302398376960645,-0.18999999999999995,3.5,0,0.010183096115760737,0.011385873204495578
2022-07-22,23.030000686645508,0.21212138053506652,0.28529579425678886,-0.04952533546272053,0.045045701590679776,0.0555061353485304,-0.20999999999999996,3.5,0,-0.009278200677274473,0.011451823144369211
2022-07-25,23.360000610351562,0.1812319773404007,0.28523223479473625,-0.07667978992928937,0.014074076696132254,0.05749649228503983,-0.18999999999999995,3.5,1,0.0012150846048373243,-0.0035500939038863866
2022-07-26,24.690000534057617,0.186083727868864,0.2809335142462549,0.007755123839086497,0.005918643300821813,0.06400391603895238,-0.20999999999999996,3.5,1,-0.011831195377404291,0.00038539576933871444
2022-07-27,23.239999771118164,0.19016203154451458,0.276359568371298,-0.026800645399515655,0.05356644531781196,0.04328744221349593,-0.18000000000000016,3.5,0,0.02596658341052671,0.0020211307308348747
2022-07-28,22.329999923706055,0.19279884894222876,0.27731105110209553,-0.033751651494813295,0.06764979182458308,0.067077013208496,-0.16999999999999993,3.5,0,0.012542353392963612,0.009894283168983442
2022-07-29,21.329999923706055,0.19172055578671074,0.2787875762607057,-0.07381679167405497,0.09208751673780302,0.06592016208935135,-0.2200000000000002,3.5,1,0.01457866191455448,0.00038045623434856957
2022-08-01,22.84000015258789,0.19203579803965154,0.27153815441697293,-0.022260292987032027,0.0774577057659036,0.039209961366137046,-0.2999999999999998,3.6,1,-0.0029611937245951347,0.005848412283741666
2022-08-02,23.93000030517578,0.19549100496549096,0.26189583441633596,-0.030781701597514477,0.06833179988808546,-0.001972900996558143,-0.31000000000000005,3.6,1,-0.006597342441964971,-0.013825513897375075
2022-08-03,21.950000762939453,0.20028972314889587,0.2635456719007763,-0.05550770313611941,0.0814090977796651,0.0004888238138963764,-0.3700000000000001,3.6,1,0.015659477464466942,0.004128888827253929
2022-08-04,21.440000534057617,0.19657968946843904,0.2547953187152968,-0.039856667832031345,0.06473195490596284,0.03378406823852384,-0.34999999999999964,3.6,1,-0.000675469935079609,0.005068498497842855
2022-08-05,21.149999618530273,0.196839932233316,0.2548296797740349,-0.008438832902935456,0.06380727617774506,0.03748557151420059,-0.41000000000000014,3.6,1,-0.001690203919226252,-0.01446224345918845
2022-08-08,21.290000915527344,0.19000049173628022,0.2524902446789285,-0.06786336369113044,0.07485092945738225,0.050861565182071695,-0.43999999999999995,3.6,1,-0.0011609925154076883,0.005889057195639591
2022-08-09,21.770000457763672,0.186489712319615,0.25266436352857874,-0.09026326033706433,0.08014085473752308,0.05417879940229989,-0.48,3.6,1,-0.003970965787304603,-0.002975513373375871
2022-08-10,19.739999771118164,0.19254004084788717,0.2516070268181598,-0.10068341298432537,0.10865017387011555,0.07475835587625915,-0.4500000000000002,3.6,1,0.021003850731988738,0.0005778313235358379
2022-08-11,20.200000762939453,0.19144704660995243,0.251400314431645,-0.05783580877940808,0.11134920106883861,0.0784375563330143,-0.3599999999999999,3.6,1,0.0,-0.006638435483131588
2022-08-12,19.530000686645508,0.18952107883886368,0.2502982603991606,-0.07659569556045887,0.10897599233718513,0.11186788421189572,-0.41000000000000014,3.6,1,0.01692900394002894,0.003970581547056096
2022-08-15,19.950000762939453,0.18279229364548127,0.23512128078577232,-0.06294035204153492,0.1228170428399813,0.16784273142608602,-0.41000000000000014,3.6,1,0.004120820046873419,0.0031839415552967765
2022-08-16,19.690000534057617,0.1651297968244432,0.23455744333946343,-0.09554432154199977,0.09541896873013855,0.17284057516000667,-0.43000000000000016,3.6,1,0.0019586955517416627,-0.0011542734729993454
2022-08-17,19.899999618530273,0.17008035043161165,0.23525443359914391,0.008105362171594743,0.08075562562211713,0.1823996079391622,-0.3899999999999997,3.6,1,-0.0070980959051154535,-0.006739155773873962
2022-08-18,19.559999465942383,0.16849432178821375,0.23258643766135245,-0.031683231327954586,0.07297074337129028,0.2034324527022412,-0.3400000000000003,3.6,1,0.0029065608208276306,0.0019389682663686347
2022-08-19,20.600000381469727,0.17328385586127845,0.2338533149651903,0.054787488848163646,0.06846558790994872,0.2362417032883149,-0.27,3.6,1,-0.013438011885979817,-0.008610004293415296
2022-08-22,23.799999237060547,0.1934115074381593,0.23765772792826487,0.192982372275049,0.044947648356715275,0.2439808088314726,-0.29000000000000004,3.6,1,-0.02082260767646671,-0.0043912919797362004
2022-08-23,24.110000610351562,0.18709179773929205,0.2343626779421427,0.2244794289694767,0.05490058388831032,0.2489184741752019,-0.2400000000000002,3.6,1,-0.0024190679639315427,-0.002450112656700365
2022-08-24,22.81999969482422,0.16585627750353843,0.2290155845677205,0.14673367498836187,0.031493084614544475,0.24575679757707347,-0.25,3.6,1,0.0032011091820731696,-0.003340463166709773
2022-08-25,21.780000686645508,0.16732181353471356,0.2304747251582461,0.11349699802234459,0.033097586078325136,0.25216450025361253,-0.3200000000000003,3.6,1,0.014117376737658338,0.006407496122552647
2022-08-26,25.559999465942383,0.20243385907516698,0.2403794888336065,0.24077665012736182,-0.016213923019719245,0.2416934577821339,-0.33000000000000007,3.6,1,-0.033848907360482294,-0.0011756712376296274
2022-08-29,26.209999084472656,0.20337794312605453,0.2374350364222457,0.10126050103645978,-0.019816261280808267,0.24443312799023884,-0.2999999999999998,3.6,1,-0.006612059622861377,-0.005687671885320156
2022-08-30,26.209999084472656,0.20558181660015032,0.2361293091066041,0.08710072256155255,-0.024138592600193798,0.24142085381345355,-0.3500000000000001,3.6,1,-0.010977965431216541,-0.0002958830462767015
2022-08-31,25.8700008392334,0.19676425581174017,0.2364886861706906,0.133654740806195,-0.04649531207749236,0.2517931369556689,-0.30000000000000027,3.6,1,-0.007609004975714151,-0.004143418028083157
2022-09-01,25.559999465942383,0.19764651653863863,0.2356802152450264,0.17355365748976292,-0.042856903614648445,0.23896955761811986,-0.25,3.5,1,0.0031377790959636886,-0.007949833595980338
2022-09-02,25.469999313354492,0.1998812189713957,0.23562028024981088,-0.003521132803927185,-0.051346018173893726,0.2227456936439738,-0.19999999999999973,3.5,1,-0.010544435074997471,0.00560236184908347
2022-09-06,26.90999984741211,0.19985442569933703,0.2307315017030531,0.02670739364329644,-0.053826954033413754,0.22618983894092598,-0.16999999999999993,3.5,1,-0.0037731730986650946,-0.011142128740701196
2022-09-07,24.639999389648438,0.21273844022846458,0.2257813185541432,-0.05990079166978368,-0.03298891056634368,0.20550539550627642,-0.18000000000000016,3.5,1,0.017965081110105086,0.00653912812088242
2022-09-08,23.610000610351562,0.1980504793174954,0.21134762049710173,-0.08735988231799396,-0.04669154403073239,0.09504203992027138,-0.18999999999999995,3.5,1,0.006536135019955314,-0.0036981570130425467
2022-09-09,22.790000915527344,0.20789034986684293,0.21315990986083944,-0.10837240251534219,-0.03188149452576672,0.08792885165823376,-0.22999999999999998,3.5,1,0.015535422362227713,0.0001008057008222707
2022-09-12,23.8700008392334,0.20167307375364296,0.21238718136984558,-0.06281894453299719,-0.037766151488349164,0.05175572382185752,-0.20999999999999996,3.5,1,0.010747654952637742,-0.0024077491334094647
2022-09-13,27.270000457763672,0.24837543402818835,0.22052460911113958,0.01337794917847912,-0.08338379388523687,0.14231617302256355,-0.33000000000000007,3.5,1,-0.04348260251305669,-0.005631004333645051
2022-09-14,26.15999984741211,0.249075294850306,0.22057744177394759,0.06168833179444966,-0.08168478574411375,0.1425050846897689,-0.36999999999999966,3.5,1,0.003815891583685227,0.0005056106898948531
2022-09-15,26.270000457763672,0.2502025187065079,0.2163943219148369,0.11266411599523041,-0.0856202611178134,0.17818477686858886,-0.41999999999999993,3.5,1,-0.011353215423342333,-0.0034362756021465435
2022-09-16,26.299999237060547,0.2489438349575965,0.21701563594178785,0.1540148389876439,-0.0952258484000621,0.1891137292929677,-0.3999999999999999,3.5,1,-0.007629003448871963,0.0008111637139374128
2022-09-19,25.760000228881836,0.25063319882182916,0.21668712757667527,0.07917885727687035,-0.07578992561110376,0.17574225713211505,-0.45999999999999996,3.5,1,0.0077548378363492265,-0.002837602976504372
2022-09-20,27.15999984741211,0.24433792109931401,0.20806988323702844,-0.00403375902108738,-0.06697017078438039,0.217338129500923,-0.3900000000000001,3.5,1,-0.011478298658980313,-0.006199133409189983
2022-09-21,27.989999771118164,0.24935134466572798,0.21096220986090963,0.06995412593196515,-0.08102288778269029,0.19493607418376585,-0.5099999999999998,3.5,1,-0.01744401366432613,0.00398824932283004
2022-09-22,27.350000381469727,0.248245731746958,0.20747759631396948,0.04111153044867488,-0.09164977007175745,0.22077239347581648,-0.41000000000000014,3.5,1,-0.008399723915735846,-0.015074551971137051
2022-09-23,29.920000076293945,0.2413372231715496,0.21025509442668414,0.13764262145423523,-0.11930226733569382,0.21587949417801572,-0.5100000000000002,3.5,1,-0.016754942178101473,0.0012412334096398858
2022-09-26,32.2599983215332,0.2189015854591263,0.21056362836624198,0.25232911626156107,-0.0974648344386444,0.25031912511757626,-0.3899999999999997,3.5,1,-0.009892606723600261,-0.016629063011421974
2022-09-27,32.599998474121094,0.21898495657798092,0.20934894427348483,0.20029450137229388,-0.09377675762931392,0.23296146433822934,-0.3299999999999996,3.5,1,-0.002552726352124224,-0.006826993789825653
2022-09-28,30.18000030517578,0.2340662439858617,0.21340305521306235,0.07824224908774013,-0.06568889364125785,0.2902004524639779,-0.3500000000000001,3.5,1,0.019676199116017035,0.022525569290030356
2022-09-29,31.84000015258789,0.2419326278419853,0.2173513585278695,0.16416817946957862,-0.0781913586140629,0.30531428373033764,-0.40000000000000036,3.5,1,-0.020888664791568257,-0.00465385575154198
2022-09-30,31.6200008392334,0.2437073683364767,0.21689411299784062,0.056818207172612656,-0.09528476503613992,0.32617939951876684,-0.3899999999999997,3.5,1,-0.015463740770075285,-0.002598022564333613
2022-10-03,30.100000381469727,0.2665369391603284,0.22418219380490315,-0.06695592227051361,-0.06150331913812279,0.36741872821665833,-0.4500000000000002,3.5,1,0.02640115657997355,0.01186805359766141
2022-10-04,29.06999969482422,0.2925480042982723,0.2323049879235863,-0.10828217621234248,-0.02875773831648054,0.38844108436869174,-0.47999999999999954,3.5,1,0.030986700582536386,0.002063372629490079
2022-10-05,28.549999237060547,0.28355751564532444,0.23163947848048078,-0.05400931251268726,-0.04811953524226109,0.3931415224369149,-0.39000000000000057,3.5,1,-0.0023281391867808754,-0.009470852345668135
2022-10-06,30.520000457763672,0.282892943213085,0.23236206428858042,-0.041457276648817265,-0.06405644858137072,0.4045291984883162,-0.40000000000000036,3.5,1,-0.010315854016901382,-0.005508099675167744
2022-10-07,31.360000610351562,0.28681610716874195,0.2392227982595872,-0.008222650916543728,-0.10408185491345001,0.40848431666021445,-0.4099999999999997,3.5,1,-0.027893711652380526,-0.004912211451358339
2022-10-10,32.45000076293945,0.28050672936348536,0.23611944337455718,0.07807310138495693,-0.12037646859530782,0.40436227100356215,-0.4099999999999997,3.5,1,-0.007635433566800298,-0.005880646545382562
2022-10-11,33.630001068115234,0.24367316105252743,0.2358978052026593,0.15686279398561198,-0.08621335272061892,0.3987171544266645,-0.36999999999999966,3.5,1,-0.006333056690517536,0.0025349385729527274
2022-10-12,33.56999969482422,0.24179831430933899,0.22863519890655606,0.17583189463792515,-0.09268967441117093,0.4256920042634529,-0.3700000000000001,3.5,1,-0.0032984984671431405,0.0032667238931956
2022-10-13,31.940000534057617,0.2641923624752259,0.23513720677942904,0.04652686942973894,-0.05805068771658339,0.39915033967906016,-0.49999999999999956,3.5,1,0.02639100708880937,-0.004201005783622369
2022-10-14,32.02000045776367,0.27315374433123574,0.2380789735252979,0.021045913092050395,-0.07243989324676992,0.3953393322732578,-0.4800000000000004,3.5,1,-0.022788449976790637,-0.0055902880547293865
2022-10-17,31.3700008392334,0.2899643448358331,0.24399928021135142,-0.03328196913139991,-0.055925779298435896,0.4249389080947952,-0.4300000000000006,3.5,1,0.02569672440827997,0.0010606112944593349
2022-10-18,30.5,0.2923670514373099,0.24536865012103096,-0.09307169101111934,-0.033742172936920944,0.43066867523180624,-0.41999999999999993,3.5,1,0.011749722847706146,0.0025430075644821137
2022-10-19,30.760000228881836,0.2871664693864244,0.2446555093268393,-0.08370567445598232,-0.023556478849428575,0.4382800479673115,-0.41000000000000014,3.5,1,-0.007086514433433888,-0.010462740237414891
2022-10-20,29.979999542236328,0.28716157430227063,0.23866033907522533,-0.061365089513111926,-0.023542291829286577,0.43814559636250333,-0.3799999999999999,3.5,1,-0.008385316678875876,-0.007476370636510188
2022-10-21,29.690000534057617,0.2942470387358139,0.24276942612215338,-0.07276701718913048,0.017230622893518843,0.43093584486490405,-0.28000000000000025,3.5,1,0.024301384745975874,0.0022596765435227706
2022-10-24,29.850000381469727,0.29384954057184215,0.24216704250270094,-0.04845395017849852,0.0399660561132793,0.427809845005953,-0.25,3.5,1,0.012236613547212505,-0.0012881078735998974
2022-10-25,28.459999084472656,0.29727492783140264,0.24467768369161982,-0.06688527591892934,0.05927677862810676,0.453516144685722,-0.3200000000000003,3.5,1,0.015968481538614077,0.012470517079369747
2022-10-26,27.280000686645508,0.2927465158854,0.24477842136642833,-0.1131339244584535,0.03100955305933706,0.4433066514846878,-0.34999999999999964,3.5,1,-0.0075342691100948045,0.005096539309750181
2022-10-27,27.389999389648438,0.2818413407639645,0.2424782696251055,-0.08639093369361317,0.047382564593495546,0.42292374116895076,-0.33999999999999986,3.5,1,-0.005339826144027171,0.007077913295289173
2022-10-28,25.75,0.2831603109437191,0.2478560194003142,-0.13270462994899623,0.08914277292860073,0.40137465782049553,-0.39000000000000057,3.5,1,0.023790721437689344,-0.00513998766157131
2022-10-31,25.8799991607666,0.2735467646905623,0.24819479014988335,-0.132998364153041,0.05346294289956255,0.41442898163554537,-0.41000000000000014,3.5,1,-0.007223286164028675,-0.0045339890655180515
2022-11-01,25.809999465942383,0.25317038170561146,0.24829403550486,-0.09311313084251194,0.01732939015123347,0.41809155867942444,-0.46999999999999975,3.6,1,-0.004375921880280131,-0.00018041881805686
2022-11-02,25.860000610351562,0.2694897688102379,0.25310123209950125,-0.05205278741026875,-0.005887274289278599,0.41024421812444917,-0.5100000000000007,3.6,1,-0.025096195470693528,-0.0016992732656313514
2022-11-03,25.299999237060547,0.26948022934376636,0.24939375767710034,-0.07630522815483409,-0.0058680892877784885,0.41200192250631706,-0.5700000000000003,3.6,1,-0.010296754480868642,-0.0043598738731506215
2022-11-04,24.549999237060547,0.25305866748493766,0.2515906351612562,-0.04660197137628941,0.037376936174076336,0.4104673622354303,-0.4900000000000002,3.6,1,0.014393192870284288,-0.002136083025592095
2022-11-07,24.350000381469727,0.251773671898548,0.24971556592900213,-0.05911896556844998,0.055357995138749505,0.3948871313743823,-0.5,3.6,1,0.009565417118483577,-0.003532482132597714
2022-11-08,25.540000915527344,0.24955274714408765,0.24985734594068787,-0.010461005656792643,0.06781463615053474,0.3961702811997416,-0.5300000000000002,3.6,1,0.005395430187963068,0.0066601021508116975
2022-11-09,26.09000015258789,0.2629169610812429,0.2526941460748998,0.00889402694539232,0.049276355937949656,0.37437330029888055,-0.4900000000000002,3.6,1,-0.020602186858538873,0.003414303469156499
2022-11-10,23.530000686645508,0.3122148987118834,0.2781791991660507,-0.06996041912215822,0.07847654873690635,0.4852010151514744,-0.52,3.6,1,0.05495432610815154,0.02243984155787704
2022-11-11,22.520000457763672,0.2961722298740666,0.2789386668068349,-0.08268834388525759,0.1143078271981286,0.48150689387349194,-0.52,3.6,1,0.009678402645469042,-0.002079824743153935
2022-11-14,23.729999542236328,0.2901988218738684,0.2781789203887258,-0.02546204638687466,0.07714938186058728,0.47580234133298616,-0.5200000000000005,3.6,1,-0.008506836525734252,-0.0023975271105161067
2022-11-15,24.540000915527344,0.28926401065395246,0.27568537491579936,-0.03915426641163655,0.07372055148642831,0.4764290735285973,-0.5700000000000003,3.6,1,0.008529075610500536,0.007418442672281422
2022-11-16,24.110000610351562,0.2895388637570232,0.2760553095081785,-0.07589112804355158,0.07313429481007194,0.4627203871984566,-0.6799999999999997,3.6,1,-0.007628650056293762,0.00736381463555813
2022-11-17,23.93000030517578,0.2872004561039156,0.2759968299075797,0.01699955830249067,0.07889760486897623,0.46397107753435995,-0.6599999999999997,3.6,1,-0.0030598109089262637,-0.006795727393410056
2022-11-18,23.1200008392334,0.27702051076252215,0.2745116724082198,0.026643000411790796,0.05808347879878428,0.4535023077846154,-0.69,3.6,1,0.0045405306484602725,-0.003523999566172775
2022-11-21,22.360000610351562,0.27570451890386327,0.26579440499606827,-0.057732783746849425,0.041491598101633054,0.4668634604203268,-0.6500000000000004,3.6,1,-0.0036363392639690018,-0.0006241551904330178
2022-11-22,21.290000915527344,0.2741780455145618,0.2669196417811637,-0.1324368328749168,0.03891708714807418,0.47127948425758753,-0.71,3.6,1,0.013457062350058724,0.005724712482443328
2022-11-23,20.350000381469727,0.27215436715768226,0.2662065770728655,-0.15595189272900678,0.05340060541525182,0.47539535770555147,-0.75,3.6,1,0.006301671910329487,0.005382210055322245
2022-11-25,20.5,0.27074157643818236,0.265689539324179,-0.1433347372099244,0.0588188608513589,0.47325891146828875,-0.7399999999999998,3.6,1,-0.00022370710406349748,-0.0003091425661434499
2022-11-28,22.209999084472656,0.2669911086319354,0.26775499337673575,-0.03935993606092425,0.017711260589089006,0.47475974504708585,-0.77,3.6,1,-0.015956945783918264,0.00041211098117743816
2022-11-29,21.889999389648438,0.26544998788069907,0.2668536426851337,-0.021019732015818415,0.023355197485770196,0.4883215491824073,-0.7300000000000004,3.6,1,-0.0017176291644772634,-0.0042203842141648185
2022-11-30,20.579999923706055,0.2851202832023071,0.27422503328082415,-0.03334903528836708,0.060231151904635016,0.5104543222187305,-0.6999999999999997,3.6,1,0.0315007592694021,0.00899331835291206
2022-12-01,19.84000015258789,0.2656386449114418,0.2719291006023387,-0.02506143583890208,0.08672339899876702,0.4903001937073604,-0.7200000000000002,3.5,1,-0.0007360430301596166,0.010922379052679121
2022-12-02,19.059999465942383,0.2609168371416822,0.2716697867342319,-0.07024392849061545,0.09676286551239999,0.4939006368158991,-0.7700000000000005,3.5,1,-0.0011535883348393616,0.0020308126971055884
2022-12-05,20.75,0.2702052288631529,0.27242181187988845,-0.0657361163735195,0.06175101822899909,0.5087087127593795,-0.81,3.5,1,-0.017989175890444242,-0.010134266819001536
2022-12-06,22.170000076293945,0.275982891616611,0.2730312600352871,0.01279126059628477,0.036530972885232105,0.4964087959057859,-0.8300000000000001,3.5,1,-0.014415050203974822,0.0061428657009146015
2022-12-07,22.68000030517578,0.2759528641449422,0.25794535027085747,0.10204083524075913,0.029214734961716227,0.48566551565195926,-0.8399999999999999,3.5,1,-0.0017010409903130963,0.008750555138004712
2022-12-08,22.290000915527344,0.26382765861860336,0.2583171150718932,0.12348794073067992,0.05909714205022287,0.47626172838822634,-0.8299999999999996,3.5,1,0.007833826695984314,-0.005648750353863696
2022-12-09,22.829999923706055,0.18077622402027227,0.2576928912421561,0.197796461878194,-0.0035724396610971043,0.47673168065747235,-0.7600000000000002,3.5,1,-0.0074701142163321466,-0.007405484849323574
2022-12-12,25.0,0.1849172269706987,0.25874283366116213,0.20481927710843384,0.0011041513490643862,0.4729265760131047,-0.7799999999999998,3.5,1,0.014417184599031296,-0.001430082395684873
2022-12-13,22.549999237060547,0.18377256666400443,0.2587215793025152,0.017140241743748508,0.017336820462464653,0.4791807727267291,-0.71,3.5,1,0.007569992672493919,0.009006027347026935
2022-12-14,21.139999389648438,0.18321413980161083,0.2579082504695476,-0.06790127402140733,0.002283852039323797,0.4699158703912637,-0.7400000000000002,3.5,1,-0.006393569499388518,0.0027386998064224954
2022-12-15,22.829999923706055,0.20155152189157619,0.26041508234419775,0.024226064872098885,-0.014717354051241083,0.46961777462693066,-0.7900000000000005,3.5,0,-0.02446171566384303,0.0019459366194529704
2022-12-16,22.6200008392334,0.2052865343296374,0.2610143046027898,-0.009198383056260973,-0.023361336003323907,0.47075317205783224,-0.69,3.5,0,-0.01180606563820874,-0.002528849754499518
2022-12-19,22.420000076293945,0.20574212132649122,0.2592080436666923,-0.10319999694824222,-0.03602011626983026,0.4817073392849754,-0.6800000000000002,3.5,0,-0.00847990189743153,-0.008112852724467712
2022-12-20,21.479999542236328,0.20590144257598025,0.2582598928412269,-0.04745009893684127,-0.031177906496024588,0.47447596588907487,-0.56,3.5,1,0.0013685388851598645,-0.007259123897149333
2022-12-21,20.06999969482422,0.2074053953000416,0.25973846438594705,-0.05061493499134928,-0.029748369762275018,0.4735388032742543,-0.5299999999999998,3.5,1,0.014952459810976926,0.0012360157800808125
2022-12-22,21.969999313354492,0.21007159362087321,0.25875206867618833,-0.03766975966822328,-0.04957953395492387,0.455483093620326,-0.5700000000000003,3.5,0,-0.014266326185279232,-0.00030864450363066176
2022-12-23,20.8700008392334,0.21197650774380822,0.2550097713549212,-0.0773651607017053,-0.04389829326940842,0.44106265816360296,-0.5599999999999996,3.5,0,0.005752563351527407,-0.004527390656198116
2022-12-27,21.649999618530273,0.20580340323685306,0.25289748045751975,-0.034344355715584585,-0.032226064037098934,0.4385249639963004,-0.4800000000000004,3.5,0,-0.0039436045019027866,-0.008371939054592104
2022-12-28,22.139999389648438,0.20939449626839612,0.24892104507490512,0.030726250534332866,-0.04260906441519097,0.4122527027319352,-0.4299999999999997,3.5,0,-0.012427946779628662,-0.002397309243966639
2022-12-29,21.440000534057617,0.18469519564363276,0.24352474870704122,0.06826112905157156,-0.055139452031927494,0.4234251851912612,-0.5099999999999998,3.5,0,0.018000418018825792,0.004910823890335925
2022-12-30,21.670000076293945,0.18454113375556788,0.24354035664900142,-0.013654949769533742,-0.056934117820502284,0.4275606653922556,-0.5300000000000002,3.5,0,-0.002634042519276125,-0.004159045933809669
2023-01-03,22.899999618530273,0.18448468479646263,0.24271019108063013,0.09726874449763767,-0.05981993769480198,0.4095759671887878,-0.6100000000000003,3.5,0,-0.004210098893247638,0.007830332659496841
2023-01-04,22.010000228881836,0.17930686397412202,0.23577290144788066,0.016628204004375036,-0.035205727892607896,0.40119724173218163,-0.6700000000000004,3.5,0,0.007720176415318303,0.00766614414639788
2023-01-05,22.459999084472656,0.17678912229100055,0.23649816269563412,0.014453464482651945,-0.03226724045807605,0.39745347864989816,-0.7400000000000002,3.5,0,-0.011413240311060058,-0.0014392485763121687
2023-01-06,21.1299991607666,0.1970293781760676,0.2401681868354128,-0.014459018916467614,-0.008388412300640358,0.4278203326482741,-0.6900000000000004,3.5,0,0.0229320088438405,0.01286928281308719
2023-01-09,21.969999313354492,0.19464468048355202,0.23999803939475886,0.013843988740393831,-0.016653763967118485,0.4298639585789715,-0.6600000000000006,3.5,0,-0.0005667417345857073,0.002541362644249645
2023-01-10,20.579999923706055,0.19481959487906575,0.23467203825707378,-0.10131003202929822,-0.0023047556534534497,0.4520521909739561,-0.6300000000000003,3.5,0,0.007012902101629859,-0.0062861617530369784
2023-01-11,21.09000015258789,0.1931720371831788,0.23035375239285064,-0.04179918522157522,-0.004044837827726688,0.44477197576508803,-0.6600000000000001,3.5,0,0.012647937656941943,0.006427892411787761
2023-01-12,18.829999923706055,0.19159109710355093,0.22497710221917824,-0.16162062817162537,-0.00792897133566517,0.4520578064031305,-0.69,3.5,0,0.0036405623941302423,0.008921154909309115
2023-01-13,18.350000381469727,0.19074642335146924,0.22402044750895547,-0.13156644059213563,0.002328131549521384,0.4450239614187202,-0.7299999999999995,3.5,0,0.003879408030001752,-0.005325670260711068
2023-01-17,19.360000610351562,0.16745675706679952,0.22343227899023577,-0.11879830607989317,0.02557954896805792,0.4407351691835128,-0.6499999999999999,3.5,0,-0.0018317533362395277,-0.003131262134981605
2023-01-18,20.34000015258789,0.1721269473598466,0.22533078905579887,-0.01166179650184107,0.021446813543656296,0.3764962611293958,-0.6899999999999995,3.5,0,-0.01578814980011012,0.013579459463212151
2023-01-19,20.520000457763672,0.17128999064117434,0.2208261164689005,-0.027027012361319325,0.022683383331033813,0.38436592795901126,-0.6999999999999997,3.5,0,-0.007279561575611271,-0.0018999402474743077
2023-01-20,19.850000381469727,0.1821583572536262,0.2226216986140625,0.054168903977505733,0.040311242720568075,0.3572540319623037,-0.6599999999999997,3.5,0,0.01862899709567234,-0.00661110944315535
2023-01-23,19.809999465942383,0.17966590028256937,0.2216207211998382,0.07956398115103025,0.03728343723774219,0.32592935769610454,-0.69,3.5,0,0.011998460568801494,-0.0032267813874606865
2023-01-24,19.200000762939453,0.1697584657903232,0.22097279131729677,-0.00826445466776271,0.051166274148717106,0.3312462023097873,-0.6600000000000001,3.5,0,-0.0010734231272028216,0.005765986105080723
2023-01-25,19.079999923706055,0.1694868349314319,0.22058849252630144,-0.06194691344294434,0.0455459508281113,0.3416749495824625,-0.6500000000000004,3.5,0,0.0003750557910404684,0.0011063095995873518
2023-01-26,18.729999542236328,0.17049651900898216,0.21647141518157348,-0.0872320114812718,0.0612216894205202,0.3669301942020611,-0.6799999999999997,3.5,0,0.010990143428313504,-0.0036165702483107465
2023-01-27,18.510000228881836,0.16050899778808214,0.2158374119461136,-0.06750630361895615,0.0770457039268837,0.360608981958082,-0.6700000000000004,3.5,0,0.002297868431302197,-0.0015127912418894107
2023-01-30,19.940000534057617,0.16120413873195905,0.2173488396211665,0.006562396346286414,0.04472641889769213,0.366283366883826,-0.7000000000000002,3.5,0,-0.012547074580448458,-0.0031306589146247177
2023-01-31,19.399999618530273,0.16593106271626276,0.21230162738473676,0.010416606648103066,0.0628872752826315,0.3716873158842312,-0.69,3.5,0,0.014703529872303944,0.005065212463306379
2023-02-01,17.8700008392334,0.1656129845208307,0.21165972323469387,-0.06341714304564994,0.0787250014210863,0.3701760387445385,-0.6999999999999997,3.6,0,0.01062783181861815,0.007192250627025887
2023-02-02,18.729999542236328,0.1694665157141828,0.21170140712972013,0.0,0.08604355657561813,0.37494625304812257,-0.69,3.6,0,0.014557002929688867,-0.00040107738985351027
2023-02-03,18.329999923706055,0.1685293885003215,0.21260755325266364,-0.009724489624528432,0.08690485470587794,0.399603453889645,-0.77,3.6,0,-0.010629231306481746,-0.01073526835941796
2023-02-06,19.43000030517578,0.15691166770817483,0.21302109746917272,-0.025576740984071367,0.05604508931288654,0.40370506197216255,-0.8100000000000005,3.6,0,-0.006111418158281534,-0.0086208331007821
2023-02-07,18.65999984741211,0.1604904931735605,0.20935689877882246,-0.038144318848921,0.07046348073335573,0.4146145067800633,-0.7999999999999998,3.6,0,0.013078717216112645,-0.0024554158187418684
2023-02-08,19.6299991607666,0.16770168372190072,0.1794475921919521,0.09848898930486594,0.051385033163741545,0.23531731257554453,-0.8200000000000003,3.6,0,-0.010934690880718967,0.0036919266872694756
2023-02-09,20.709999084472656,0.1677678849470284,0.1795098381976251,0.10571273842113071,0.029252311610634907,0.2509141612067709,-0.8100000000000005,3.6,0,-0.008669328737888282,-0.0044957568353559685
2023-02-10,20.530000686645508,0.16761035171420016,0.1785604254540293,0.12002186427148898,0.027912250557071028,0.2428065842652954,-0.7599999999999998,3.6,0,0.002333847204599282,-0.004823995047077423
2023-02-13,20.34000015258789,0.1714122050658285,0.17928316957465407,0.046834782970626154,0.03595988228528357,0.2362892499365059,-0.7999999999999994,3.6,0,0.011738884138962735,0.0023722209115191184
2023-02-14,18.90999984741211,0.17109312847170108,0.17845596138970748,0.013397642124561626,0.037383521629344996,0.2556281634648069,-0.8299999999999996,3.6,0,-0.0004600481068742779,-0.004527299372550697
2023-02-15,18.229999542236328,0.1578324802680952,0.17833414847674772,-0.07131939268384568,0.057447330656660744,0.24939463973157808,-0.81,3.6,1,0.0032472774966492146,-0.0029973920207564397
2023-02-16,20.170000076293945,0.16487634152194083,0.18069288201796965,-0.026074313474189204,0.0505350730521521,0.26205622906899984,-0.7600000000000002,3.6,1,-0.013768716354969346,-0.0033176122511225925
2023-02-17,20.020000457763672,0.1542075571137693,0.1805926626514568,-0.0248417053981681,0.0287459666725689,0.25889314868654173,-0.7799999999999998,3.6,1,-0.002498346625048886,0.0028084252579974045
2023-02-21,22.8700008392334,0.16664537917324632,0.1834941219028242,0.12438548021955698,-0.0038441086718349338,0.28546618226652043,-0.7199999999999998,3.6,0,-0.02006106349916048,-0.010890604168302676
2023-02-22,22.290000915527344,0.16667150411298506,0.183061425930115,0.17874146458958307,-0.004147806822483613,0.2788980605896851,-0.73,3.6,1,-0.001377965977042872,0.0017823356823603032
2023-02-23,21.139999389648438,0.1678003960752591,0.18338723391297623,0.15962698411868037,0.0007740825551292296,0.28246450875351453,-0.7800000000000002,3.6,1,0.00531929891713756,0.0038732834058059495
2023-02-24,21.670000076293945,0.16676277607343298,0.18172915117039,0.0743678727975301,-0.02067947881424448,0.30031703676821897,-0.8300000000000001,3.6,1,-0.010682419304821167,-0.00604791803758542
2023-02-27,20.950000762939453,0.16709870976237057,0.1818063199658805,0.04645356063491657,-0.019596883394404463,0.30119490177586067,-0.8600000000000003,3.6,1,0.0034058642898646685,0.003042448603658876
2023-02-28,20.700000762939453,0.16181175750207213,0.16988030753725286,-0.09488412753231379,-0.010808892415140159,0.25106139536551136,-0.8899999999999997,3.6,1,-0.0036958915782159263,0.0015688946657135272
2023-03-01,20.579999923706055,0.15178927689782848,0.17002982451964507,-0.07671605749599109,-0.028882102522582942,0.2631394171052261,-0.8799999999999999,3.5,1,-0.003835809949422786,-0.007994772237066572
2023-03-02,19.59000015258789,0.14910163097562346,0.17084221196738233,-0.07332068504313816,-0.03162128203606174,0.2544864848060418,-0.8099999999999996,3.5,1,0.007777208779067735,-0.004113889235963342
2023-03-03,18.489999771118164,0.1513015210298111,0.16997601318070002,-0.14674666792708346,-0.03020785054289954,0.24688757500305145,-0.8900000000000001,3.5,1,0.01603783557599492,0.008049951774898645
2023-03-06,18.610000610351562,0.14752053284936095,0.16717765507812365,-0.11169451395569163,-0.019109974260277274,0.2800839382704598,-0.9099999999999997,3.5,1,0.0006926941130529496,-0.0017860920658642199
2023-03-07,19.59000015258789,0.15524591755707345,0.17027435890773485,-0.053623215914990086,-0.02820668591014941,0.28380782219168,-1.0299999999999998,3.5,1,-0.01532867758988421,0.00010493541131184614
2023-03-08,19.110000610351562,0.1461532521799166,0.16958279529400166,-0.07142853832867135,-0.0391868976926234,0.2977022707853467,-1.0699999999999998,3.5,1,0.0016320250995196517,-0.0003154912485958672
2023-03-09,22.610000610351562,0.1544738879984365,0.17317116291301343,0.15416030802657854,-0.04648732957976642,0.2437765730231631,-0.9700000000000002,3.5,0,-0.018449788149710433,0.006211617333342856
2023-03-10,24.799999237060547,0.1588977592097047,0.1730484143413205,0.34126552428620127,-0.052027627996407255,0.16299664405826989,-0.8999999999999995,3.5,0,-0.014429365199638111,0.018415772108634654
2023-03-13,26.520000457763672,0.15790045459819738,0.17225480989572203,0.42504027877421335,-0.05558295247455036,0.1406633166022616,-0.4800000000000004,3.5,0,-0.0014253573539745323,0.012123983980247832
2023-03-14,23.729999542236328,0.16453168526131576,0.17532313934920496,0.2113322796019239,-0.05111045017858673,0.10129892419252604,-0.56,3.5,0,0.016530204344462396,-0.009440877800194758
2023-03-15,26.139999389648438,0.16483217787679968,0.1683893475307762,0.3678701493860155,-0.056611344194056556,0.09099732953329749,-0.4200000000000004,3.5,0,-0.006254572180436568,0.014449789809719338
2023-03-16,22.989999771118164,0.17905643318781655,0.17024659339138207,0.016806685117585873,-0.04316637490498365,0.04482915993732532,-0.5799999999999996,3.5,0,0.017545338801790766,-0.008990898747009868
2023-03-17,25.510000228881836,0.17741282862150495,0.17110409697550835,0.02862907313159435,-0.04115223353373443,-0.006247256906984251,-0.41999999999999993,3.5,0,-0.01169269270998885,0.011824538268323082
2023-03-20,24.149999618530273,0.18214518740491378,0.1721039331601864,-0.08936654593984317,-0.029507849457995006,-0.014069214400455585,-0.44999999999999973,3.5,0,0.009615455768098524,-0.004029732302232802
2023-03-21,21.3799991607666,0.1750936005495349,0.17149849190340807,-0.09903078073335103,0.003363832313625137,-0.04256901003101122,-0.5800000000000001,3.5,0,0.01313059174327047,-0.008699000571560367
2023-03-22,22.260000228881836,0.18551981864469347,0.17262288330839567,-0.14843149393121635,-0.012379027964700029,-0.0932374405011264,-0.48,3.5,0,-0.01704642705384829,0.01316300585277741
2023-03-23,22.610000610351562,0.18465107133498151,0.17234801927053967,-0.016528889280111536,-0.014948855915339676,-0.08515550437816323,-0.3799999999999999,3.5,0,0.002703419235734472,0.005741095118725115
2023-03-24,21.739999771118164,0.18240438233892395,0.17251961580179384,-0.14778519889997355,0.002221184414845867,-0.09611836434591106,-0.3799999999999999,3.5,0,0.006561987609382536,0.00030042457387624566
2023-03-27,20.600000381469727,0.18212465095740052,0.17033391637393594,-0.14699790033688598,0.0006868966892812356,-0.10668514450875992,-0.41000000000000014,3.5,0,0.001869762952874332,-0.012313622817624492
2023-03-28,19.969999313354492,0.1817963546763002,0.1667056692491813,-0.0659494809522505,0.002144573409844419,-0.12545152012066438,-0.46999999999999975,3.5,0,-0.002244599160724836,-0.0006079844416833069
2023-03-29,19.1200008392334,0.18801687128929276,0.1689641616488784,-0.14106016879435435,0.020625405747603853,-0.1346371846609123,-0.5100000000000002,3.5,0,0.014534736442465501,-0.0017243912802779038
2023-03-30,19.020000457763672,0.1872321599413121,0.16891694531015689,-0.15877930365664283,0.018679159024124425,-0.12611719744471883,-0.5499999999999998,3.5,0,0.005855462485532259,0.0015239460968397012
2023-03-31,18.700000762939453,0.18527798001989582,0.17048320483389903,-0.13983436247397685,0.016730984699926843,-0.12153217462207658,-0.5799999999999996,3.5,0,0.014094712654368902,0.00547794449356509
2023-04-03,18.549999237060547,0.1855632036032409,0.16851655151586448,-0.09951461681783336,0.01989878948623991,-0.12573401656707997,-0.54,3.5,0,0.0038105287750658245,0.004710444986534723
2023-04-04,19.0,0.17717097855837424,0.16302982534172697,-0.04857282657520312,0.030029085983615644,-0.20684210825961039,-0.48999999999999977,3.5,0,-0.005548283151429745,0.006439420763826531
2023-04-05,19.079999923706055,0.17778289417014873,0.16316697223364263,-0.0020920980006059464,0.0256583239268533,-0.20876378796147577,-0.4900000000000002,3.5,0,-0.0026182386160552573,0.00419832133511111
2023-04-06,18.399999618530273,0.16178923907250614,0.1627967541074708,-0.0325973093749492,0.04901351668642806,-0.20114166626235658,-0.52,3.5,0,0.0039010219262967105,0.0002991710394977254
2023-04-10,18.969999313354492,0.14922318196971798,0.16094376044108377,0.014438424566812547,0.06546414977545201,-0.21874591338446142,-0.5899999999999999,3.5,0,0.0010263564269341607,-0.00985300535043454
2023-04-11,19.100000381469727,0.1486442227243234,0.16082872857115998,0.029649658600003903,0.06727138826439183,-0.22816462070281937,-0.6000000000000001,3.5,0,0.00026842326609566314,-0.00040197375185824225
2023-04-12,19.09000015258789,0.1421784753894866,0.1609709449235072,0.00473685013620484,0.04563663848987254,-0.22756615585512244,-0.54,3.5,0,-0.004075966542398501,0.0029160165163915064
2023-04-13,17.799999237060547,0.14354575767118816,0.16299976586683243,-0.06708599013436911,0.0661941722214121,-0.23759746907427196,-0.5099999999999998,3.5,0,0.013282764596962426,-0.0033085042630495165
2023-04-14,17.06999969482422,0.13438442371255835,0.15946894451434365,-0.07228260604780878,0.04525039610672188,-0.1886103880587429,-0.56,3.5,0,-0.002442804369175211,-0.004929017963395177
2023-04-17,16.950000762939453,0.12389517147130405,0.15861688161614265,-0.10648384942180789,0.061411785312665,-0.19615795974529618,-0.5799999999999996,3.5,0,0.0035882572974776927,-0.006368749412256736
2023-04-18,16.829999923706055,0.12162471692158201,0.15438476350435118,-0.11884818913228723,0.05198860897446389,-0.17288154354028865,-0.6100000000000003,3.5,0,0.0006521254140139376,0.0016277847857062433
2023-04-19,16.459999084472656,0.1152990907485186,0.15264082290361736,-0.13776852001537065,0.03817910581841688,-0.1648176789341204,-0.6400000000000001,3.5,0,-0.00016882042223331784,-0.0021331953850847185
2023-04-20,17.170000076293945,0.09571621222453988,0.1531173169150445,-0.03539321279603824,0.05041958561159188,-0.17104496229860597,-0.5999999999999996,3.5,0,-0.005457074812173723,0.005801897903542352
2023-04-21,16.770000457763672,0.0959005999381035,0.15311713491417425,-0.017574648062325893,0.048401373537559245,-0.170946566808476,-0.6000000000000001,3.5,0,0.0007768860911749886,-0.0024287854573994405
2023-04-24,16.889999389648438,0.09470459374181854,0.1515822519209635,-0.0035399038696332097,0.042653241149497534,-0.161413145420728,-0.6000000000000001,3.5,0,0.001043250503910853,0.004869656665849265
2023-04-25,18.760000228881836,0.11422676342705373,0.15515825391922508,0.11467619215239933,0.024187329608464925,-0.1943734683984082,-0.45999999999999996,3.5,0,-0.015873852746173256,0.009894210567876094
2023-04-26,18.84000015258789,0.11524187671249517,0.15318084759459458,0.14459302554642184,0.02214360427345885,-0.20317563274757572,-0.46999999999999975,3.5,0,-0.004235580626599789,-0.003898830189286051
2023-04-27,17.030000686645508,0.12472547526288842,0.15562789044252404,-0.008153720968337663,0.027557218468447164,-0.2506581659243476,-0.5400000000000005,3.5,0,0.019908051530043158,-0.006523541216721496
2023-04-28,15.779999732971191,0.1263502337287979,0.15509590890279354,-0.0590340308747076,0.030294720054322877,-0.25453528084956817,-0.6000000000000001,3.5,0,0.008535148710519413,0.007475321920053624
2023-05-01,16.079999923706055,0.11748232063818485,0.1522463438659834,-0.047957341338852655,0.014948836615532146,-0.2478936516670141,-0.5499999999999998,3.6,0,-0.0010098772783712073,-0.011769738855985645
2023-05-02,17.780000686645508,0.1242631076336908,0.15243420808570288,-0.052238780931760154,-0.0002677794975515235,-0.31131542757795033,-0.5300000000000002,3.6,0,-0.011239096305127205,0.013018627906376201
2023-05-03,18.34000015258789,0.12512927577737806,0.152571845187743,-0.026539277916689308,-0.0015905760792318535,-0.33823484191093267,-0.5100000000000002,3.6,0,-0.006864092829977797,0.006526207465167078
2023-05-04,20.09000015258789,0.12732891081753944,0.15079444849820242,0.1796828739027565,-0.00605993128649307,-0.33109502381971995,-0.3799999999999999,3.6,0,-0.007082993517269376,-0.00019936626258720835
2023-05-05,17.190000534057617,0.14325065098021386,0.15396769734619054,0.08935366444527437,0.008406775982965131,-0.3416553167659651,-0.48,3.6,0,0.018512709963499407,-0.005387774395047562
2023-05-08,16.979999542236328,0.14323599878718812,0.1528566783229197,0.0559701257960481,0.007641430492387524,-0.3540848553281375,-0.48,3.6,0,0.00026661241679115655,-0.006119002096588222
2023-05-09,17.709999084472656,0.14424996712840307,0.15310217366015094,-0.00393709783292806,0.002953334207971059,-0.35038742001709583,-0.48,3.6,0,-0.004385369776377268,-0.0012111800470470113
2023-05-10,16.940000534057617,0.1441638113264676,0.15150933594805757,-0.07633585642760887,0.011763293237143868,-0.3488289018301192,-0.46999999999999975,3.6,0,0.004672246990246931,0.0074776004448380284
2023-05-11,16.93000030517578,0.13631746352292737,0.15155277126760558,-0.15729217637686554,-0.003240786618442071,-0.3519228558852933,-0.5,3.6,0,-0.0017438484635474705,0.0037114336888015576
2023-05-12,17.030000686645508,0.13612146591179558,0.15143471029141153,-0.009307727890706552,-0.0021091747023592733,-0.345083350964518,-0.52,3.6,0,-0.0013102865109050343,-0.005996073039230443
2023-05-15,17.1200008392334,0.13607304534652914,0.1488313090164391,0.008245070716805802,-0.002246660921752297,-0.3682109978399509,-0.4900000000000002,3.6,0,0.003449986104051339,-0.0022115065430599046
2023-05-16,17.989999771118164,0.13802811293952688,0.149413108366695,0.015810316268790814,-0.009560289026687818,-0.3577947575525693,-0.5199999999999996,3.6,0,-0.0066827510740492535,-0.0032243096747083255
2023-05-17,16.8700008392334,0.14508769534104976,0.14525134727909864,-0.004132213259585571,0.002631975729249225,-0.45127453784487587,-0.5500000000000003,3.6,0,0.012139052856266153,-0.0032343961861124315
2023-05-18,16.049999237060547,0.14719660157710268,0.14630639590359587,-0.05197879812478223,0.017845050415595587,-0.4595849524218257,-0.5900000000000003,3.6,0,0.009633263583083362,-0.006185932185410747
2023-05-19,16.809999465942383,0.14743950727128646,0.14610069131545114,-0.012918450489297073,0.015574976051784706,-0.46099236719949466,-0.5800000000000001,3.6,0,-0.0014551215725480127,-0.003775900892803108
2023-05-22,17.209999084472656,0.1474437031644736,0.14412060973116092,0.005256906590390464,0.014928681370647512,-0.4904556246269162,-0.5699999999999998,3.6,0,0.00040620356631881904,-0.0018435791891139308
2023-05-23,18.530000686645508,0.14127024790832862,0.14619002750123267,0.030016727203870275,0.019725329203233555,-0.48938911977250404,-0.5599999999999996,3.6,0,-0.011222780569514201,0.0016420638792209452
2023-05-24,20.030000686645508,0.1431450007197833,0.14683336711123293,0.18731474156557937,0.016643582821854963,-0.4788990108677127,-0.5799999999999996,3.6,0,-0.0072449139325668765,-0.002561393595741812
2023-05-25,19.139999389648438,0.12807208842303391,0.14741009504564054,0.19252338314464645,0.005431367392417785,-0.5035081064122178,-0.6699999999999999,3.6,0,0.008659833388311,-0.006265354347669283
2023-05-26,17.950000762939453,0.132712108699314,0.1488116880396711,0.06781685503957036,0.009833360718328077,-0.4879081881948472,-0.7400000000000002,3.6,0,0.012950731054129472,0.0018605228313997024
2023-05-30,17.459999084472656,0.13259088628270807,0.14548166649201588,0.01452643889014249,0.011239325274133183,-0.5310368708188167,-0.77,3.6,0,0.0003809905209921638,0.007840748187802005
2023-05-31,17.940000534057617,0.12728670462156993,0.14605302906143103,-0.031840266094167013,0.017062586024048088,-0.5338908112853287,-0.7600000000000002,3.6,0,-0.005545278414910149,0.003787361925162269
2023-06-01,15.649999618530273,0.12734236317946837,0.14329059635423824,-0.2186720378414908,0.03382201299250909,-0.5411251141793456,-0.7200000000000002,3.6,0,0.00950106398012518,0.002780472705469217
2023-06-02,14.600000381469727,0.1305675843869102,0.14589718527311404,-0.23719953777188185,0.056253751986610645,-0.5547028907466307,-0.81,3.6,0,0.014461193830564323,-0.007951068540859807
2023-06-05,14.729999542236328,0.11737351256782609,0.14017206257767145,-0.17938724701066944,0.03506771793989527,-0.548376226626817,-0.77,3.6,0,-0.0019163251142121362,-0.00030793327682954175
2023-06-06,13.960000038146973,0.1172489734453128,0.13615993608445484,-0.20045814603955314,0.03704502220768169,-0.5117281831256995,-0.8099999999999996,3.6,0,0.0021774356483303947,0.0006163174462325838
2023-06-07,13.9399995803833,0.11663971603496286,0.13643076202010415,-0.22296548687836681,0.03801126287651968,-0.49670663596985404,-0.7699999999999996,3.6,0,-0.0034577308353366254,-0.0072931076652197335
2023-06-08,13.649999618530273,0.11717583645807493,0.1332490730757301,-0.12779553027157353,0.03943331300558994,-0.45929125345327615,-0.7899999999999996,3.6,0,0.0060486234801770955,0.006726224914702872
2023-06-09,13.829999923706055,0.11636215932829233,0.13223481047003408,-0.05273975600308567,0.043117259946823694,-0.4449516400317043,-0.8399999999999999,3.6,0,0.0017941588814227583,-0.003597869538856324
2023-06-12,15.010000228881836,0.11810397152292784,0.12901364161766338,0.019008872732320325,0.05396135470050201,-0.41034078790328277,-0.8199999999999998,3.6,0,0.009071945955607674,0.0016506418420012547
2023-06-13,14.609999656677246,0.11890790079374104,0.1263749273960731,0.04656157713138187,0.057262558357550786,-0.3819113501014867,-0.8300000000000001,3.6,0,0.006592978728039434,-0.007106275292165676
2023-06-14,13.880000114440918,0.11373920968582475,0.12535815892372162,-0.004304122507063468,0.06564302890143558,-0.37578776803914793,-0.9100000000000001,3.6,0,0.0011908522041079728,0.0013485248329674349
2023-06-15,14.5,0.11401180500682807,0.12508328064694568,0.062271091957821545,0.0659152081563037,-0.31018738558958914,-0.8999999999999999,3.6,0,0.012397566491468393,0.007769129423722099
2023-06-16,13.539999961853027,0.11368028760067087,0.11931245331838163,-0.020968905528042536,0.052148740112533565,-0.22776036177766001,-0.9300000000000002,3.6,0,-0.0034063140049733764,-0.004317182258276264
2023-06-20,13.880000114440918,0.11617774249046564,0.1202040745524694,-0.07528315104663375,0.04821549970386996,-0.23915803855940182,-0.9399999999999995,3.6,0,-0.005187975033243086,0.002993692845207896
2023-06-21,13.199999809265137,0.11904836418748785,0.12063658247413138,-0.09650923207022077,0.0424211927630922,-0.2429278460593148,-0.9599999999999995,3.6,0,-0.005123824000111021,0.0009262799707148162
2023-06-22,12.90999984741211,0.10816782386220217,0.12070186924199604,-0.06988474488696927,0.058058412080288946,-0.25449523773739113,-0.9699999999999998,3.6,0,0.003609732759477957,-0.005655574280789777
2023-06-23,13.4399995803833,0.10856286650746698,0.12192806985175315,-0.07310347721494481,0.05772255392261383,-0.2676242482211144,-0.9699999999999998,3.6,0,-0.007560042937187372,0.0041365394375378894
2023-06-26,14.25,0.10891461547794337,0.11944092814518703,0.05243722600792422,0.04435708750653533,-0.2698817835413489,-0.9300000000000002,3.6,0,-0.004085672584312028,0.0024715772541268333
2023-06-27,13.739999771118164,0.10651339246270417,0.12072566295900881,-0.010086479983317576,0.042307993159989454,-0.2829109131654386,-0.9700000000000002,3.6,0,0.010963257955930672,-0.00349325431394365
2023-06-28,13.430000305175781,0.10648791880952893,0.11778947122626766,0.017424280245004642,0.04243671633657797,-0.3234128014778833,-1.0,3.6,0,0.0005045357875963496,0.004020968380380241
2023-06-29,13.539999961853027,0.10271000373320789,0.11780236433607173,0.0487993897666239,0.05238092780524095,-0.3336361031764817,-1.02,3.6,0,0.003941214043073904,-0.010268081642990423
2023-06-30,13.59000015258789,0.10506385737515306,0.11894514138481413,0.01116075720891585,0.05477820621081553,-0.30296567876864605,-1.06,3.6,0,0.011800663903634767,0.002178703035034424
2023-07-03,13.569999694824219,0.09547189065052655,0.1186456153067985,-0.04771931966145837,0.04093864209786391,-0.2957526855124298,-1.0800000000000005,3.6,0,0.0011506223289443618,-0.0043375864209379555
2023-07-05,14.180000305175781,0.09524879822362463,0.11869530190978342,0.032023329067480066,0.041386201941136624,-0.29015301852562037,-0.9900000000000002,3.6,0,-0.0014871911047332764,-0.0047941744941074615
2023-07-06,15.4399995803833,0.10148738071614635,0.12019859619168609,0.14966487189377697,0.030986510930353317,-0.2615215353659687,-0.9400000000000004,3.6,0,-0.007830701245834848,-0.008168243914279505
2023-07-07,14.829999923706055,0.10092968481032441,0.12043412755421616,0.09527326185283713,0.03195184832970299,-0.25997260807512207,-0.8800000000000008,3.6,0,-0.0025246444057290818,-0.001267276614169477
2023-07-10,15.069999694824219,0.09963411663274693,0.11995244594420026,0.10890357068572198,0.028343690133582067,-0.24834222992730823,-0.8399999999999999,3.6,0,0.002531034367485585,0.00518041540338765
2023-07-11,14.84000015258789,0.10117497364634126,0.117828902179069,0.0935888346591538,0.033039398812345855,-0.23329848596447172,-0.8899999999999997,3.6,0,0.006368634877461865,0.0021036123743598534
2023-07-12,13.539999961853027,0.1002372945738934,0.11839601512266917,-0.045134014777781784,0.03198894125322238,-0.20533939654186578,-0.8599999999999999,3.6,0,0.00804585996648921,0.009760598481182159
2023-07-13,13.609999656677246,0.10123472923098398,0.11907377891859905,-0.11852331434199592,0.03336681160198118,-0.1744362265313678,-0.8300000000000001,3.6,0,0.007936941403622111,0.008315181338581334
2023-07-14,13.34000015258789,0.10155083181073266,0.11913965936713228,-0.10047200126659273,0.0314948400960775,-0.1688104516955511,-0.9100000000000001,3.6,0,-0.0006228316942477052,-0.004947965572159152
2023-07-17,13.479999542236328,0.09355776718953421,0.11916267661813283,-0.10550764331693885,0.022401064455213726,-0.16864672747848433,-0.9300000000000002,3.6,0,0.0034721545832785417,0.0016576983003100398
2023-07-18,13.300000190734863,0.09450001850375839,0.11887300714111432,-0.10377358126808867,0.03351855053906161,-0.15035907981299032,-0.9400000000000004,3.6,0,0.00743054524771547,0.0011375903115793395
2023-07-19,13.760000228881836,0.09096574174199083,0.11886093749851485,0.01624817338616147,0.04121875274631237,-0.15023219148145753,-0.9900000000000002,3.6,0,0.0022238452446352586,0.0034089803044357048
2023-07-20,13.989999771118164,0.09268479758393422,0.12008953544406294,0.027920655696305197,0.039637758366925624,-0.12053439965570278,-0.9499999999999997,3.6,0,-0.006634451462681268,-0.007927582480134032
2023-07-21,13.600000381469727,0.09271917578488788,0.11449059782803075,0.019490271807185655,0.035898441825974015,-0.05307254064179333,-0.9800000000000004,3.6,0,0.0,0.0008300045459519456
2023-07-24,13.90999984741211,0.08625126153586588,0.11389233593447524,0.03189913351469187,0.04845233243410951,-0.06477895787578312,-0.9499999999999997,3.6,0,0.004467181115923147,-0.002384645532377605
2023-07-25,13.859999656677246,0.08279596995486015,0.10764208784664071,0.04210522239935699,0.05562763707093299,-0.018808169298591308,-0.9399999999999995,3.6,0,0.0027300771358440556,-0.0018709267797671902
2023-07-26,13.1899995803833,0.07723173623739649,0.10674896500651329,-0.04142446504485664,0.044340546372054535,-0.04759842162061257,-0.9600000000000004,3.6,0,0.00015373233812465692,0.003436403135765209
2023-07-27,14.40999984741211,0.08320886398714047,0.10795048017407384,0.030021449833117275,0.036893484916521,-0.020707764883354685,-0.9000000000000004,3.6,0,-0.00662993657434896,-0.010896429463381208
2023-07-28,13.329999923706055,0.08765244322741449,0.1059294832169344,-0.01985297427870314,0.042934569743092066,0.08163026172439848,-0.9100000000000001,3.6,0,0.009790314382838394,0.0032528631667902985
2023-07-31,13.630000114440918,0.07984539262201132,0.10435867567217809,-0.020129384330890843,0.03273325583638087,0.11707446154205907,-0.9099999999999997,3.6,0,0.0019038818015300052,0.0012543319255311491
2023-08-01,13.930000305175781,0.08141526645936627,0.1031402580824825,0.005050551964827177,0.028594735760691492,0.13304302612666447,-0.8700000000000001,3.7,0,-0.002861335188528713,-0.005842891435597908
2023-08-02,16.09000015258789,0.09763408613850685,0.10247009386729079,0.21986358335580136,0.015796589146579443,0.18656499433377255,-0.7999999999999998,3.7,0,-0.01391104753722805,-0.0020012469840803293
2023-08-03,15.920000076293945,0.09330638792004337,0.10283589322383346,0.10478835842271139,0.020879716874183885,0.19673621995222096,-0.7000000000000002,3.7,0,-0.0028658063772545317,-0.007387846836280243
2023-08-04,17.100000381469727,0.09458266784750094,0.1028697781937958,0.2828207411358725,0.01883459595668513,0.15282086329460667,-0.7300000000000004,3.7,0,-0.004522879536368762,0.010632631872802278
2023-08-07,15.770000457763672,0.0984364482783705,0.10373989055033132,0.15700662695192746,0.025133043104506925,0.13491450247413758,-0.6699999999999999,3.7,0,0.008728692710727959,-0.0024200525173830867
2023-08-08,15.989999771118164,0.09841085218109685,0.10422894459887037,0.14788222690684205,0.0142158783785713,0.12386675662690129,-0.7200000000000006,3.7,0,-0.0043486980929984265,0.005062696132362987
2023-08-09,15.960000038146973,0.09776486766173803,0.10542376831568069,-0.008079559553018978,-0.000605319115099201,0.11091125821708264,-0.79,3.7,0,-0.006685172244449644,0.0006293618530832656
2023-08-10,15.850000381469727,0.09318595480787972,0.10535900753921787,-0.004396965734218439,-0.008119091154883296,0.11452887080962082,-0.7300000000000004,3.7,0,0.0003589458898993758,-0.007655424915768871
2023-08-11,14.84000015258789,0.09318474873306547,0.10410389444417441,-0.13216375312662954,-0.008079565104779585,0.10964029999946615,-0.7299999999999995,3.7,0,-0.0005830069212586775,-0.005283510262358515
2023-08-14,14.819999694824219,0.09458315644253959,0.10206860224768863,-0.060241010485942104,-0.00605540345505251,0.12413344629099901,-0.7699999999999996,3.7,0,0.005519889240636511,-0.0015937676958447389
2023-08-15,16.459999084472656,0.09811664683713164,0.1039949890622005,0.029393328335340252,-0.024879338239084392,0.15515607608736676,-0.71,3.7,0,-0.011648794736731194,-0.001914964354057802
2023-08-16,16.780000686645508,0.09949957506011818,0.10527881868829188,0.051378486625225595,-0.034182872310807966,0.16287083363210622,-0.6899999999999995,3.7,0,-0.007338277739087906,-0.003838085674684244
2023-08-17,17.889999389648438,0.10020423200673655,0.10671485679530536,0.12870655893255867,-0.03514093505035043,0.16336483050692185,-0.6400000000000006,3.7,0,-0.00761984144129535,-0.0012842309750341618
2023-08-18,17.299999237060547,0.10033135211485275,0.10375306252388844,0.16576813067240215,-0.034676552805208316,0.18049612734855472,-0.6600000000000001,3.7,0,0.00048129541609931437,0.003000512564606872
2023-08-21,17.1299991607666,0.1022485719998347,0.10293153737374731,0.15587041251756117,-0.03271675300154753,0.15663638904752297,-0.6299999999999999,3.7,0,0.006506450533914965,-0.006196850498640383
2023-08-22,16.969999313354492,0.10097875489580224,0.10204105580620222,0.030984219759947473,-0.03796328516571734,0.17988520654009557,-0.6799999999999997,3.7,0,-0.0027087181891020107,0.000430130715519228
2023-08-23,15.979999542236328,0.1109925739392348,0.10119841764835812,-0.047675870779067764,-0.027397883592011563,0.2182302540366349,-0.7599999999999998,3.7,0,0.011137747453819236,0.010853074202918034
2023-08-24,17.200000762939453,0.11826866171713073,0.10566255900142373,-0.038568957532118975,-0.03447585787795615,0.23811548326735402,-0.75,3.7,0,-0.013859046656199192,-0.0037205368274816353
2023-08-25,15.680000305175781,0.11508645444324739,0.10561850580576748,-0.09364156088598885,-0.03709627219348577,0.2542097669150037,-0.7800000000000002,3.7,0,0.007049762510488167,-0.0003200760915930134
2023-08-28,15.079999923706055,0.11805263821310255,0.10471973749512278,-0.11967304947426538,-0.03283157476271725,0.2510458176393643,-0.7800000000000002,3.7,0,0.006341310785556775,0.0027752708068391474
2023-08-29,14.449999809265137,0.1309739314093209,0.10471619716804648,-0.14849732504739988,-0.016035901370900718,0.352211145424376,-0.75,3.7,0,0.014454796007975723,0.007131283384295362
2023-08-30,13.880000114440918,0.12234335475745704,0.10475557267856066,-0.13141423579174427,0.0019550628251610025,0.3525804585204171,-0.7800000000000002,3.7,0,0.004118767841815529,-0.00010546935197808249
2023-08-31,13.569999694824219,0.12198926675118034,0.10484521287022118,-0.21104656436624902,0.00336433645673484,0.34834331235851024,-0.7599999999999998,3.7,0,-0.0014633134128982928,0.002008316209088701
2023-09-01,13.09000015258789,0.12081361988885667,0.1044603693427036,-0.16517857794511415,0.009802975945587766,0.3333639540330706,-0.6900000000000004,3.7,0,0.0018651472901587418,-0.006112896269340862
2023-09-05,14.010000228881836,0.11789241442279876,0.10448994744057219,-0.07095488728366361,-0.0032614885188243514,0.331829898628656,-0.6700000000000008,3.7,0,-0.00432187306702847,-0.006065062621800621
2023-09-06,14.449999809265137,0.11930967794956758,0.10561181175470245,0.0,-0.005637782358211441,0.33799944718322034,-0.71,3.7,0,-0.006722399949248947,-0.0025692082381707504
2023-09-07,14.399999618530273,0.11740078628518599,0.10442799711077445,0.03746394090792138,-0.0020191415125742074,0.32423450375964724,-0.6700000000000008,3.7,0,-0.0030703430157025258,0.0034345851526809135
2023-09-08,13.84000015258789,0.11752758214322777,0.10367848003693106,0.01989686542636049,-0.0008747229512564569,0.3525695948247563,-0.7200000000000006,3.7,0,0.0015060914848479268,0.00021348281566746508
2023-09-11,13.800000190734863,0.11979681726949205,0.10443484233919786,0.054239880051231815,0.006282962155043315,0.34544056034276427,-0.6799999999999997,3.7,0,0.006576768024554758,-0.0017110942507071458
2023-09-12,14.229999542236328,0.11985533781554945,0.10214418440504422,0.015703019968619225,-0.004730985401971921,0.30245600169121234,-0.7100000000000009,3.7,0,-0.005485706346428421,0.0013929622399790897
2023-09-13,13.479999542236328,0.1120093044637203,0.10188237841287706,-0.06712804704722963,0.008173593243510968,0.2978161475400316,-0.71,3.7,0,0.0011660881447870253,0.0011766195629123732
2023-09-14,12.819999694824219,0.11165389343433584,0.10264176102622126,-0.10972221983067776,0.024383535732339645,0.29915595084547136,-0.71,3.7,0,0.008622256772575776,-0.002243756302086952
2023-09-15,13.789999961853027,0.11727369709276944,0.10521546114110895,-0.0036127305045956515,0.019812338239007632,0.31220881895675384,-0.6899999999999995,3.7,0,-0.012048227426621594,-0.0031055400136505984
2023-09-18,14.0,0.11726803313597516,0.10500378861173874,0.014492739601511984,0.0199195625865487,0.3243172103840455,-0.7299999999999995,3.7,0,0.0005864872735670268,0.0009668778848404003
2023-09-19,14.109999656677246,0.1158835870763179,0.10383404234482256,-0.008432880493278172,0.011224873519437129,0.35330084941649686,-0.71,3.7,0,-0.002073893399523019,-0.003649131557215135
2023-09-20,15.140000343322754,0.12052042410039927,0.10530244449823387,0.12314546420311179,0.004649597805967964,0.35750609280717427,-0.7700000000000005,3.7,0,-0.009193393671542927,-0.0007537797199206331
2023-09-21,17.540000915527344,0.1272238062862603,0.108498420900793,0.36817483097200987,-0.022838864495280498,0.41422955810008366,-0.6299999999999999,3.7,0,-0.01652823868996034,-0.007437725935209749
2023-09-22,17.200000762939453,0.11816185379488905,0.10857936738302143,0.24728069691946608,-0.011334177734058315,0.40759880146493205,-0.6599999999999993,3.7,0,-0.00224863527325625,0.0039096592166054656
2023-09-25,16.899999618530273,0.11615175841270234,0.10862317406215412,0.20714282989501953,-0.014126782696982088,0.4195409958271921,-0.54,3.7,0,0.004205229907699781,-0.00735605075486756
2023-09-26,18.940000534057617,0.12306364764151698,0.1097436133439612,0.34231048865367475,-0.0347316864171302,0.3959059120226896,-0.4800000000000004,3.7,0,-0.014691379274802907,-0.000327086170714197
2023-09-27,18.219999313354492,0.10768849902158355,0.109703655901185,0.20343453766103248,-0.04810570584968865,0.39722331368568264,-0.4899999999999993,3.7,0,0.00039928629699836904,-0.004469440660032076
2023-09-28,17.34000015258789,0.10919878363073149,0.11046449605781997,-0.011402551453825849,-0.04651435354375022,0.4041960419540345,-0.4500000000000002,3.7,0,0.005797427674593791,0.002737562186879039
2023-09-29,17.520000457763672,0.1091478480470587,0.10947855351351767,0.018604632594767967,-0.04743458584329008,0.38647333865330036,-0.4400000000000004,3.7,0,-0.0024270255722664835,0.00021832627843210162
2023-10-02,17.610000610351562,0.10826587317597307,0.10938782993798722,0.042011893955476554,-0.049586030287774974,0.37791909188099193,-0.4299999999999997,3.7,0,-0.0003976445068419876,-0.00811146492401138
2023-10-03,19.780000686645508,0.1148500523615538,0.11241867915740561,0.04435058758722921,-0.058238059128030595,0.40421821051638385,-0.34000000000000075,3.7,0,-0.013385961079586006,-0.00827728095336977
2023-10-04,18.579999923706055,0.11944847685371936,0.11267630486354187,0.01975854137863209,-0.044960111456241236,0.41477596153106905,-0.3199999999999994,3.7,0,0.007281869521253315,0.006343010604188626
2023-10-05,18.489999771118164,0.11959184408811864,0.11122855347645298,0.06632062332240762,-0.04237958903340955,0.3898422550490542,-0.3100000000000005,3.7,0,-0.0003766342348509033,0.0018797356760793527
2023-10-06,17.450000762939453,0.12906488715000694,0.11282112762509393,-0.003995416266852847,-0.03246726491141039,0.32080316254265734,-0.2999999999999998,3.7,0,0.011872676068121368,-0.005849547704267932
2023-10-09,17.700000762939453,0.12891926641941814,0.11374988228174016,0.005110741026038701,-0.03263509488050531,0.34464878489693074,-0.2999999999999998,3.7,0,0.006402165407255467,0.012767973081015072
2023-10-10,17.030000686645508,0.13025250534178995,0.11406709724584517,-0.13902931772174643,-0.022236365783573353,0.33635036086426884,-0.2999999999999998,3.7,0,0.005204866226547811,-0.001973303457247555
2023-10-11,16.09000015258789,0.1313368938928908,0.1132752061990211,-0.13401505819928428,-0.01937470983470102,0.34104593219651613,-0.41000000000000014,3.7,0,0.00409623689617189,0.005492185172205177
2023-10-12,16.690000534057617,0.12745048120582156,0.11367667043255811,-0.0973498788178565,-0.03368486098628154,0.3496919112787947,-0.35999999999999943,3.7,0,-0.0060964508663338135,-0.009613465391881792
2023-10-13,19.31999969482422,0.12218594923504981,0.11335947908752209,0.10716325788685888,-0.026772125017584303,0.3163163713713218,-0.41000000000000014,3.7,0,-0.004980709307660147,0.0063975650591763245
2023-10-16,17.209999084472656,0.12914133783951878,0.11566274540164118,-0.02768370945456511,-0.017108946328445063,0.2815247659895191,-0.3799999999999999,3.7,0,0.010521309599363482,-0.005918613345567425
2023-10-17,17.8799991607666,0.1290830771742222,0.11520033520903873,0.04991182852902876,-0.015111529726088535,0.2771300090253947,-0.3600000000000003,3.7,0,-4.592278588988474e-05,-0.009812609119513871
2023-10-18,19.219999313354492,0.13343587829259648,0.11788793433934691,0.19453071044646175,-0.019218464885729314,0.2909142075012315,-0.28000000000000025,3.7,0,-0.013325007159517788,-0.004676508360211051
2023-10-19,21.399999618530273,0.12392846617993993,0.11897710674136688,0.28220484923660916,-0.011497671374325558,0.2994837613135752,-0.15999999999999925,3.7,0,-0.008786267495032973,-0.004922110823100012
2023-10-20,21.709999084472656,0.13069395655471136,0.1206712151959726,0.1237059745031317,-0.021444265946027885,0.24294773437201753,-0.14000000000000057,3.7,0,-0.012288296304806212,0.005845968064653206
2023-10-23,20.3700008392334,0.12921787528992074,0.1185181985181661,0.18361428953309966,-0.02723085696628791,0.22507825777546847,-0.1899999999999995,3.7,0,-0.0017330368293498877,0.004694279076990382
2023-10-24,18.969999313354492,0.12270127157682399,0.11972521949594588,0.06096198007545972,-0.005283132131531643,0.22982069906565633,-0.1899999999999995,3.7,0,0.007539262640450017,0.0017798346414217292
2023-10-25,20.190000534057617,0.13247137184403346,0.12268360247222918,0.05046832754198616,-0.019950730252269455,0.26121299405960813,-0.1299999999999999,3.7,0,-0.014352101927794014,-0.008772739289053533
2023-10-26,20.68000030517578,0.13541086052179396,0.1219016132655671,-0.03364482832658766,-0.037267806802210646,0.21473391185348395,-0.15999999999999925,3.7,0,-0.011974608473403259,0.007618155625687795
2023-10-27,21.270000457763672,0.13573321646582853,0.12203711591650909,-0.02026709559023787,-0.039300077908568154,0.20996594488036566,-0.15000000000000036,3.7,0,-0.004532843521158902,0.0015565827526602405
2023-10-30,19.75,0.1444330721729625,0.12487129450558958,-0.030436956980347984,-0.027427386641153406,0.21436890469838632,-0.15000000000000036,3.7,0,0.01195581767634879,-0.0033301510338688
2023-10-31,18.139999389648438,0.1394824528353813,0.12414540597649724,-0.043753292237694086,-0.008041071276543299,0.21826275036909304,-0.1900000000000004,3.7,0,0.006280242388355672,-0.002116749810240681
2023-11-01,16.8700008392334,0.14242870910518973,0.12629175028605047,-0.16443782105026983,-0.004709559028778898,0.2724047853412586,-0.1800000000000006,3.7,0,0.010664844146603514,0.011517816253486357
2023-11-02,15.65999984741211,0.15812811549574704,0.1322132351309461,-0.24274663364039062,0.014746706676139532,0.31140313211060083,-0.3100000000000005,3.7,0,0.019164332912581017,0.006196878298961872
2023-11-03,14.90999984741211,0.15585469942260924,0.13366208425540657,-0.29901271619531755,0.011989473779884019,0.3376999194973209,-0.2599999999999998,3.7,0,0.009123252383450797,0.007698299916620188
2023-11-06,14.890000343322754,0.1545184006157347,0.13376947011761398,-0.24607593198365807,0.007865127949805428,0.33120809440604676,-0.2599999999999998,3.7,0,0.002300590557098081,-0.005784325204189811
2023-11-07,14.8100004196167,0.15377808248339656,0.1333857334649819,-0.18357216549477928,0.005500050283689939,0.3385775345899629,-0.33000000000000007,3.7,0,0.0028460311869635824,0.0057081999119203974
2023-11-08,14.449999809265137,0.153144419351789,0.13129434391248565,-0.14344996500179374,0.002131441489593211,0.33681824637154356,-0.4399999999999995,3.7,0,0.00073233113328941,0.004038380679440623
2023-11-09,15.289999961853027,0.1541810118979027,0.13140575800448775,-0.02362706827358152,0.00041521036296532365,0.34672760832486904,-0.41000000000000014,3.7,0,-0.007798591061988769,-0.009892360910689457
2023-11-10,14.170000076293945,0.1623442940624014,0.13433815050441947,-0.049631105210682036,0.02111237406000588,0.34378988059315724,-0.4299999999999997,3.7,0,0.015604820508205774,0.0010979327759237378
2023-11-13,14.760000228881836,0.15857314559793476,0.1343601457358288,-0.00873069922387304,0.009517425170047833,0.34456145897642065,-0.3899999999999997,3.7,0,-0.0009533754937480765,-0.0005483184671073449
2023-11-14,14.15999984741211,0.17209866323633777,0.13943395353859223,-0.04388930140363989,0.029150104941273236,0.42292267310488807,-0.35999999999999943,3.7,0,0.019400772926736254,0.015033214452057964
2023-11-15,14.180000305175781,0.16294961548633188,0.1393178336231385,-0.018685087034827186,0.04525692168214612,0.4135497694246883,-0.3700000000000001,3.7,0,0.0021170485874333345,-0.007783510261700655
2023-11-16,14.319999694824219,0.15773572865772423,0.13756404135004952,-0.06344017458789142,0.055812095991267574,0.3881503309236442,-0.3799999999999999,3.7,0,0.0012231699046711952,0.007517764665130322
2023-11-17,13.800000190734863,0.14759408521403555,0.13433856677937464,-0.02611149495885201,0.07027709527658499,0.38115432178062636,-0.4399999999999995,3.7,0,0.0012437035105934413,0.0006487307475315784
2023-11-20,13.40999984741211,0.1470030405303635,0.1344775921949093,-0.09146343906066445,0.08038810021109755,0.3846698550581483,-0.46999999999999975,3.7,0,0.007697681846331683,0.0014050636331703892
2023-11-21,13.350000381469727,0.1478696961372323,0.1340642256351454,-0.0572033527309973,0.06996662695950673,0.37959446648269,-0.4500000000000002,3.7,0,-0.0021795073769941276,0.0012948913023174136
2023-11-22,12.850000381469727,0.13211721566461604,0.13107381029314694,-0.0937940687646246,0.0897376290353642,0.3569613102300925,-0.46999999999999975,3.7,0,0.003860846165948395,-0.00032292114667564764
2023-11-24,12.460000038146973,0.1183385162032977,0.13083522512609286,-0.1298882469494409,0.10362387846560872,0.3546638476196316,-0.4500000000000002,3.7,0,0.0006155477849414392,-0.005175349271840379
2023-11-27,12.6899995803833,0.11579954965338109,0.13085594284501853,-0.08043482572535054,0.10665248681390982,0.3455005727373995,-0.4500000000000002,3.7,0,-0.0018010431320959475,0.007586410019393641
2023-11-28,12.6899995803833,0.11371836571714829,0.13082192891626487,-0.05369129569138331,0.09466053637594296,0.3515675009083807,-0.39000000000000057,3.7,0,0.0009900229435098051,0.004409931614625329
2023-11-29,12.979999542236328,0.11500904394368772,0.13049398115105584,-0.027715417877213877,0.08706357822994959,0.3417676658465914,-0.3700000000000001,3.7,0,-0.0007033553851359953,0.0052474429013738
2023-11-30,12.920000076293945,0.11244993859117453,0.12987449561731235,0.00544744690631771,0.07982761195780963,0.32867781779552896,-0.3600000000000003,3.7,0,0.00393742095706906,-0.004900345129104533
2023-12-01,12.630000114440918,0.09737563907863685,0.1301343794091556,0.013643665792414161,0.06579060658982683,0.34332661039449835,-0.33999999999999986,3.8,0,0.0059159078366446405,0.00943511164197286
2023-12-04,13.079999923706055,0.0991457830606502,0.13067267676624608,0.030732888590921048,0.050610819359495185,0.3490529135749332,-0.35999999999999943,3.8,0,-0.005249435990464013,-0.00414700454012884
2023-12-05,12.850000381469727,0.0996043813618316,0.13006426527637657,0.012608416578181902,0.04799288463297802,0.34986179440345805,-0.39000000000000057,3.8,0,-0.0001969636980806433,0.007047376439826003
2023-12-06,12.970000267028809,0.10212252123142591,0.1298172358072297,-0.0007703602126473141,0.040807554504012966,0.3458538937193669,-0.47999999999999954,3.8,0,-0.0040297595824788646,0.004135131970867123
2023-12-07,13.0600004196167,0.1038877512707266,0.130649988616529,0.010835939821674634,0.04798165867581994,0.3388389086143101,-0.4400000000000004,3.8,0,0.007630203809729341,-0.0014782301852560575
2023-12-08,12.350000381469727,0.09682335868392546,0.12980312857748494,-0.022169416503096007,0.060759710467608974,0.33635099342639896,-0.47999999999999954,3.8,0,0.004299331536500084,-0.006450748036478604
2023-12-11,12.630000114440918,0.08472310635410658,0.12733365931909632,-0.034403655343266615,0.04852353991422054,0.32883494665029406,-0.47999999999999954,3.8,0,0.003889524691489843,0.00010634197626702147
2023-12-12,12.069999694824219,0.08410157371258245,0.12757724986392252,-0.060700440738531314,0.05431737202620912,0.3304049768228508,-0.5300000000000002,3.8,0,0.004567061763112834,0.0021287435407224553
2023-12-13,12.1899995803833,0.07055831737127866,0.13017570433351497,-0.06013883350707072,0.04851481390242718,0.36664446848816046,-0.41999999999999993,3.8,0,0.013790382361922093,0.01486822279953004
2023-12-14,12.479999542236328,0.07061064635616546,0.12847840338901775,-0.04441047923009134,0.04965761744986641,0.3674433354860313,-0.4500000000000002,3.8,0,0.0032092820045395154,0.00831244872299819
2023-12-15,12.279999732971191,0.07198552785548067,0.12319157426460453,-0.005668068529258163,0.046649056449663995,0.33945268812003365,-0.5300000000000002,3.8,0,-0.0016465667898450942,-0.0008330559365253842
2023-12-18,12.5600004196167,0.0728145168775277,0.12322422258241802,-0.005542335248610364,0.05122910845976025,0.33916595284466217,-0.47999999999999954,3.8,0,0.005625065351605896,-0.002187328187843951
2023-12-19,12.529999732971191,0.07150133862211946,0.12345110761158216,0.03811102317958026,0.04954238038440595,0.3521490403850654,-0.48,3.8,0,0.006080801227481558,0.001878900630872371
2023-12-20,13.670000076293945,0.09087711027734492,0.12299003423972044,0.12141103747799376,0.037259322262883865,0.323972450898538,-0.48,3.8,0,-0.013857251253563518,0.004898180018687137
2023-12-21,13.649999618530273,0.09464220064956187,0.123990757176968,0.09375000955202673,0.04306744842711496,0.3134222568258148,-0.43999999999999995,3.8,0,0.009481957801892538,-0.001555383348361472
2023-12-22,13.029999732971191,0.09447605473907862,0.12371587830779195,0.061074919894850366,0.04452079044806112,0.3115702422275683,-0.4099999999999997,3.8,0,0.002009740101651891,-0.0009347874356070429
2023-12-26,12.989999771118164,0.09350966798340546,0.12350327747932421,0.03423561601398317,0.05082390262181158,0.3106124310149915,-0.36999999999999966,3.8,0,0.004222542089372228,0.0006238611637909841
2023-12-27,12.430000305175781,0.09337965928509116,0.1234123451353241,-0.007980800472985883,0.05168267550492023,0.3060311570719281,-0.41000000000000014,3.8,0,0.0018080697026494619,0.0077918907319391995
2023-12-28,12.470000267028809,0.09295966676687113,0.11927791875062295,-0.08778345300422752,0.05282043322919283,0.26998290341145365,-0.41999999999999993,3.8,0,0.0003777287695538867,-0.0038143475598659826
2023-12-29,12.449999809265137,0.09479495304325443,0.11922921948288845,-0.08791207639567267,0.04565528421633558,0.267965956839176,-0.35000000000000053,3.8,0,-0.0028950463789587655,-0.0024839100009861337
2024-01-02,13.199999809265137,0.09765745910532639,0.12014527769268867,0.013046821164836686,0.03368832713369185,0.27855303342565524,-0.3799999999999999,3.8,0,-0.005596253656281247,-0.0037347114401869996
2024-01-03,14.039999961853027,0.10089667424909017,0.12005122729962003,0.08083142488342632,0.030656844633283775,0.3038029560192139,-0.41999999999999993,3.8,0,-0.008166726287654136,0.0023953518536701246
2024-01-04,14.130000114440918,0.10214651267156072,0.12001124855439115,0.1367658702757446,0.027539460145573624,0.3009895741602775,-0.3899999999999997,3.8,0,-0.0032210259670719665,-0.006025638744312056
2024-01-05,13.350000381469727,0.10013278742938364,0.1197481266725573,0.07056937414569875,0.03311000280879561,0.3049344167317549,-0.35000000000000053,3.8,0,0.001369638621420144,-0.0036579660919440204
2024-01-08,13.079999923706055,0.10787710484510937,0.12253739597893205,0.05060241960582834,0.03992373844854824,0.30612403041613123,-0.35000000000000053,3.8,0,0.014275890922159862,0.0033568693316414766
2024-01-09,12.760000228881836,0.10819461921436326,0.12168135079312249,-0.033333302025842726,0.033901026606833806,0.2875458456212432,-0.34000000000000075,3.8,0,-0.0015170617748928583,-0.0004184873343252571
2024-01-10,12.6899995803833,0.1088503011215883,0.12118493298945458,-0.09615387358530669,0.03571978638022655,0.3003423113980391,-0.33000000000000007,3.8,0,0.005655490521344397,-0.0015686365229058419
2024-01-11,12.4399995803833,0.10860003368499657,0.11987244112389166,-0.11960371694055616,0.030556702617125175,0.3263481845135223,-0.2799999999999998,3.8,0,-0.0004407250473164037,0.0053425447916655155
2024-01-12,12.699999809265137,0.09846436664865464,0.11983945700167642,-0.048689180047276515,0.017242488059127536,0.3291865230566239,-0.17999999999999972,3.8,0,0.0006927792573832026,0.0027091916794050874
2024-01-16,13.84000015258789,0.09932473161731302,0.11629077622551329,0.058103993372692564,0.010265745274083082,0.3183331855966438,-0.14999999999999947,3.8,0,-0.003671214241216858,-0.00810570177985337
2024-01-17,14.789999961853027,0.10141029191176809,0.11522577355629614,0.159090885310202,0.006306960292614905,0.309395282422072,-0.2400000000000002,3.8,0,-0.005558672684831678,-0.003247590441212367
2024-01-18,14.130000114440918,0.1042939566500636,0.11230610897725252,0.11347522314213676,0.009576843364954568,0.33647825259344705,-0.20000000000000018,3.8,0,0.00889273268181845,-0.0022071316203461366
2024-01-19,13.300000190734863,0.11107080765962928,0.11396678788750061,0.06913188419296268,0.015984396575805082,0.3344131730953124,-0.23999999999999932,3.8,0,0.012466165858858957,0.00010519634929262445
2024-01-22,13.1899995803833,0.09661322561508341,0.1134604159820134,0.038582659722615986,0.032439312898580486,0.33385008211743855,-0.2599999999999998,3.8,0,0.002114348770633878,0.0030545771494647767
2024-01-23,12.550000190734863,0.09223424449620542,0.10802688161908679,-0.09320808870163311,0.02572455389487982,0.2821353564644981,-0.16999999999999993,3.8,0,0.0029165084040065903,-0.0025202517737109575
2024-01-24,13.140000343322754,0.09219632744778308,0.10373917438752266,-0.11156184062109664,0.024786290948846768,0.34493922568155044,-0.16000000000000014,3.8,0,0.0010931698517426813,-0.0028424469273351516
2024-01-25,13.449999809265137,0.09281709899695156,0.1027357652273295,-0.04812457888664967,0.026027607047503176,0.35315008820051497,-0.14000000000000057,3.8,0,0.005438949470246479,0.004328582885747778
2024-01-26,13.260000228881836,0.09323667268676042,0.10136034084373904,-0.003007515885668388,0.022874701510368967,0.3846059046101472,-0.1899999999999995,3.8,0,-0.0012704110208863195,-0.0017872006644292782
2024-01-29,13.600000381469727,0.09620633705620915,0.10165954197808728,0.03108421638588954,0.030585924891011418,0.3998767222487912,-0.20999999999999996,3.8,0,0.007919352509168531,0.00600270569641026
2024-01-30,13.3100004196167,0.09520312077732339,0.10056476548791178,0.06055778624154229,0.03277866030726462,0.37479000858333256,-0.3000000000000007,3.8,0,-0.0007735470524883326,0.0013611395274204519
2024-01-31,14.350000381469727,0.11210343124674112,0.1018604040550355,0.09208523641796162,0.02164401069144062,0.2562669224748385,-0.27999999999999936,3.8,0,-0.016317173556878117,0.008362958591742187
2024-02-01,13.880000114440918,0.11418242421110751,0.10335887489467947,0.03197028336606911,0.043537697087504545,0.2586514599257246,-0.33000000000000007,3.9,0,0.013088120238723633,0.00619364967084457
2024-02-02,13.850000381469727,0.11600722946978674,0.10480586786433857,0.04449473170466467,0.05793101624836994,0.18974544593756668,-0.33000000000000007,3.9,0,0.010527358922269192,-0.013013805659816802
2024-02-05,13.670000076293945,0.118195448089245,0.10547523125122228,0.005147036239763203,0.052637116458612354,0.21014591567705235,-0.29000000000000004,3.9,0,-0.00364122734048955,-0.009732482378022378
2024-02-06,13.0600004196167,0.10989017931421483,0.10544986507141965,-0.018782869430382765,0.04083453792218372,0.21334741386220826,-0.2999999999999998,3.9,0,0.0029034334313113863,0.005389718294328549
2024-02-07,12.829999923706055,0.11123731789416519,0.10414213574003797,-0.10592337403185448,0.0511099728120632,0.16460621833127753,-0.3200000000000003,3.9,0,0.00834026525123499,-0.0017871741419379639
2024-02-08,12.789999961853027,0.11082617210526555,0.1004987188736131,-0.07853026971187427,0.04566050985136938,0.17153560134674906,-0.3099999999999996,3.9,0,0.00044168560219515207,-0.0032638797424949795
2024-02-09,12.930000305175781,0.11101640384344783,0.100560568257323,-0.0664259964588042,0.05216758148549405,0.1647560744949828,-0.3100000000000005,3.9,0,0.005779461852153833,-0.0017963241774543448
2024-02-12,13.930000305175781,0.11134230484952151,0.09412450781730083,0.019019767917391572,0.05097763314302339,0.0495647120259286,-0.29000000000000004,3.9,0,-0.00043895368606916563,0.0009527994695082143
2024-02-13,15.850000381469727,0.12385439878459044,0.09946587935997055,0.21362939297171257,0.04032173615986889,0.1386376042633504,-0.33000000000000007,3.9,0,-0.013773024753250818,-0.010995787958971937
2024-02-14,14.380000114440918,0.12289528988207303,0.1006183377296948,0.12081061574060659,0.05564368305121037,0.15295327739742132,-0.29000000000000004,3.9,0,0.00908754364812836,0.0037419855765206123
2024-02-15,14.010000228881836,0.12177037743584013,0.10115381025829835,0.0953870422726768,0.053558466514647574,0.15798917410628682,-0.3199999999999994,3.9,0,0.006899863455598565,0.002768971091757999
2024-02-16,14.239999771118164,0.11880960461185139,0.10137745772154362,0.10131472815340925,0.03540430834717645,0.16970141642688466,-0.33999999999999986,3.9,0,-0.004979919478028227,-0.004355146065752713
2024-02-20,15.420000076293945,0.12156172520860282,0.1021433470278284,0.10696336959623354,0.027531346384554345,0.16533405927165795,-0.3200000000000003,3.9,0,-0.005505484454382592,0.0017071523604945682
2024-02-21,15.34000015258789,0.12143559714523805,0.10204544751558337,-0.032176669817502224,0.025471316724800186,0.16682525959634592,-0.3199999999999994,3.9,0,0.0009058274054767335,-0.003195069081774915
2024-02-22,14.539999961853027,0.13959865614354713,0.10928663494591592,0.011126553973489273,0.04555103223174006,0.15221461879618747,-0.3600000000000003,3.9,0,0.0206955377763427,0.00010696183288105843
2024-02-23,13.75,0.13918442883837184,0.10904516293513403,-0.018558188767609063,0.040612223484651544,0.16447952529093818,-0.41000000000000014,3.9,0,0.0006896158411573428,0.00459337318704911
2024-02-26,13.739999771118164,0.14019185240464194,0.10963409262903635,-0.035112360114928465,0.03811982929412849,0.17079256306312332,-0.41000000000000014,3.9,0,-0.003662491153425429,-0.00148851879766565
2024-02-27,13.430000305175781,0.13838479275541377,0.10950334822412082,-0.12905316220961016,0.03187653425644088,0.1783925318819865,-0.39000000000000057,3.9,0,0.0018576843718893787,-0.0022364600224600295
2024-02-28,13.84000015258789,0.13852339528882987,0.10961741832551905,-0.09778357138718452,0.031310588941116047,0.17881254049327158,-0.3700000000000001,3.9,0,-0.0013215850310840382,0.00362878168887093
2024-02-29,13.399999618530273,0.12137526209525394,0.10934991671728143,-0.07840442546861381,0.052186758404574984,0.16703930277576057,-0.3899999999999997,3.9,0,0.003594897164906463,0.0020208642390127096
2024-03-01,13.109999656677246,0.11778199215585941,0.10944460187502855,-0.04654547951438215,0.04834418845366639,0.16762148175030503,-0.34999999999999964,3.9,0,0.009388337916472533,0.0045650430824566435
2024-03-04,13.489999771118164,0.11429769952191424,0.10953522243422366,-0.018195051249237038,0.036310211966827266,0.18121854752242886,-0.39000000000000057,3.9,0,-0.001072516968219972,-0.0022245196149716095
2024-03-05,14.460000038146973,0.12037859507364525,0.11160263935286581,0.07669394710097222,0.02970267278090044,0.15320408230149063,-0.41000000000000014,3.9,0,-0.00999403517502273,0.0061577679702788934
2024-03-06,14.5,0.12095873862429364,0.11116446001171955,0.04768784972077467,0.03192421153877412,0.16185165631491497,-0.4399999999999995,3.9,0,0.005067153995185425,0.002427257139200778
2024-03-07,14.4399995803833,0.12225516058472516,0.11228246119890979,0.07761193966116653,0.03354751979306747,0.17609704809794374,-0.41000000000000014,3.9,0,0.009926473867542196,0.0016839762320575158
2024-03-08,14.739999771118164,0.12522408256708406,0.11338210252356169,0.12433258254211466,0.0268904022233607,0.17321242737493053,-0.39000000000000057,3.9,0,-0.0060021960724693235,0.0007356423043183291
2024-03-11,15.220000267028809,0.12432875396785091,0.11336148672074498,0.12824318200616602,0.02011166165930378,0.17287100716355513,-0.41000000000000014,3.9,0,-0.0008599205218472461,-0.001260236106411683
2024-03-12,13.84000015258789,0.1288499646310407,0.11214457863960688,-0.0428768937706403,0.03153817616645305,0.0733970702635808,-0.41999999999999993,3.9,0,0.010757368467438466,-0.004100435354864818
2024-03-13,13.75,0.11621958638428032,0.11228936561039107,-0.051724137931034475,0.04430433773495124,0.07179704329301885,-0.41999999999999993,3.9,0,-0.00156762780323072,-0.0022171787069095172
2024-03-14,14.399999618530273,0.11413412336373442,0.11233187507620261,-0.0027700805412326224,0.03285399183249371,0.08277924055619149,-0.3899999999999997,3.9,0,-0.0019766653215416152,-0.0074064931768248465
2024-03-15,14.40999984741211,0.11616568674962185,0.113319515523602,-0.022388054873152874,0.018732679983721967,0.09257922429670432,-0.41000000000000014,3.9,0,-0.006866600231214881,-0.0017053382254147431
2024-03-18,14.329999923706055,0.11523266316430093,0.1132954010352223,-0.05847571141314423,0.029916124540712685,0.08517305948092146,-0.39000000000000057,3.9,0,0.005943212882649318,-0.0011748755426953528
2024-03-19,13.819999694824219,0.11298168308659859,0.10906409939119768,-0.0014451197646795366,0.041372830353992196,0.14117151030551053,-0.3799999999999999,3.9,0,0.005557194171614377,0.0028865182141262213
2024-03-20,13.039999961853027,0.115706847679011,0.1089940341197779,-0.051636366410688916,0.050053480589951516,0.15743607650677544,-0.3200000000000003,3.9,0,0.009249153785412023,0.0023450384781378286
2024-03-21,12.920000076293945,0.09376137272217597,0.10904301641104301,-0.1027777487113144,0.03216250638810658,0.15785113972962078,-0.35000000000000053,3.9,0,0.003304768761382526,0.00010654323253400655
2024-03-22,13.0600004196167,0.09454043996030648,0.10915997055395764,-0.09368490229636306,0.029495785690055065,0.14477736621588233,-0.3700000000000001,3.9,0,-0.0018957907148577924,0.00489114174643146
2024-03-25,13.1899995803833,0.09394452430970647,0.10952420375809771,-0.07955340888989515,0.030425406994377457,0.15262825088219806,-0.29000000000000004,3.9,0,-0.0027628113418188827,-0.0026452564625908392
2024-03-26,13.239999771118164,0.09468345580366018,0.10971841945820303,-0.041968157490138935,0.026615108045839442,0.14731249335527527,-0.3199999999999994,3.9,0,-0.0018469770770959126,0.0014854024516381958
2024-03-27,12.779999732971191,0.09732624671361204,0.11023311525991403,-0.01993866791736476,0.03661271358154372,0.15569834810061897,-0.33999999999999986,3.9,0,0.008403961351032718,0.0038140913136475163
2024-03-28,13.010000228881836,0.09733705877335225,0.10926244823234377,0.006965956041519394,0.03270186487972371,0.1440577621680335,-0.3899999999999997,3.9,0,-0.0001913845865200159,-0.0009498561682544926
2024-04-01,13.649999618530273,0.09350974183560778,0.10754744350568436,0.045176047469904335,0.021316863248920015,0.17400416548318506,-0.3899999999999997,3.9,0,-0.0017396441896039283,-0.009048249699320943
2024-04-02,14.609999656677246,0.09693673362616,0.10837112507493366,0.10765732535775263,0.01591270850491,0.16705837423186062,-0.33999999999999986,3.9,0,-0.006358201451265977,-0.0021383908492005332
2024-04-03,14.329999923706055,0.08814101501584629,0.10837736769414874,0.08232629693586735,0.02729556166351177,0.166320898473942,-0.3199999999999994,3.9,0,0.001098544363948628,0.0011785602262834871
2024-04-04,16.350000381469727,0.0991492305464328,0.10896083264917039,0.2793427795845935,0.009640243292912576,0.11252446443145031,-0.34000000000000075,3.9,0,-0.012206142269117204,0.0034247917635505942
2024-04-05,16.030000686645508,0.09982066671337488,0.11035442409950016,0.2321291625390871,0.010160626858269683,0.07799619356809928,-0.34000000000000075,3.9,0,0.010447004960385309,-0.006612600362600363
2024-04-08,15.1899995803833,0.09680224348959322,0.11004318826622342,0.11282051317880137,0.01682871753390991,0.08201486025558825,-0.3600000000000003,3.9,0,0.0005592034829562387,-0.002254858027457507
2024-04-09,14.979999542236328,0.0965935615011269,0.10997220076539518,0.02532511254303693,0.018881114206223737,0.087720575120634,-0.3799999999999999,3.9,0,0.0011567728886905382,0.00398174746157931
2024-04-10,15.800000190734863,0.09676974472065406,0.11247459836119411,0.10258201499338426,-0.002056210697429006,0.1554664893439659,-0.41999999999999993,3.9,0,-0.010013018898953119,-0.013290580918534523
2024-04-11,14.90999984741211,0.10026323474882064,0.11269034724324041,-0.08807342510460381,0.007053823639519452,0.13605512069895578,-0.3700000000000001,3.9,0,0.007546866711725997,-0.0014122785261984072
2024-04-12,17.309999465942383,0.11203284274478655,0.11611820230721455,0.07985020115209562,-0.004879686980021614,0.08726847891696635,-0.3799999999999999,3.9,0,-0.013803165339080214,0.00413354023167134
2024-04-15,19.229999542236328,0.11812379900203065,0.11847852589541027,0.2659644551320708,-0.010552392785614373,0.13052903381986733,-0.2999999999999998,3.9,0,-0.012527979592971916,-0.006391210646703893
2024-04-16,18.399999618530273,0.1156937457576415,0.11618431533918465,0.22830441794415313,-0.018192112565791785,0.13394195668615017,-0.2999999999999998,3.9,0,-0.0018238727165881263,-0.003925097149414469
2024-04-17,18.209999084472656,0.11437238109003035,0.11695739379571103,0.15253157371169013,-0.029396398548537594,0.10750326338643065,-0.33999999999999986,3.9,0,-0.00591811634452899,0.006348330711256178
2024-04-18,18.0,0.10713583996507964,0.11699137114797045,0.20724347311943236,-0.0402703226852279,0.11339890628692142,-0.34000000000000075,3.9,0,-0.0020577265072945217,-0.0034804880398933147
2024-04-19,18.709999084472656,0.10769991131592364,0.11852704628904395,0.08087808559929699,-0.051780965145382774,0.10522735318448125,-0.34999999999999964,3.9,0,-0.008728497214191555,0.0013097640624077922
2024-04-22,16.940000534057617,0.11562990159495715,0.1194582904467845,-0.11908471464853698,-0.0412310533157515,0.09629912168555439,-0.34999999999999964,3.9,0,0.009209144977934569,0.00010879443893174745
2024-04-23,15.6899995803833,0.1257025044796866,0.12165259345548798,-0.14728261382232777,-0.027165899378300606,0.10241676466531124,-0.25,3.9,0,0.011866672246626297,0.0013083580461636934
2024-04-24,15.970000267028809,0.125724400424043,0.12073576953671011,-0.12300927677442086,-0.025828340852708354,0.08362255711358581,-0.23999999999999932,3.9,0,-0.00047460733306348146,-0.0030479486031844694
2024-04-25,15.369999885559082,0.12061907736419014,0.12103658995859824,-0.1461111174689399,-0.037616960151912626,0.09093414510342528,-0.2599999999999998,3.9,0,-0.0037989089424659284,-0.0038213360798032836
2024-04-26,15.029999732971191,0.12712579973099172,0.11720873454949249,-0.1966862389937517,-0.028313487600231668,0.1880742216068579,-0.29000000000000004,3.9,0,0.00947388550375683,0.0027400091327611786
2024-04-29,14.670000076293945,0.12831774126351164,0.11458348726653309,-0.13400238407312148,-0.023172996660664524,0.1573023669074725,-0.33999999999999986,3.9,0,0.0035414297461646704,0.0040440568232582574
2024-04-30,15.649999618530273,0.13751738480509632,0.11769702161138738,-0.002549392155691166,-0.03249553635390756,0.26197382736846786,-0.34999999999999964,3.9,0,-0.01584121643362113,-0.00468066994479388
2024-05-01,15.390000343322754,0.1372450807930977,0.11764292198143741,-0.03631809104621653,-0.03669534224087878,0.24137666643354266,-0.33000000000000007,3.9,0,-0.003247088879140936,0.003959920298179931
2024-05-02,14.680000305175781,0.13696682445713856,0.1189780980050797,-0.044892621048851944,-0.01567035512079018,0.25648528765213086,-0.29000000000000004,3.9,0,0.009353343578700324,0.0046984208686988715
2024-05-03,13.489999771118164,0.1392358347473612,0.12040859861640059,-0.10246174246262574,-0.013772420824679776,0.29252255682561945,-0.3099999999999996,3.9,0,0.012395297420226381,0.005546535876954195
2024-05-06,13.489999771118164,0.14458131105978492,0.12207534859627855,-0.08043628486973275,-0.0041446759791454735,0.2950692617150647,-0.33000000000000007,3.9,0,0.010326856423710673,0.0008651986367806952
2024-05-07,13.229999542236328,0.14457495863610548,0.12161639726957055,-0.1546325965036166,-0.004197673934247748,0.3004472568892059,-0.35000000000000053,3.9,0,0.0011034927982798148,0.002593441016857767
2024-05-08,13.0,0.13982243430558183,0.12160176033791052,-0.1552956653675256,0.00597132702614811,0.3010130002935745,-0.35999999999999943,3.9,0,9.659653182181316e-05,-0.002802396933575868
2024-05-09,12.6899995803833,0.13874053887906787,0.11827659489064937,-0.13555862966098564,0.0041889383615398845,0.24576223089945698,-0.34999999999999964,3.9,0,0.005761686492328222,0.003026365182168922
2024-05-10,12.550000190734863,0.1284316817723897,0.11705473358551435,-0.06968121544344441,0.019555776556358095,0.2302832394407494,-0.3700000000000001,3.9,0,0.0012883444431357471,-0.0032327633000984735
2024-05-13,13.600000381469727,0.11819936653797586,0.11636978859918087,0.008154233670712996,0.032629486937887364,0.22173200357478737,-0.3699999999999992,3.9,0,0.0001343224620167227,0.0011891672068671255
2024-05-14,13.420000076293945,0.11790310721840988,0.11602866901187846,0.014361340939661238,0.03926275072001473,0.2157425936648592,-0.35999999999999943,3.9,0,0.004588074295429845,0.0029153496279374913
2024-05-15,12.449999809265137,0.11958188304354415,0.11762179286521077,-0.04230770697960484,0.058395616578522214,0.2607623981869295,-0.3700000000000001,3.9,0,0.012382968072453648,0.007536765828983549
2024-05-16,12.420000076293945,0.11958171935406703,0.1178048991612334,-0.02127655736937384,0.05839593431110579,0.26446913498378266,-0.40000000000000036,3.9,0,-0.0020574269229312048,-0.0019234203451223841
2024-05-17,11.989999771118164,0.11168968301304417,0.11050981030753455,-0.04462154670165852,0.06925034345214276,0.2793060354766736,-0.41000000000000014,3.9,0,0.0014375154397507917,-0.0031049233754361083
2024-05-20,12.149999618530273,0.10975451757754418,0.11051223447219966,-0.10661770016676675,0.06071415099633248,0.281911608182669,-0.3799999999999999,3.9,0,0.0011522820155323021,-0.0015035940340272225
2024-05-21,11.859999656677246,0.10460442859456745,0.11017013861945403,-0.11624444193352845,0.050845301192663506,0.28062969863038834,-0.41000000000000014,3.9,0,0.002452297789228286,0.002581269062623459
2024-05-22,12.289999961853027,0.10585316642080854,0.110420055035586,-0.01285139356331877,0.048317272603570105,0.2848235896102638,-0.4300000000000006,3.9,0,-0.002879175127503797,-0.001287488098543621
2024-05-23,12.770000457763672,0.10924540519337744,0.11158838390093986,0.028180384808352166,0.04462852608717793,0.30340629828020454,-0.4400000000000004,3.9,0,-0.007304272633687048,-0.00354489157932536
2024-05-24,11.930000305175781,0.10717605610692384,0.1120924347461342,-0.005004125695390882,0.04167164340668572,0.3036695751836579,-0.46999999999999975,3.9,0,0.0066165101077051425,0.0012936453473628706
2024-05-28,12.920000076293945,0.10713168472682863,0.1106416934919557,0.06337452526248022,0.03872105316381225,0.2818587635771766,-0.40000000000000036,3.9,0,0.0006988453582048582,-0.0055984949313198085
2024-05-29,14.279999732971191,0.09108567480705425,0.11169116860548868,0.20404722987757196,0.04804971654138401,0.2953164604380057,-0.34999999999999964,3.9,0,-0.007002572050697098,-0.004871889943887764
2024-05-30,14.470000267028809,0.09457953690405915,0.11054666795365112,0.17738000910840457,0.0444886877579278,0.31838367578541876,-0.3700000000000001,3.9,0,-0.006633823067866751,0.005004639111652942
2024-05-31,12.920000076293945,0.09433716237258973,0.11155364063495951,0.011746250051156482,0.04423500816402037,0.33038101777620604,-0.3799999999999999,3.9,0,0.009108197461457301,0.0046550964732328115
2024-06-03,13.109999656677246,0.08632638868906117,0.10986488970944637,0.09891025325368408,0.03229092235051367,0.3189814668765096,-0.41000000000000014,3.9,0,0.000815398053666927,0.006549540515666363
2024-06-04,13.15999984741211,0.07993775687481926,0.1090334902245749,0.018575833568184263,0.022881726510248113,0.3219902535057539,-0.4399999999999995,3.9,0,0.0011178601524610698,0.005476437276435764
2024-06-05,12.630000114440918,0.0885617399459243,0.11140274955411363,-0.11554619393448429,0.03389794751713371,0.3356875962967622,-0.4299999999999997,3.9,0,0.011885166809659786,0.0036307517660543187
2024-06-06,12.579999923706055,0.08859007481089648,0.10947003941348425,-0.1306150869692303,0.03377874459001351,0.3681563650114706,-0.4399999999999995,3.9,0,-1.8709279545392477e-05,-0.00042534026348584053
2024-06-07,12.220000267028809,0.08778180088063693,0.10944207401222376,-0.05417955148077125,0.026606914920468627,0.3594137145835009,-0.4400000000000004,3.9,0,-0.0012157751177361842,-0.010538786720629467
2024-06-10,12.739999771118164,0.088003550618715,0.10941563421766441,-0.02822272274970139,0.02845391485156279,0.353502526467165,-0.40000000000000036,3.9,0,0.00308979295893419,-0.0021515907259823663
2024-06-11,12.850000381469727,0.08793362854806573,0.10830977254856419,-0.023556190694283607,0.030792199253512287,0.35049321669765865,-0.41999999999999993,3.9,0,0.0024082196705315084,0.005282896233351764
2024-06-12,12.039999961853027,0.09050842578559146,0.10886088694151105,-0.04671418426301477,0.03451188135786598,0.3702517821311049,-0.4400000000000004,3.9,0,0.008213197074696144,0.005577000634763296
2024-06-13,11.9399995803833,0.08131277161995043,0.10845832262106368,-0.05087443141527548,0.023915670278748635,0.36351696541550627,-0.4399999999999995,3.9,0,0.0020134171606567275,0.006612484250628103
2024-06-14,12.65999984741211,0.08044456948122926,0.10704203332907077,0.03600651151951917,0.026650798337846116,0.35831654639290594,-0.46999999999999975,3.9,0,0.0006083206695906007,0.002331237857502666
2024-06-17,12.75,0.08382198344262494,0.10794290027144231,0.0007849473360672654,0.033336470481541314,0.33290656132486557,-0.46999999999999975,3.9,0,0.007958995685484194,-0.004651024913090662
2024-06-18,12.300000190734863,0.08385659385345731,0.10785264755171753,-0.04280156999279072,0.034769527531350874,0.3447862651242333,-0.47000000000000064,3.9,0,0.002540705221970363,0.004354210367550682
2024-06-20,13.279999732971191,0.08525631718945902,0.10784600854711845,0.10299001453878076,0.02943418266842479,0.3446085414664826,-0.4500000000000002,3.9,0,-0.0027164171516705915,-0.0025380268332696465
2024-06-21,13.199999809265137,0.08438712299259976,0.10779644880446383,0.10552766106892841,0.03102227248547762,0.3469300772471028,-0.4500000000000002,3.9,0,-0.001340934553204276,0.00021192449959350768
2024-06-24,13.329999923706055,0.07985599060733613,0.10696605944725524,0.05292259750152395,0.0352325418848316,0.3342841069891514,-0.45999999999999996,3.9,0,-0.003250513025056634,0.0008481267384143898
2024-06-25,12.84000015258789,0.07820455488050135,0.10714470888882936,0.007058835497089522,0.03238825854774796,0.33453761227532064,-0.41999999999999993,3.9,0,0.0038508488183874867,0.0008470606950465864
2024-06-26,12.550000190734863,0.0781442883512099,0.10702239808002462,0.020325202936851694,0.03295484207778654,0.3267681476283016,-0.3899999999999997,3.9,0,0.0012480374665171379,-0.006030861052213177
2024-06-27,12.239999771118164,0.07119315888703372,0.10598425577876852,-0.07831325171422598,0.0418792724417163,0.3212451686642411,-0.41000000000000014,3.9,0,0.0015766378395136726,0.0022353177055161044
2024-06-28,12.4399995803833,0.06736227601060202,0.10645266333186537,-0.057575775747238156,0.04470966861679826,0.3307234682477102,-0.34999999999999964,3.9,0,-0.003935218822621267,-0.0053106797283365426
2024-07-01,12.220000267028809,0.06222235680499018,0.10293384063706092,-0.08327079242537905,0.03741086103568603,0.35646665935261834,-0.28999999999999915,4.2,0,0.0020581176325360495,-0.0074438971565780054
2024-07-02,12.029999732971191,0.06442652175814052,0.10176608448121627,-0.06308414408028218,0.04354146435534045,0.4140418146489255,-0.3100000000000005,4.2,0,0.006729739643983157,0.003776767244611179
2024-07-03,12.09000015258789,0.06481477471265401,0.10200316239464541,-0.03665338893672454,0.047027974696439934,0.4190265325824905,-0.34999999999999964,4.2,0,0.0044626316745368655,0.006665281654814947
2024-07-05,12.479999542236328,0.055841586508450045,0.1024516167224043,0.01960782480441492,0.040696658733152535,0.42866188781893794,-0.3199999999999994,4.2,0,0.005766357317971371,0.005553388585823438
2024-07-08,12.369999885559082,0.05543228760108772,0.09976553462276257,-0.005626985304292287,0.04191717106658688,0.3793385363606498,-0.33999999999999986,4.2,1,0.0011540527239508602,0.0003183596084914697
2024-07-09,12.510000228881836,0.05424823723474956,0.0989297855148506,0.023731583921113852,0.04419980965535997,0.3907706468203976,-0.3200000000000003,4.2,1,0.000972367545504893,-0.0013802185853813986
2024-07-10,12.850000381469727,0.06076539097899054,0.0953882748737263,0.06816298143807265,0.05128435269977838,0.44708639101322023,-0.33999999999999986,4.2,1,0.009895418424408886,0.0009569635808914789
2024-07-11,12.920000076293945,0.07249557757496367,0.09322140913900827,0.06865177115224363,0.039715554971820666,0.35165320487231466,-0.2999999999999998,4.2,1,-0.00862272348431481,0.006372731696152378
2024-07-12,12.460000038146973,0.07060621377668459,0.0933948785663789,-0.0016025244249144865,0.03775047462665926,0.3470346385863818,-0.27000000000000046,4.2,1,0.00630765672971445,0.0021108499030937367
2024-07-15,13.119999885559082,0.07067528344567879,0.09199700085616003,0.060630558362054776,0.03851333712525262,0.38420185469374557,-0.20999999999999996,4.2,1,0.0027500089307683773,-0.0031594332116120505
2024-07-16,13.1899995803833,0.07189854292035208,0.09195305436545728,0.05435646195525634,0.044036696825006105,0.3831113031418971,-0.2599999999999998,4.2,1,0.00593008157149999,0.004437329255841949
2024-07-17,14.479999542236328,0.08876715137576177,0.09520262049868507,0.1268481799515846,0.021269906933372384,0.37330771057146706,-0.2599999999999998,4.2,1,-0.014021065689695633,0.0008414634964262202
2024-07-18,15.930000305175781,0.09379542399490232,0.0960553567068865,0.2329721525624977,0.010853244055906819,0.39405999704091516,-0.2599999999999998,4.2,1,-0.007684925119563979,-0.002837658997051795
2024-07-19,16.520000457763672,0.09660374644493488,0.09521568220552806,0.3258427293087307,0.006875775649259452,0.41182779489220955,-0.2400000000000002,4.2,1,-0.006640492151253841,-0.0031617641673907793
2024-07-22,14.90999984741211,0.10255190123694767,0.09683935734041904,0.13643292511177862,0.01862260926890058,0.3926660447935579,-0.2400000000000002,4.2,1,0.010310037858944021,-0.0009517884409044886
2024-07-23,14.720000267028809,0.10181089792562698,0.0964129833690156,0.11599702314782379,0.020341281864060257,0.38162329986973914,-0.15000000000000036,4.2,1,-0.0015687458897947204,0.0007409947722882837
2024-07-24,18.040000915527344,0.13128869909492047,0.10718170312268278,0.24585645620408636,-0.006607701252475562,0.37559124220051987,-0.08999999999999986,4.2,1,-0.02266259335745402,-0.002220906065701689
2024-07-25,18.459999084472656,0.1322772894600793,0.10783737444714865,0.15881975711418272,-0.013015344715452959,0.3638720882320024,-0.14000000000000057,4.2,1,-0.005210277592075707,0.0022258494682871888
2024-07-26,16.389999389648438,0.1386550775192721,0.10399402349679818,-0.007869313832502889,-0.0035324694048456395,0.3469138413498477,-0.16000000000000014,4.2,1,0.01119971183544255,0.004758738625636916
2024-07-29,16.600000381469727,0.13794095922161445,0.10355354586954853,0.11334678412830068,0.0009922433253171103,0.3591687489111583,-0.1900000000000004,4.2,1,0.0005876651219949292,0.001684162053662508
2024-07-30,17.690000534057617,0.13890461183805347,0.10309418497974632,0.20176631882821927,-0.0061246458858766895,0.33715229146038794,-0.1999999999999993,4.2,1,-0.00506634976860687,0.0021012764934735806
2024-07-31,16.360000610351562,0.14901774849342198,0.10515849804706709,-0.09312639799977929,0.003278582455503054,0.3556592710966139,-0.20000000000000018,4.2,1,0.01625458557234216,0.0073399463795020825
2024-08-01,18.59000015258789,0.15643986044846678,0.10813016345233672,0.0070423117314553085,-0.015323010258660008,0.310724331321608,-0.16999999999999993,4.2,1,-0.014160914265491042,0.004270398436359901
2024-08-02,23.389999389648438,0.16663239992081205,0.11529496336632093,0.4270897047391622,-0.03919633166066283,0.11790021922047761,-0.08000000000000007,4.2,1,-0.018618272112519207,0.015490011185154362
2024-08-05,38.56999969482422,0.19190771401246792,0.1303830337120951,1.3234939041253995,-0.06825388310108482,0.1048515179531734,-0.11000000000000032,4.2,0,-0.02912381396768482,0.0010236904788525347
2024-08-06,27.709999084472656,0.19660845185624765,0.13121501864630367,0.5664216081352891,-0.06057720284228674,0.05552760865980083,-0.0900000000000003,4.2,0,0.009219404666640063,-0.00889764120154335
2024-08-07,27.850000381469727,0.19085778384743532,0.13193504726328398,0.7023226981940347,-0.07599967181558698,0.07065560134808606,-0.040000000000000036,4.2,0,-0.006683996940059611,-0.0036115115912256357
2024-08-08,23.790000915527344,0.21242259483319922,0.14017228079894883,0.27972031846463263,-0.046416554631212525,0.029987623882422595,-0.04999999999999982,4.2,0,0.023117557607053252,-0.0030031282163561768
2024-08-09,20.3700008392334,0.21150873989490335,0.14014997564765352,-0.12911494780763355,-0.048215242979776196,0.031633693894243496,-0.10999999999999988,4.2,0,0.004409517803309226,0.004051196463006557
2024-08-12,20.709999084472656,0.21093932025440748,0.13790782133438043,-0.46305420668043795,-0.050326729926197245,-0.001624374529097201,-0.10999999999999988,4.2,0,0.0005254581184506169,0.0027931893969932453
2024-08-13,18.1200008392334,0.21963283861032942,0.14177314583224546,-0.34608439415694636,-0.04039923949128932,0.019735691373673838,-0.08000000000000007,4.2,0,0.016445657378125755,0.004436037664362846
2024-08-14,16.190000534057617,0.21555616856856286,0.14186485136557747,-0.41867144300544445,-0.023682849219640922,0.02183818823798606,-0.10999999999999988,4.2,0,0.0031548363560858217,0.0013351131493535284
2024-08-15,15.229999542236328,0.22338262375799448,0.14588756023658273,-0.3598150922181782,0.0007419796287124747,-0.025078510245073075,-0.16000000000000014,4.2,0,0.01714012875583215,-0.0062569424397912465
2024-08-16,14.800000190734863,0.22203224770563892,0.14587805110126237,-0.2734413558673253,0.009690577401396894,-0.02559382722386806,-0.16999999999999948,4.2,0,0.0022420918317906935,0.0019611490253690356
2024-08-19,14.649999618530273,0.22161241148293748,0.1467630642889553,-0.2926122517545582,0.008942368419781133,-0.027043419339000462,-0.19999999999999973,4.2,0,0.009561369839788947,0.0013394377820528103
2024-08-20,15.880000114440918,0.22161973870653284,0.1458480007092947,-0.12362034332484328,0.00888439650012307,-0.045490427851267425,-0.17000000000000037,4.2,0,-0.001626113860710765,0.0040120997731543095
2024-08-21,16.270000457763672,0.20405333799418413,0.14547960908841015,0.004941316928172235,0.0358257535788562,-0.045231850961709744,-0.1299999999999999,4.2,0,0.003436329522216619,0.0020494365177017304
2024-08-22,17.549999237060547,0.20547223155565808,0.14661765504252947,0.1523309103450936,0.0330788512493998,-0.026120925447580844,-0.13000000000000034,4.2,0,-0.007848356628400333,-0.004601551035736562
2024-08-23,15.859999656677246,0.20513027608564477,0.14700624206930513,0.071621584613625,0.03249224955095231,-0.03215865737363876,-0.08999999999999986,4.2,0,0.010625533525902231,0.004622823192586445
2024-08-26,16.149999618530273,0.20561073384802972,0.14629514963734958,0.1023890811643915,0.029425828945974564,-0.016740634223958127,-0.0900000000000003,4.2,0,-0.002384001381798395,-0.0012271469508473576
2024-08-27,15.430000305175781,0.20413554539327136,0.14538138386668314,-0.02833751927091721,0.03608851900888976,-0.028618522907914626,0.0,4.2,0,0.0013730986678519574,-0.0004096350092820389
2024-08-28,17.110000610351562,0.19843291370396224,0.14607652232093296,0.051628772523301336,0.013598148007978317,-0.02407809585300182,0.009999999999999787,4.2,0,-0.005805250282960306,-0.0005118988089921617
2024-08-29,15.649999618530273,0.19051997860486636,0.14608915007566575,-0.1082620912323472,0.028249845466516765,-0.023418500814806006,0.0,4.2,0,8.952221702562824e-05,-0.001741948707394858
2024-08-30,15.0,0.17689050906607687,0.1454228804315667,-0.05422444358724665,0.057759152482810716,-0.05140448126014208,0.0,4.2,0,0.009545986638498372,-0.003490729791024716
2024-09-03,20.719999313354492,0.15798183112447675,0.15198022105099507,0.28297212401049654,0.0670686394554505,-0.09790362240802145,-0.040000000000000036,4.2,0,-0.020578996194471677,0.006592153075916984
2024-09-04,21.31999969482422,0.15744179489851984,0.15203294002259063,0.38172386734643937,0.055156685288922924,-0.11644222113800443,0.010000000000000231,4.2,0,-0.0020467640200287907,0.005850992619321316
2024-09-05,19.899999618530273,0.15476889558315177,0.1520709069801918,0.16306247274420071,0.05967323641480915,-0.11511327817302215,-0.020000000000000018,4.2,0,-0.00243215209603731,0.002347149789437397
2024-09-06,22.3799991607666,0.15062198812029667,0.15611206384293025,0.4300319301137694,0.018298201172285644,-0.11884572208193571,0.06000000000000005,4.2,0,-0.016830157923119815,0.0014253111870132784
2024-09-09,19.450000762939453,0.15456428917160533,0.1568832482178225,0.29666671752929696,0.02517861074439076,-0.13230030129993905,0.020000000000000018,4.2,0,0.011196084697615571,0.0014234477954444547
2024-09-10,19.079999923706055,0.15491089961070217,0.1570686266950442,-0.0791505523164483,0.02910343552570982,-0.13198071838365072,0.06000000000000005,4.2,0,0.004355900025068804,0.00426386093040354
2024-09-11,17.690000534057617,0.14840402293771857,0.1583903145292297,-0.17026262723858498,0.02283968154088467,-0.1374579993573121,0.029999999999999805,4.2,0,0.010258946385845125,-0.0007076125772672581
2024-09-12,17.06999969482422,0.15050141679961895,0.1584870746280746,-0.14221105416860635,0.02821151201514427,-0.13021266920711302,0.040000000000000036,4.2,0,0.008423284400866926,-0.0016184515312074321
2024-09-13,16.559999465942383,0.13955406608218707,0.1587322689213691,-0.2600536154186729,0.016164289960683975,-0.1316467108534341,0.0900000000000003,4.2,0,0.005222626521677709,0.0019253972778650041
2024-09-16,17.139999389648438,0.13947843679137664,0.15860091235357876,-0.11876613278558601,0.01538847077219252,-0.13640148202044672,0.06999999999999984,4.2,0,0.0014769019367719682,0.002629184914052063
2024-09-17,17.610000610351562,0.13558310161063444,0.15855098060659423,-0.07704398947759339,0.00618284081267384,-0.13634793896440822,0.06000000000000005,4.2,0,0.00040856905497976825,-0.0018156777280226022
2024-09-18,18.229999542236328,0.1359241091867572,0.15852245062970555,0.03052566375784327,0.004832746222597439,-0.12701558975949492,0.0900000000000003,4.2,0,-0.002965730407402778,-0.00434495889434372
2024-09-19,16.329999923706055,0.14818189873104032,0.1619511016455847,-0.04335089539237302,0.018479648942139937,-0.134941851862195,0.14000000000000012,4.2,0,0.01706426713245346,-0.0008119361960826632
2024-09-20,16.149999618530273,0.14491472069196476,0.1620333914940592,-0.024758445690491904,0.024761764123597985,-0.1355402954741505,0.18000000000000016,4.2,0,-0.0017286360158116354,-0.0003048988848327605
2024-09-23,15.890000343322754,0.14076302231148377,0.1620636985758475,-0.07292876842694695,0.016521493207026117,-0.13695045390725402,0.18000000000000016,4.2,0,0.002498934268385433,-0.0006097360606575064
2024-09-24,15.390000343322754,0.1403920618410942,0.16181410815894823,-0.1260647467396362,0.02186622956284978,-0.15220274314478183,0.25,4.2,0,0.002861332369231473,0.001118435069920265
2024-09-25,15.40999984741211,0.14088016718969018,0.1619210212147536,-0.154690058455058,0.01821422107093551,-0.14501280416723572,0.26000000000000023,4.2,0,-0.0022056702102172254,-0.004061907825836264
2024-09-26,15.369999885559082,0.13893057774379722,0.16159034405304187,-0.05878751026528495,0.028220371997182525,-0.15495842990069525,0.18999999999999995,4.2,0,0.003964857529213051,-0.0007140768510088824
2024-09-27,16.959999084472656,0.13923470715778696,0.1614714406958685,0.05015476687770337,0.02663706075536587,-0.16917182680979176,0.20000000000000018,4.2,0,-0.0014504715688140601,0.003979731198162195
2024-09-30,16.729999542236328,0.13626798095240558,0.16127565940007652,0.05286338456666906,0.021004645771657948,-0.18583572307136445,0.1499999999999999,4.2,0,0.004007338016461137,-0.0027442770368646396
2024-10-01,19.260000228881836,0.1166001634619518,0.162472385491951,0.25146197525837977,0.033118475036635564,-0.19508327409573092,0.13000000000000034,4.1,0,-0.0089585409225309,0.0036389598603845386
2024-10-02,18.899999618530273,0.11588745786619774,0.16246944384934087,0.22647630147149278,0.03567431648743935,-0.19355999475974614,0.16000000000000014,4.1,0,0.0004220818172222529,-0.0028515979981217354
2024-10-03,20.489999771118164,0.1156157988840338,0.16134304921169174,0.33311645567216885,0.03630147672789508,-0.18643498452906904,0.1499999999999999,4.1,0,-0.0018280675094037857,-0.005106807938027869
2024-10-04,19.209999084472656,0.09495173451156719,0.16124495744343967,0.13266510150109245,0.06361962721082559,-0.1944062925671444,0.04999999999999982,4.1,0,0.00908737891272482,-0.009649867095571807
2024-10-07,22.639999389648438,0.09916026421971809,0.1619862588241244,0.353257621585213,0.042333960394978165,-0.18078735947060678,0.040000000000000036,4.1,0,-0.009040457007435831,-0.0036280082539560388
2024-10-08,21.420000076293945,0.10230751439960985,0.16299381876253044,0.11214952345499074,0.04762851078858099,-0.17581664324790172,0.06000000000000005,4.1,0,0.009457540312966639,0.0008320593802619847
2024-10-09,20.860000610351562,0.09953655894616462,0.16314976564847825,0.10370375827413403,0.044172869261548176,-0.19529009593735697,0.0699999999999994,4.1,0,0.006926569754018397,-0.00374229136239268
2024-10-10,20.93000030517578,0.09760830714390939,0.16041242169566036,0.02147391600647186,0.03363864605408229,-0.19494191910012898,0.10999999999999988,4.1,0,-0.0017502762021751606,-0.00010406826607722852
2024-10-11,20.459999084472656,0.09801447114947248,0.1598184412146281,0.0650702789991473,0.03442582013576545,-0.20758594129095012,0.1299999999999999,4.1,0,0.005988160203046933,0.00031299822794972343
2024-10-14,19.700000762939453,0.10065272810471684,0.15971998303667767,-0.12985860008694272,0.04134796342720115,-0.2259290666161351,0.1299999999999999,4.1,0,0.008178558530532953,-0.0017735242571681464
2024-10-15,20.639999389648438,0.10643840971424412,0.15958466456668738,-0.03641459775290823,0.032834983045775035,-0.23558077484462467,0.08000000000000007,4.1,0,-0.007769733319326511,0.00512080087639033
2024-10-16,19.579999923706055,0.10540336746699316,0.15966377162807893,-0.06136148845606071,0.0404096614110252,-0.23348520982604734,0.08999999999999941,4.1,0,0.00434639014938254,0.0015597174228396682
2024-10-17,19.110000610351562,0.08921363541826972,0.15192012016202408,-0.0869565058904539,0.023041567704128463,-0.2668761892938287,0.1299999999999999,4.1,0,8.589010206727643e-05,-0.005190569131539369
2024-10-18,18.030000686645508,0.08901854972760521,0.1513908905129837,-0.11876825545272407,0.028755018833300783,-0.262256530071675,0.1299999999999999,4.1,0,0.0038464792403316572,0.0011478292659767853
2024-10-21,18.3700008392334,0.08957306283022091,0.15014764224848717,-0.06751268386791698,0.024505420619457263,-0.2672599832334828,0.17000000000000082,4.1,0,-0.0016422048779181075,-0.007713206834590536
2024-10-22,18.200000762939453,0.08956124594639381,0.1501863656318418,-0.11821699122397822,0.021039670852495584,-0.26606699005113504,0.16999999999999993,4.1,0,-0.0005311986598890428,-0.0009455491359586787
2024-10-23,19.239999771118164,0.09605442221733057,0.15114463205654619,-0.017364665674806434,0.013946646301422616,-0.24840278301190952,0.16999999999999993,4.1,0,-0.009137212519646942,-0.002312782122958379
2024-10-24,19.079999923706055,0.09545567164602495,0.14786017201622664,-0.0015698945937896447,0.012126598018322055,-0.30765128783721746,0.13999999999999968,4.1,0,0.002162726695303041,0.0022128625925552647
2024-10-25,20.329999923706055,0.0952180669699061,0.14450929278829508,0.12756512198938053,0.013246611320610224,-0.2858368622771283,0.13999999999999968,4.1,0,-0.00034548257136424176,-0.0022079766436352566
2024-10-28,19.799999237060547,0.09484775096234652,0.13854208764518272,0.07784422060411966,0.012322270981244499,-0.17419010645975158,0.16000000000000014,4.1,0,0.003091426259955732,-0.002318826571462429
2024-10-29,19.34000015258789,0.08783841252042246,0.12294107771697932,0.06263732647582132,0.02312621568413631,-0.16921273778760057,0.16999999999999993,4.1,0,0.0016182856761448594,0.0004226158534863522
2024-10-30,20.350000381469727,0.08906530775173484,0.12244587172197909,0.05769234010167823,0.019600885397161205,-0.13487196433169293,0.13999999999999968,4.1,0,-0.0030250180720428066,-0.0014781028953980702
2024-10-31,23.15999984741211,0.11506761045881968,0.12897283656702524,0.21383647484384083,0.0014440806098532377,-0.14311573696632188,0.1200000000000001,4.1,0,-0.019603270710941034,-0.0005288711560885728
2024-11-01,21.8799991607666,0.11125816877008975,0.1210918574346941,0.0762419696447294,-0.0033858747887759444,-0.12161555271927481,0.16000000000000014,4.2,0,0.004220559958140857,-0.005921639533212231
2024-11-04,21.979999542236328,0.10654187355254666,0.12111980277787819,0.11010102975637381,0.003539752514947647,-0.1415456202723913,0.13999999999999968,4.2,0,-0.0021541242792295634,0.005338035329819357
2024-11-05,20.489999771118164,0.1099351222258022,0.12314986186241698,0.05946223420150232,0.006158914052261766,-0.13291342149793975,0.0699999999999994,4.2,0,0.012092146821093053,0.0005308491184250475
2024-11-06,16.270000457763672,0.13885037276054782,0.12863417837743382,-0.20049139298401264,0.02408403306524609,-0.2965376329473778,0.15000000000000036,4.2,0,0.02486536485695523,-0.010295186341141127
2024-11-07,15.199999809265137,0.14022661889609717,0.12922229582097583,-0.3436960315453724,0.03381176931375496,-0.2553023754155139,0.09999999999999964,4.2,0,0.0077320609007542895,0.0080428578221996
2024-11-08,14.9399995803833,0.13967713850978897,0.12524960921833017,-0.31718463649795436,0.03210953855006626,-0.21068521426701708,0.040000000000000036,4.2,0,0.004331742618111534,0.0021277528156506964
2024-11-11,14.970000267028809,0.137514069355637,0.1252399966635099,-0.3189262703002903,0.02471250264222391,-0.2112015432515471,0.040000000000000036,4.2,0,0.0009530337965559799,-0.0027598111948218262
2024-11-12,14.710000038146973,0.13441551242761307,0.12438823043275385,-0.28208881393539276,0.029528448816648067,-0.20270418706579724,0.08999999999999986,4.2,0,-0.0031064472321096215,-0.0062807142023108
2024-11-13,14.020000457763672,0.13402542249082972,0.1242616387318213,-0.1382913298521975,0.025571030474234924,-0.1980177399953267,0.17000000000000082,4.2,0,0.0004857694632012244,-0.0006428915062177687
2024-11-14,14.3100004196167,0.13677393433281418,0.1251425798957843,-0.05855259215897746,0.018889078672523985,-0.20321427623362948,0.08999999999999986,4.2,0,-0.006430017150249601,-0.00010710207078434841
2024-11-15,16.139999389648438,0.1446790891926782,0.1270438087794975,0.08032127462980498,0.0019842069033608745,-0.23044119045522093,0.1200000000000001,4.2,0,-0.01280881362981412,0.0004288871283897322
2024-11-18,15.579999923706055,0.14517579517165485,0.12561561300793433,0.040748139331751476,0.007744642265380186,-0.2602306852218636,0.1299999999999999,4.2,0,0.004097382140865635,0.002250237721282522
2024-11-19,16.350000381469727,0.14557000326210554,0.1255640796329637,0.11148880619101242,0.01196599075563931,-0.25612633814505886,0.1200000000000001,4.2,0,0.0036554831031749835,0.0021382719239368964
2024-11-20,17.15999984741211,0.140945792285297,0.12556662678067113,0.22396571234843576,0.021643820626543686,-0.2556809622256157,0.10000000000000053,4.2,0,0.00033879909560963206,-0.0014935104553487344
2024-11-21,16.8700008392334,0.1417209211377198,0.1250977537635662,0.17889590108658227,0.024911642376520993,-0.25646022487514175,0.08999999999999986,4.2,0,0.00536823637410988,-0.0005344841528858169
2024-11-22,15.239999771118164,0.14172802120451716,0.12514537483618327,-0.05576206025803809,0.028443653788585266,-0.2557698444244535,0.040000000000000036,4.2,0,0.003099488700005315,0.000641585813613732
2024-11-25,14.600000381469727,0.14177847642675315,0.12401361222119,-0.06290112625387057,0.02875198073930907,-0.21251322642515638,0.05999999999999961,4.2,0,0.0033921526241242894,0.010790629360611925
2024-11-26,14.100000381469727,0.1424086377601471,0.11579037784215614,-0.1376146756883283,0.03245278602071289,-0.1456380886388644,0.08999999999999986,4.2,0,0.0052214809175450405,-0.002113948310928704
2024-11-27,14.100000381469727,0.14241087258113136,0.11593588765388843,-0.17832164878508783,0.03244745776509994,-0.1458786031751543,0.05999999999999961,4.2,0,-0.003030163234722827,0.004024933455346158
2024-11-29,13.510000228881836,0.11888445995688467,0.1160475336315082,-0.1991701507528939,0.059633368831532474,-0.12461978684394787,0.04999999999999982,4.2,0,0.006212065548366841,0.00421986842074995
2024-12-02,13.34000015258789,0.11884642009161481,0.10949847068163494,-0.1246718928520607,0.05707129184135362,-0.11006623528691856,0.020000000000000462,4.2,0,0.0017924650477565418,-8.417509131763978e-05
2024-12-03,13.300000190734863,0.11775575633711927,0.10781189238855225,-0.08904110662797105,0.05984458000828008,-0.1211845846172443,0.0600000000000005,4.2,0,0.00046378255535328705,-0.0028454764002648902
2024-12-04,13.449999809265137,0.1134624790827842,0.10807041953362569,-0.04609933011482914,0.05368448734038056,-0.11672446546676721,0.0600000000000005,4.2,0,0.006209603728951407,0.003804794988032878
2024-12-05,13.539999961853027,0.07811029648675137,0.10682480254192919,-0.03971634074227781,0.0264279310345914,-0.1178719986563908,0.019999999999999574,4.2,0,-0.00164570260080521,-0.00010538235056734013
2024-12-06,12.770000457763672,0.07441232572728826,0.10587088022450263,-0.05477422343311167,0.02048333139140146,-0.1119409362971646,0.05000000000000071,4.2,0,0.0018957391595642026,0.003158836079766969
2024-12-09,14.1899995803833,0.07640794545059096,0.10643158707686438,0.06371809730680655,0.010849483807980675,-0.10435084012243913,0.07000000000000028,4.2,0,-0.005149626292031972,-0.0034638204415528007
2024-12-10,14.180000305175781,0.07747740312411705,0.10681215781308423,0.06616542118953883,0.006747064761196464,-0.10140552087542977,0.0699999999999994,4.2,0,-0.003109221619863267,-0.001790728297077826
2024-12-11,13.579999923706055,0.0805580091566021,0.10762638064219435,0.009665436154977947,0.01769129293366234,-0.11101821567876907,0.10999999999999943,4.2,0,0.0077306645778363325,-0.002954356090570376
2024-12-12,13.920000076293945,0.08336981641066964,0.1080922659699042,0.028065001145606505,0.011956069976347461,-0.10770409049530928,0.14000000000000057,4.2,0,-0.005152491366319456,-0.0038100296123532162
2024-12-13,13.8100004196167,0.07922438987252114,0.10301104983222178,0.0814408711489707,0.018302777745492493,-0.10632850217496433,0.15000000000000036,4.2,0,-0.00019862181953211877,-0.004674332294459793
2024-12-16,14.6899995803833,0.06109388166453428,0.10306219372200406,0.03523608278968626,0.03591981774233299,-0.10341619967652313,0.13999999999999968,4.2,0,0.004269983555946322,0.0003201562740788866
2024-12-17,15.869999885559082,0.06384872293968799,0.10357400920558425,0.1191819142462529,0.027441845283222577,-0.1051962883233724,0.15000000000000036,4.2,0,-0.004120155361802658,0.0
2024-12-18,27.6200008392334,0.1270705129504219,0.12120573935632611,1.0338734163774395,-0.006809977596528238,0.030380014226213736,0.15000000000000036,4.2,0,-0.029803373957551726,-0.007729234994932388
2024-12-19,24.09000015258789,0.12704740474510562,0.12108977243034086,0.7306034497523941,-0.007451160906630339,0.027083279773891206,0.25,4.2,0,-0.000306999319557244,-0.004531242017506765
2024-12-20,18.360000610351562,0.13305414324873033,0.12318015094050921,0.3294714013383897,-0.0008931031693232283,0.05406608816933786,0.21999999999999975,4.2,0,0.01201099558323726,0.0036848120886747715
2024-12-23,16.780000686645508,0.134338651706763,0.12358721847211877,0.14227373491917228,0.0019840243111575173,0.04923613398635525,0.29000000000000004,4.2,0,0.005988113644693316,-0.004427085725636326
2024-12-24,14.270000457763672,0.13952050540769184,0.12523485746716134,-0.10081912031085338,0.009696204179472145,0.05962278522597242,0.2999999999999998,4.2,0,0.011115170727943768,0.000542408161662955
2024-12-26,14.729999542236328,0.13841194155823744,0.1235647650690475,-0.4666908365436109,0.004518299724156405,0.08472900339570189,0.28000000000000025,4.2,0,6.652365111459169e-05,0.0007586639510208659
2024-12-27,15.949999809265137,0.14324999787295456,0.12580750104858548,-0.337899555490385,-0.003034808005933698,0.09353826068413214,0.3100000000000005,4.2,0,-0.010526513060112985,-0.0025995839205189553
2024-12-30,17.399999618530273,0.14655107534310574,0.12818507091484263,-0.052287633981887294,-0.020496627476600193,0.0422409099096758,0.3099999999999996,4.2,0,-0.011411712672685148,0.005864439328535198
